Time,ClimateRegionName,ClimateRegionIndex,NumSites,NEEC,SOMTC,AGB,AG_NPPC,BG_NPPC,Litterfall,AgeMortality,MineralN,TotalN,GrossMineralization,C_LiveLeaf,C_LiveFRoot,C_LiveWood,C_LiveCRoot,C_DeadWood,C_DeadCRoot,C_DeadLeaf_Struc,C_DeadLeaf_Meta,C_DeadFRoot_Struc,C_DeadFRoot_Meta,C_SOM1surf,C_SOM1soil,C_SOM2,C_SOM3,N_Leaf,N_FRoot,N_Wood,N_CRoot,N_DeadWood,N_DeadCRoot,N_DeadLeaf_Struc,N_DeadLeaf_Meta,N_DeadFRoot_Struc,N_DeadFRoot_Meta,N_SOM1surf,N_SOM1soil,N_SOM2,N_SOM3,SurfStrucNetMin,SurfMetaNetMin,SoilStrucNetMin,SoilMetaNetMin,SOM1surfNetMin,SOM1soilNetMin,SOM2NetMin,SOM3NetMin,TotalNdep,LeachedC,LeachedN,FireCEfflux,FireNEfflux,Nuptake,Nresorbed,TotalSoilN,Nvol,FrassC,
0, eco1, 1, 140433, 0, 23459.1, 13406.5, 0, 0, 0, 0, 2, 1091.7, 0, 0, 0, 6301.1, 1328.7, 202.6, 111.2, 34.4, 6.1, 0, 0, 640.4, 715.6, 12765.6, 9337.4, 0, 0, 16.6, 22.3, 1, 0.6, 0.2, 0.6, 0, 0, 18.8, 69.9, 464.6, 495.2, 0, 0, 0, 0, 0, 0, 0, 0, 0, 0, 0, 0, 0, 0, 0, 1051.2, 0, 0, 
1, eco1, 1, 140433, 115.8, 23311.3, 13478.3, 219, 66.9, 56.3, 117.6, 3.56, 1089.9, 18.3, 61.8, 20.3, 6275.9, 1323.9, 136, 125.6, 15.5, 28.3, 8.1, 13.7, 621.5, 672.7, 12680.2, 9336.8, 1.9, 0.7, 16.6, 22.2, 0.5, 0.9, 0.1, 1.2, 0, 0.8, 15.9, 68, 462.3, 495.2, 0.1, 0, 0, 0, 3.3, 9.5, -4.7, 0, 0.7, 0.31, 0.11, 0, 0, 5.3, 1.2, 1047.1, 2.39, 0, 
2, eco1, 1, 140433, -89, 23167.3, 13662.7, 375.7, 111.6, 131.7, 148.6, 2.97, 1088.3, 18.5, 131.5, 37.8, 6293.3, 1328.4, 141.4, 129.3, 36.8, 72.4, 23.8, 40.7, 558.1, 648.9, 12623.9, 9336.4, 3.7, 1.2, 16.6, 22.3, 0.4, 1.2, 0.2, 2.5, 0.1, 2.3, 13.3, 66.6, 459.5, 495.3, 0.1, -0.1, 0, 0.1, 3.4, 9.6, -4.6, 0, 0.7, 0.56, 0.21, 0, 0, 7.9, 2.7, 1043, 2.05, 0, 
3, eco1, 1, 140433, -70.1, 23088.8, 13701.9, 330.3, 100.4, 160.4, 142.7, 2.79, 1087, 16.1, 147.4, 37.9, 6295.6, 1329.4, 159, 128.4, 54.5, 115.2, 40.1, 68.2, 523.6, 638.9, 12590.3, 9336.1, 3.8, 1.1, 16.6, 22.3, 0.5, 1.3, 0.3, 3.9, 0.2, 3.8, 12.1, 66, 456.9, 495.4, 0.2, -0.3, 0, 0.2, 2.6, 8.2, -3.7, 0, 0.7, 0.95, 0.34, 0, 0, 6.2, 3.2, 1041.4, 1.8, 0, 
4, eco1, 1, 140433, -49.6, 23063.3, 13659, 275.5, 87.5, 154.7, 132.3, 2.65, 1086.3, 12.9, 140.5, 34.5, 6282.4, 1326.9, 172.6, 129.6, 64, 146.4, 54.4, 92.2, 509.3, 635.5, 12582.6, 9335.8, 3.5, 1, 16.5, 22.2, 0.5, 1.5, 0.4, 4.9, 0.3, 5.2, 11.7, 65.7, 455, 495.4, 0.2, -0.3, 0, 0.3, 2.2, 6.2, -2.8, 0, 0.7, 0.56, 0.19, 0, 0, 4.7, 3, 1041.2, 1.66, 0, 
5, eco1, 1, 140433, -197.8, 23038.7, 13837.5, 505.1, 158.1, 218.9, 186.9, 2.82, 1088.5, 19.9, 190.2, 49.7, 6316.6, 1334.4, 196.7, 124.8, 73.7, 184, 69.6, 117.2, 512.8, 635.2, 12555.4, 9335.4, 5, 1.5, 16.6, 22.3, 0.5, 1.6, 0.4, 6.1, 0.3, 6.6, 11.8, 65.7, 451.8, 495.5, 0.2, -0.5, 0, 0.6, 2.7, 9.9, -4.5, 0, 0.7, 0.54, 0.19, 0, 0, 6.5, 4.5, 1041, 1.74, 0, 
6, eco1, 1, 140433, -131, 23059.3, 13861.3, 411.6, 130.9, 221.4, 169.3, 2.55, 1089.3, 16.2, 188.3, 47, 6329.6, 1337.4, 203.7, 125.7, 81.5, 215.3, 86, 144.3, 527.1, 637.5, 12559.7, 9335, 4.7, 1.3, 16.7, 22.4, 0.6, 1.7, 0.5, 7.1, 0.4, 8.2, 12.3, 65.8, 449.6, 495.6, 0.2, -0.6, 0, 0.6, 2.6, 7.4, -3.5, 0, 0.7, 0.74, 0.33, 0, 0, 5.4, 4.5, 1042, 1.65, 0, 
7, eco1, 1, 140433, -89.2, 23073.7, 13873.1, 409.5, 131.7, 222.7, 171.5, 2.94, 1090.1, 18.6, 183.6, 44.9, 6339.8, 1339.8, 212.9, 121.2, 87.3, 240.1, 95.7, 159.8, 546.6, 642.4, 12550, 9334.7, 4.5, 1.3, 16.7, 22.4, 0.6, 1.7, 0.5, 7.9, 0.5, 9.1, 13.1, 66.2, 447.1, 495.6, 0.2, -0.6, 0, 0.8, 2.6, 8.7, -4.1, 0, 0.7, 0.52, 0.18, 0, 0, 5.4, 4.5, 1042.9, 1.83, 0, 
8, eco1, 1, 140433, -47, 23087.9, 13929.4, 396.5, 125.2, 194.7, 166.4, 3.09, 1090.7, 19.2, 201.5, 52, 6348.5, 1341.9, 210.2, 115.8, 77.4, 242.2, 97.7, 162.9, 562.3, 646.8, 12544.5, 9334.2, 5.2, 1.5, 16.7, 22.5, 0.6, 1.6, 0.4, 7.9, 0.5, 9.2, 13.9, 66.8, 445.1, 495.7, 0.2, -0.7, 0.1, 0.7, 2.9, 8.6, -4.3, 0, 0.7, 0.37, 0.14, 0, 0, 5.9, 3.8, 1042.6, 1.96, 0, 
9, eco1, 1, 140433, -128.3, 23107.4, 13951.8, 463.8, 146.4, 255.8, 188.8, 3.18, 1091.3, 19.8, 191.8, 44.2, 6368.6, 1346.5, 224.6, 114.4, 96.5, 272.8, 109.2, 182, 582.7, 651.3, 12539.6, 9333.8, 4.5, 1.2, 16.8, 22.5, 0.6, 1.7, 0.5, 8.9, 0.5, 10.3, 14.7, 67.2, 442.8, 495.8, 0.3, -0.7, 0.1, 0.8, 3, 9, -4.3, 0, 0.7, 0.98, 0.36, 0, 0, 5.8, 5.2, 1044, 1.86, 0, 
10, eco1, 1, 140433, -139.2, 23185.6, 13871.6, 465.7, 147.2, 234.3, 185, 2.86, 1092.4, 17.7, 206.7, 49.1, 6315.9, 1336.5, 263.3, 121.5, 95.5, 285.2, 119.3, 198.8, 623, 656.3, 12572.8, 9333.5, 5, 1.3, 16.6, 22.3, 0.7, 1.8, 0.5, 9.3, 0.6, 11.2, 15.6, 67.5, 441.2, 495.8, 0.3, -0.8, 0.1, 0.9, 3.1, 7.5, -3.5, 0, 0.7, 0.46, 0.16, 0, 0, 6.3, 4.6, 1044.6, 1.66, 0, 
11, eco1, 1, 140433, -149.7, 23246.4, 13994.4, 507.1, 163.4, 242.9, 198.5, 3.4, 1095.5, 20, 236, 62.7, 6344.4, 1342.6, 251.7, 121.1, 92.2, 293.1, 123.6, 206.2, 650.5, 663.8, 12598.9, 9333.3, 6.2, 1.9, 16.7, 22.4, 0.7, 1.9, 0.5, 9.5, 0.6, 11.6, 16.5, 68, 439.6, 495.9, 0.3, -0.8, 0.1, 1, 3.5, 8.4, -4.1, 0, 0.7, 0.35, 0.06, 0, 0, 5.9, 4.8, 1045.8, 1.87, 0, 
12, eco1, 1, 140433, -196.9, 23322, 14073, 543.6, 172.2, 286.6, 212, 3.06, 1097.3, 19.4, 241, 60.4, 6376.4, 1349.8, 250.4, 126.1, 101.2, 314.4, 137.5, 229.6, 675.8, 670.9, 12642.2, 9333.1, 6.1, 1.7, 16.8, 22.5, 0.7, 2, 0.6, 10.2, 0.7, 12.9, 17.5, 68.5, 438.1, 496, 0.3, -0.9, 0.1, 1, 3.7, 7.8, -3.8, 0, 0.7, 1.2, 0.24, 0, 0, 6.7, 5.8, 1047.6, 1.68, 0, 
13, eco1, 1, 140433, -124.9, 23385.3, 14107.4, 534.5, 172.1, 295.6, 214.9, 3.42, 1098.7, 22.7, 232, 55.6, 6401.5, 1355.3, 251.4, 122.2, 107.5, 333.3, 142.9, 239.1, 700.8, 680.5, 12671.3, 9332.7, 5.7, 1.5, 16.8, 22.6, 0.7, 1.9, 0.6, 10.8, 0.7, 13.5, 18.5, 69.3, 436.6, 496.1, 0.3, -0.9, 0.1, 1.3, 3.9, 9.4, -4.8, 0, 0.7, 0.44, 0.19, 0, 0, 6.6, 6, 1049.5, 2.02, 0, 
14, eco1, 1, 140433, -68.7, 23437.8, 14138.1, 465.1, 147.7, 246.2, 196.3, 3.72, 1099.7, 21.1, 236.7, 57.5, 6411.2, 1357.7, 253.1, 118.6, 101.8, 334, 141.1, 237.1, 718.3, 688.3, 12698.9, 9332.3, 5.8, 1.6, 16.8, 22.6, 0.7, 1.9, 0.6, 10.8, 0.7, 13.3, 19.3, 70.1, 435.5, 496.2, 0.3, -0.9, 0.1, 1, 3.8, 8.5, -4.5, 0, 0.7, 0.73, 0.21, 0, 0, 6.1, 4.8, 1050.3, 2.01, 0, 
15, eco1, 1, 140433, -88.3, 23494.7, 14123.9, 466.6, 150.4, 263.9, 201.2, 3.51, 1100.1, 20.5, 223.4, 53, 6417.9, 1359.4, 258.4, 119.5, 107.2, 343.3, 145.7, 245, 734.8, 693.8, 12734.1, 9332, 5.4, 1.4, 16.8, 22.6, 0.7, 1.9, 0.6, 11.1, 0.7, 13.8, 20, 70.6, 434.6, 496.2, 0.3, -0.9, 0.1, 1.1, 3.9, 8.3, -4.3, 0, 0.7, 0.33, 0.14, 0, 0, 6.6, 5.2, 1051.1, 2.06, 0, 
16, eco1, 1, 140433, -67.9, 23545.4, 14162.1, 473.9, 150.8, 246.1, 201.4, 3.85, 1101.2, 21.7, 233.1, 56.7, 6426.2, 1361.5, 259.8, 116.7, 101.4, 341.1, 143.2, 242.1, 748.6, 699.8, 12765.3, 9331.7, 5.7, 1.6, 16.9, 22.6, 0.7, 1.9, 0.6, 11, 0.7, 13.6, 20.6, 71.3, 433.7, 496.3, 0.3, -0.9, 0.1, 1, 4.1, 8.7, -4.6, 0, 0.7, 0.66, 0.21, 0, 0, 6.3, 4.8, 1051.7, 2.07, 0, 
17, eco1, 1, 140433, -75.3, 23608, 14159, 449.3, 142.2, 246, 197, 3.29, 1100.9, 19.5, 229.8, 54.6, 6427.9, 1362.3, 255.9, 121.1, 97.9, 337.9, 147.9, 250.8, 757.5, 703.9, 12815.1, 9331.5, 5.6, 1.5, 16.8, 22.6, 0.7, 2, 0.5, 10.9, 0.7, 14, 21.1, 71.7, 433, 496.4, 0.3, -0.9, 0.1, 0.9, 4.3, 7.4, -3.8, 0, 0.7, 1.46, 0.48, 0, 0, 6.8, 4.8, 1051.7, 1.99, 0, 
18, eco1, 1, 140433, 69, 23639.4, 14075.9, 338.5, 107.7, 199.9, 169.8, 3.69, 1099.6, 20.2, 214.1, 51, 6404.7, 1357.8, 244.8, 116.5, 87.6, 320.1, 140.9, 240.4, 753.4, 707.4, 12847.4, 9331.2, 5.2, 1.4, 16.8, 22.5, 0.7, 1.9, 0.5, 10.3, 0.7, 13.4, 21.2, 72.3, 432.6, 496.5, 0.3, -0.9, 0.1, 0.7, 4.2, 7.9, -4.3, 0, 0.7, 0.61, 0.18, 0, 0, 6, 3.6, 1051.2, 2.23, 0, 
19, eco1, 1, 140433, -86.8, 23675, 14133.5, 455.6, 142.9, 223.7, 197, 3.63, 1100.3, 20, 237.1, 59.2, 6408.7, 1359.2, 253.4, 118.5, 88.1, 315.6, 140.3, 240.8, 750.7, 710, 12883.3, 9331, 5.9, 1.7, 16.8, 22.5, 0.7, 2, 0.5, 10.2, 0.7, 13.4, 21.2, 72.6, 432, 496.6, 0.3, -0.8, 0.1, 0.8, 4.3, 8, -4.2, 0, 0.7, 1.14, 0.27, 0, 0, 6.6, 4.2, 1050.7, 2.08, 0, 
20, eco1, 1, 140433, 36.1, 23736.1, 13830.4, 409.1, 131.9, 242.1, 186.8, 3.87, 1098.8, 22.1, 213.5, 50.9, 6289.8, 1335.1, 299, 116.6, 93.5, 319.7, 139.2, 240.1, 774.1, 712.4, 12918.9, 9330.7, 5.1, 1.4, 16.4, 22, 0.8, 1.9, 0.5, 10.3, 0.7, 13.3, 21.4, 72.9, 431.3, 496.6, 0.3, -0.9, 0.1, 0.9, 4.4, 9.1, -4.9, 0, 0.7, 0.61, 0.21, 0, 0, 6.7, 4.7, 1051, 2.35, 0, 
21, eco1, 1, 140433, -16.7, 23776.9, 13822.8, 415.8, 131.6, 224.5, 187.6, 3.83, 1098.4, 20.5, 213.8, 50.6, 6285.8, 1334.7, 275.2, 115.6, 92.9, 318.1, 138.7, 240.2, 778.6, 713.9, 12954, 9330.4, 5.1, 1.4, 16.4, 22, 0.8, 1.9, 0.5, 10.3, 0.7, 13.3, 21.4, 73.2, 430.8, 496.7, 0.3, -0.9, 0.1, 0.8, 4.2, 8.3, -4.5, 0, 0.7, 0.69, 0.22, 0, 0, 6.4, 4.3, 1050.8, 2.35, 0, 
22, eco1, 1, 140433, -30.2, 23811.1, 13825.1, 424.8, 137, 227, 189.5, 3.8, 1098.2, 20.9, 218.1, 53.8, 6282.5, 1334.2, 264.6, 114.7, 91.3, 316.9, 137.9, 239.9, 777.6, 715.8, 12987.5, 9330.2, 5.4, 1.5, 16.4, 22, 0.7, 1.9, 0.5, 10.2, 0.7, 13.3, 21.4, 73.4, 430.1, 496.8, 0.3, -0.8, 0.1, 0.9, 4.3, 8.6, -4.6, 0, 0.7, 0.65, 0.16, 0, 0, 6.9, 4.4, 1050.3, 2.24, 0, 
23, eco1, 1, 140433, -77.7, 23850.2, 13841.6, 478.1, 151.5, 255, 204, 3.61, 1098.1, 21.5, 221.7, 52.7, 6286.8, 1335.5, 264.1, 115.9, 95.4, 323.7, 141.5, 247, 777.1, 718, 13025.1, 9330, 5.3, 1.4, 16.4, 22, 0.7, 2, 0.5, 10.4, 0.7, 13.7, 21.5, 73.6, 429.4, 496.9, 0.3, -0.9, 0.1, 1, 4.5, 8.8, -4.7, 0, 0.7, 1.09, 0.4, 0, 0, 6.9, 5, 1050.3, 2.17, 0, 
24, eco1, 1, 140433, -45, 23894, 13805.9, 410.3, 129.6, 231.1, 189.7, 3.33, 1097.5, 19, 214, 49, 6277.7, 1334, 263, 119.5, 96.2, 325.6, 145, 254, 775.6, 720.6, 13068, 9329.8, 5, 1.3, 16.4, 21.9, 0.7, 2, 0.5, 10.5, 0.7, 14, 21.5, 73.8, 428.8, 497, 0.3, -0.8, 0.1, 0.9, 4.2, 7.5, -4, 0, 0.7, 1.2, 0.46, 0, 0, 6.3, 4.4, 1050.1, 2.01, 0, 
25, eco1, 1, 140433, -38, 23933.3, 13836.4, 429.2, 135.9, 216.1, 192.4, 3.7, 1098.2, 20.3, 232.8, 57.4, 6273.2, 1333.5, 258.3, 119.4, 86.9, 315.2, 142.2, 250.7, 771.3, 724.2, 13108.2, 9329.6, 5.8, 1.6, 16.3, 21.9, 0.7, 2, 0.5, 10.1, 0.7, 13.8, 21.5, 74.1, 428.4, 497.1, 0.3, -0.9, 0.1, 0.8, 4.4, 8, -4.4, 0, 0.7, 0.85, 0.25, 0, 0, 6.2, 4, 1049.9, 2.06, 0, 
26, eco1, 1, 140433, -160, 23987.1, 13922.3, 540.7, 171.3, 273.9, 218.4, 3.46, 1099.9, 20.9, 253.3, 62.8, 6293.1, 1338.2, 262.8, 123.7, 94.3, 325.8, 149.4, 264.4, 770.9, 727.7, 13159, 9329.5, 6.3, 1.8, 16.4, 21.9, 0.7, 2.1, 0.5, 10.5, 0.8, 14.6, 21.5, 74.4, 427.9, 497.2, 0.3, -0.9, 0.1, 1, 4.7, 8.2, -4.5, 0, 0.7, 1.27, 0.26, 0, 0, 7.1, 5.4, 1050.7, 1.9, 0, 
27, eco1, 1, 140433, -14.7, 24024.6, 13854.4, 418.5, 133.2, 249.2, 195.1, 3.85, 1099.5, 21, 232.4, 54.4, 6282.1, 1336.3, 265.7, 120.3, 99.7, 334.1, 148.5, 264.4, 773.3, 732.9, 13189.1, 9329.2, 5.5, 1.5, 16.3, 21.9, 0.7, 2, 0.5, 10.7, 0.7, 14.6, 21.6, 74.9, 427.3, 497.2, 0.3, -0.9, 0.1, 0.9, 4.2, 8.6, -4.8, 0, 0.7, 1.19, 0.28, 0, 0, 6, 4.7, 1051.5, 2.09, 0, 
28, eco1, 1, 140433, 8.4, 24063.5, 13837.6, 399.9, 126.2, 212.5, 189.6, 3.75, 1099.1, 20.5, 239.1, 58.5, 6267.5, 1333.7, 258.9, 119.1, 87, 319.4, 143.6, 257.2, 770.7, 736.1, 13227.7, 9329, 5.9, 1.6, 16.3, 21.8, 0.7, 2, 0.5, 10.2, 0.7, 14.1, 21.7, 75.4, 427.2, 497.3, 0.3, -0.9, 0.1, 0.7, 4.5, 8.1, -4.6, 0, 0.7, 0.86, 0.26, 0, 0, 6.6, 3.9, 1050.8, 2.18, 0, 
29, eco1, 1, 140433, -47.3, 24096, 13798, 442.1, 141.5, 255.4, 199.7, 3.72, 1098.9, 21.1, 224.5, 52.5, 6263.6, 1333.2, 264.3, 118.4, 98.1, 330.6, 145.8, 262, 770.5, 738.4, 13258.3, 9328.7, 5.3, 1.4, 16.2, 21.8, 0.7, 2, 0.5, 10.6, 0.7, 14.4, 21.7, 75.6, 426.7, 497.4, 0.3, -0.9, 0.1, 1, 4.3, 8.8, -4.9, 0, 0.7, 0.38, 0.15, 0, 0, 6.7, 5, 1051.4, 2.17, 0, 
30, eco1, 1, 140433, 13.5, 24168.2, 13548.5, 436.2, 137.4, 232.1, 193.7, 3.69, 1098, 21.8, 227.5, 53.3, 6143.2, 1308.7, 310.6, 119.8, 91.2, 324.6, 143.2, 258.4, 793.9, 741.2, 13304.4, 9328.5, 5.4, 1.4, 15.9, 21.3, 0.9, 2, 0.5, 10.4, 0.7, 14.2, 21.8, 75.9, 426.4, 497.5, 0.3, -0.9, 0.1, 0.9, 4.6, 8.9, -5, 0, 0.7, 1.18, 0.41, 0, 0, 6.7, 4.4, 1051.1, 2.24, 0, 
31, eco1, 1, 140433, -92.2, 24209.6, 13679, 565.6, 178.9, 276.8, 221.4, 3.95, 1099.7, 25.2, 259.6, 63.8, 6172.4, 1315.4, 278.9, 115.4, 92.8, 327.5, 141.8, 257.3, 797, 742.9, 13341.5, 9328.2, 6.4, 1.8, 16, 21.4, 0.8, 2, 0.5, 10.5, 0.7, 14.1, 21.8, 76.2, 426, 497.6, 0.3, -1, 0.1, 1.1, 5.1, 10.5, -6, 0, 0.7, 0.67, 0.23, 0, 0, 7.4, 5.4, 1051.4, 2.31, 0, 
32, eco1, 1, 140433, -6.9, 24278.2, 13346, 407.7, 129.2, 249.3, 188.5, 3.44, 1098.1, 19.5, 224.1, 50.6, 6051.3, 1288.1, 342.4, 122.6, 101.3, 340.2, 147.3, 267.5, 809.7, 745.5, 13394.9, 9328.1, 5.2, 1.3, 15.7, 21, 0.9, 2.1, 0.6, 10.9, 0.7, 14.7, 22, 76.3, 425.7, 497.7, 0.3, -0.9, 0.1, 0.9, 4.3, 7.8, -4.4, 0, 0.7, 1.11, 0.45, 0, 0, 6.5, 4.7, 1051.9, 2.1, 0, 
33, eco1, 1, 140433, 27.4, 24325, 13290.4, 376.3, 119.9, 218, 179.5, 3.56, 1097.4, 19.8, 213.4, 47.7, 6035.8, 1285.3, 311.4, 120.4, 95.4, 334.8, 145.3, 265.2, 812.6, 748.8, 13435.7, 9327.9, 4.9, 1.2, 15.6, 21, 0.8, 2, 0.5, 10.7, 0.7, 14.5, 22, 76.7, 425.3, 497.8, 0.3, -0.9, 0.1, 0.8, 4.2, 8, -4.6, 0, 0.7, 1.34, 0.46, 0, 0, 5.7, 4, 1051.8, 2.13, 0, 
34, eco1, 1, 140433, 35.8, 24349.9, 13314.5, 431.1, 137.7, 227.1, 188.1, 3.93, 1097.2, 23.5, 224.1, 53.2, 6036.6, 1285.9, 276.9, 113.4, 85.5, 320.7, 138.1, 254.3, 803.3, 750.6, 13468.3, 9327.7, 5.4, 1.5, 15.6, 20.9, 0.7, 1.9, 0.5, 10.2, 0.7, 13.9, 22, 77.1, 425.1, 497.9, 0.3, -1, 0.1, 0.9, 4.8, 9.8, -5.7, 0, 0.7, 1.06, 0.27, 0, 0, 6.8, 4.2, 1051.2, 2.33, 0, 
35, eco1, 1, 140433, -47, 24380.7, 13311.6, 418.2, 134.5, 229.6, 185.6, 3.8, 1097.6, 19.4, 226.4, 55.4, 6032.8, 1285.4, 270.9, 115.9, 89.5, 323.2, 140.3, 259.4, 794.9, 752.1, 13506.1, 9327.6, 5.5, 1.5, 15.6, 20.9, 0.7, 2, 0.5, 10.3, 0.7, 14.1, 21.8, 77.3, 424.8, 498, 0.2, -0.8, 0.1, 0.7, 4.3, 7.8, -4.5, 0, 0.7, 1.12, 0.23, 0, 0, 6.1, 4.3, 1051.3, 2.08, 0, 
36, eco1, 1, 140433, -19.5, 24406.1, 13304.3, 438.8, 140, 247.8, 189.9, 3.66, 1097.1, 21.8, 220.4, 51.4, 6035.5, 1286.4, 260, 114.1, 90.8, 326.3, 141.1, 262, 787.4, 753.7, 13537.6, 9327.4, 5.2, 1.4, 15.6, 20.9, 0.7, 1.9, 0.5, 10.3, 0.7, 14.3, 21.8, 77.5, 424.5, 498.1, 0.3, -0.9, 0.1, 0.8, 4.6, 9.1, -5.3, 0, 0.7, 1.2, 0.41, 0, 0, 6.6, 4.8, 1051.4, 2.21, 0, 
37, eco1, 1, 140433, -117.7, 24448.1, 13341.8, 490.2, 157.7, 268.9, 199.5, 3.44, 1098.2, 20.3, 222, 51, 6051.4, 1290.1, 261.3, 118.7, 99, 339.3, 149.3, 277.1, 784.5, 755.4, 13580.9, 9327.2, 5.2, 1.4, 15.6, 20.9, 0.7, 2, 0.5, 10.7, 0.8, 15.1, 21.8, 77.6, 424.2, 498.1, 0.3, -0.9, 0.1, 1, 4.5, 8.3, -4.7, 0, 0.7, 0.48, 0.18, 0, 0, 6.4, 5.3, 1052.4, 1.98, 0, 
38, eco1, 1, 140433, -26.7, 24479.8, 13348, 434.8, 142, 239.8, 188.3, 3.79, 1098.8, 21.7, 223.7, 53.9, 6052.7, 1290.5, 258.6, 116.3, 94.4, 338.5, 147, 273.9, 783.8, 759.4, 13609.6, 9327.1, 5.4, 1.5, 15.6, 20.9, 0.7, 2, 0.5, 10.7, 0.7, 14.9, 22, 78, 423.8, 498.3, 0.3, -0.9, 0.1, 1, 4.4, 9.1, -5.3, 0, 0.7, 0.69, 0.15, 0, 0, 6.3, 4.6, 1052.7, 2.15, 0, 
39, eco1, 1, 140433, -37.2, 24509.1, 13373.2, 451.6, 143.9, 242.7, 193.2, 3.63, 1099, 21.8, 230.2, 55.3, 6058.1, 1292.1, 255.4, 116, 91.2, 335, 146.2, 273.3, 779.8, 761.5, 13640.9, 9326.8, 5.6, 1.5, 15.6, 20.9, 0.7, 2, 0.5, 10.6, 0.7, 14.9, 22, 78.3, 423.7, 498.3, 0.3, -1, 0.1, 0.8, 4.6, 9, -5.3, 0, 0.7, 0.78, 0.26, 0, 0, 6.7, 4.7, 1052.7, 2.19, 0, 
40, eco1, 1, 140433, 115.4, 24567.2, 12958.7, 318.5, 104.9, 208.9, 162.9, 4.01, 1097, 20.2, 196.2, 45.4, 5897.1, 1258.7, 311.2, 115.4, 87.9, 330.2, 142, 267.2, 800.5, 765.1, 13675, 9326.7, 4.6, 1.2, 15.2, 20.3, 0.8, 2, 0.5, 10.4, 0.7, 14.5, 22.1, 78.7, 423.5, 498.4, 0.2, -0.8, 0.1, 0.7, 4.1, 8.4, -4.9, 0, 0.7, 1.37, 0.35, 0, 0, 5.6, 3.9, 1052.9, 2.2, 0, 
41, eco1, 1, 140433, 35.3, 24585.6, 12959, 397.4, 127.8, 218.9, 173.5, 4.24, 1096.7, 22.1, 197.2, 46, 5896.3, 1258.9, 276.8, 108.2, 88.4, 327.4, 136.3, 257.9, 801, 766.3, 13692, 9326.4, 4.6, 1.2, 15.2, 20.3, 0.8, 1.8, 0.5, 10.3, 0.7, 14, 22, 79.1, 423.4, 498.5, 0.2, -0.9, 0.1, 0.8, 4.2, 9.5, -5.7, 0, 0.7, 0.38, 0.12, 0, 0, 6, 4.2, 1052.7, 2.38, 0, 
42, eco1, 1, 140433, 6.3, 24594.9, 12979.3, 425.6, 137.3, 232.6, 179.5, 3.96, 1096, 22.8, 199.9, 46.8, 5903, 1260.5, 256.1, 104.9, 87.8, 325.4, 134.2, 254.4, 793.4, 765.2, 13710.3, 9326.1, 4.7, 1.3, 15.2, 20.3, 0.7, 1.8, 0.5, 10.2, 0.7, 13.9, 21.9, 79.1, 423.1, 498.6, 0.2, -0.9, 0.1, 0.9, 4.5, 9.9, -5.9, 0, 0.7, 0.64, 0.22, 0, 0, 7, 4.5, 1052, 2.41, 0, 
43, eco1, 1, 140433, 85.5, 24599.9, 12884.3, 309.4, 101.5, 191.6, 158.8, 4.03, 1094.3, 19.8, 182.1, 42.3, 5876.3, 1255.1, 244.1, 103, 81.3, 314.7, 130.4, 248.3, 780.6, 765.1, 13728.3, 9325.9, 4.2, 1.1, 15.1, 20.2, 0.7, 1.8, 0.4, 9.9, 0.7, 13.5, 21.7, 79.3, 422.9, 498.7, 0.2, -0.8, 0.1, 0.6, 4.1, 8.4, -5, 0, 0.7, 1.41, 0.36, 0, 0, 5.6, 3.6, 1051.2, 2.28, 0, 
44, eco1, 1, 140433, -34.5, 24607.2, 12901.2, 403.9, 129.4, 218.5, 174, 3.53, 1093.6, 20, 187.2, 43, 5879.1, 1256, 243.6, 105.4, 85.5, 316, 132.6, 252.2, 768.5, 763.9, 13749, 9325.8, 4.3, 1.1, 15.1, 20.2, 0.7, 1.8, 0.5, 9.9, 0.7, 13.7, 21.5, 79.2, 422.5, 498.8, 0.2, -0.8, 0.1, 0.8, 4.2, 8.6, -5, 0, 0.7, 0.79, 0.29, 0, 0, 6.5, 4.3, 1050.4, 2.2, 0, 
45, eco1, 1, 140433, -117.2, 24617.7, 13115.1, 553.6, 174.2, 247.2, 202.5, 3.79, 1096, 24.2, 245.8, 62, 5921.1, 1265.4, 234, 105.9, 77.5, 306.8, 132.2, 252.1, 752.9, 763.2, 13776, 9325.6, 6.2, 1.8, 15.2, 20.3, 0.6, 1.8, 0.4, 9.6, 0.7, 13.7, 21.3, 79.3, 422.4, 498.9, 0.3, -1, 0.1, 0.9, 5.2, 10.2, -6.1, 0, 0.7, 1.33, 0.28, 0, 0, 6.7, 4.8, 1050.1, 2.24, 0, 
46, eco1, 1, 140433, -42.3, 24627.8, 13060, 428.3, 138.7, 267.3, 182.4, 3.65, 1095.3, 21.3, 216.4, 49.3, 5924.6, 1266.4, 241.3, 106.4, 96.2, 328.6, 138.4, 263.2, 747, 764, 13791.4, 9325.4, 5, 1.3, 15.2, 20.3, 0.7, 1.8, 0.5, 10.3, 0.7, 14.3, 21.2, 79.4, 422, 499, 0.2, -0.9, 0.1, 0.9, 4.2, 9.3, -5.5, 0, 0.7, 0.37, 0.15, 0, 0, 6.4, 5.2, 1051, 2.11, 0, 
47, eco1, 1, 140433, 60.1, 24629.9, 12993.5, 349.2, 111.7, 208.3, 168.5, 3.78, 1094, 21.3, 201.4, 45, 5908.3, 1263.3, 243, 103.2, 90.9, 323, 132.9, 253.5, 744, 764.8, 13796, 9325.1, 4.6, 1.2, 15.1, 20.3, 0.7, 1.7, 0.5, 10.1, 0.7, 13.8, 21.2, 79.6, 421.7, 499.1, 0.2, -0.8, 0.1, 0.8, 4, 9.4, -5.7, 0, 0.7, 0.49, 0.16, 0, 0, 6, 3.9, 1050.5, 2.23, 0, 
48, eco1, 1, 140433, -45.3, 24655, 12996.7, 405.2, 127.9, 221.3, 179, 3.25, 1093.5, 19.2, 204.7, 45.3, 5906.4, 1263.4, 245.4, 108.2, 89.5, 322.2, 135.8, 259, 742.1, 765.5, 13822.5, 9325, 4.6, 1.2, 15.1, 20.2, 0.7, 1.8, 0.5, 10.1, 0.7, 14.1, 21.2, 79.6, 421.4, 499.2, 0.2, -0.8, 0.1, 0.8, 4.1, 8.1, -4.7, 0, 0.7, 1.43, 0.47, 0, 0, 6.2, 4.2, 1049.8, 1.97, 0, 
49, eco1, 1, 140433, -54.5, 24674.1, 13074.5, 436.4, 136.7, 211.8, 184.4, 3.76, 1094.8, 20.5, 234.2, 56.4, 5913.7, 1265.5, 246.6, 109.6, 82.9, 313.4, 133.4, 255.2, 738.9, 767.1, 13843.3, 9324.8, 5.7, 1.6, 15.1, 20.2, 0.7, 1.8, 0.5, 9.8, 0.7, 13.8, 21.1, 79.8, 421.1, 499.3, 0.2, -0.9, 0.1, 0.7, 4.3, 8.7, -5.3, 0, 0.7, 1.07, 0.26, 0, 0, 5.3, 3.9, 1049.7, 2.12, 0, 
50, eco1, 1, 140433, 14.2, 24719.4, 12833.7, 395.9, 127, 239.5, 175.7, 3.57, 1093.5, 20.7, 212.5, 47.6, 5822, 1246.9, 283.4, 111.4, 89.9, 322.1, 136, 260.3, 756, 769, 13869.9, 9324.6, 4.9, 1.2, 14.9, 19.9, 0.8, 1.9, 0.5, 10, 0.7, 14.1, 21.1, 79.9, 420.8, 499.3, 0.2, -0.9, 0.1, 0.8, 4.2, 9, -5.3, 0, 0.7, 0.67, 0.29, 0, 0, 6.3, 4.6, 1050, 2.07, 0, 
51, eco1, 1, 140433, -26.8, 24756.4, 12822.8, 402.6, 127.5, 226.5, 176.3, 3.26, 1093, 19.4, 209.6, 46, 5819.7, 1246.8, 263.4, 113.3, 90.6, 323.7, 138.5, 265.3, 759.7, 771, 13901.2, 9324.5, 4.7, 1.2, 14.8, 19.9, 0.7, 1.9, 0.5, 10.1, 0.7, 14.4, 21.1, 79.9, 420.4, 499.4, 0.2, -0.8, 0.1, 0.8, 4.1, 8.2, -4.8, 0, 0.7, 1.21, 0.45, 0, 0, 5.9, 4.3, 1049.7, 1.96, 0, 
52, eco1, 1, 140433, -74.4, 24777.9, 13006.1, 530.8, 165.1, 240.3, 200.9, 3.75, 1095, 24.2, 262.4, 63.8, 5853.2, 1254.5, 241.7, 111, 77.3, 308.2, 134.3, 258.8, 751.4, 772.6, 13929.6, 9324.3, 6.4, 1.8, 14.9, 20, 0.7, 1.9, 0.4, 9.6, 0.7, 14, 21, 80.2, 420.3, 499.5, 0.3, -1.1, 0.1, 0.9, 5.1, 10.2, -6.3, 0, 0.7, 1.33, 0.28, 0, 0, 6.4, 4.5, 1049.4, 2.19, 0, 
53, eco1, 1, 140433, -27, 24783.3, 12974.8, 441.6, 141.3, 265.1, 187.6, 3.87, 1094.9, 22.5, 243, 55.4, 5857.9, 1255.9, 246.6, 107.3, 93.2, 326.4, 135.3, 261.6, 746.9, 774.8, 13937.6, 9324, 5.7, 1.5, 14.9, 20, 0.7, 1.8, 0.5, 10.1, 0.7, 14.2, 21, 80.4, 420.1, 499.6, 0.2, -0.9, 0.1, 0.8, 4.2, 10, -6.1, 0, 0.7, 0.6, 0.19, 0, 0, 6.2, 5.1, 1050.4, 2.04, 0, 
54, eco1, 1, 140433, 52.2, 24798.7, 12849.4, 325.8, 105.1, 213.5, 167.8, 3.47, 1093, 19.3, 211.3, 46.1, 5830.6, 1250.4, 249.8, 107.7, 93.1, 326.8, 134.5, 260.2, 746.7, 776, 13952.2, 9323.9, 4.8, 1.2, 14.8, 19.8, 0.7, 1.8, 0.5, 10.1, 0.7, 14.1, 21, 80.6, 419.8, 499.7, 0.2, -0.8, 0.1, 0.7, 3.8, 8.4, -5, 0, 0.7, 1.1, 0.39, 0, 0, 5.8, 3.9, 1049.9, 2.08, 0, 
55, eco1, 1, 140433, -55.2, 24822.4, 12906.3, 456.1, 142.3, 229.1, 191.2, 3.48, 1093.5, 21.5, 233.9, 53.4, 5834.7, 1251.7, 252.5, 109.9, 86.5, 321.2, 133.8, 259.2, 746.5, 776.8, 13975.4, 9323.6, 5.5, 1.4, 14.8, 19.8, 0.7, 1.8, 0.5, 9.9, 0.7, 14, 21, 80.6, 419.5, 499.8, 0.3, -0.9, 0.1, 0.9, 4.4, 9.3, -5.5, 0, 0.7, 0.82, 0.26, 0, 0, 6.3, 4.3, 1049.5, 2.01, 0, 
56, eco1, 1, 140433, 18, 24839.3, 12828.3, 364.5, 115.6, 222.2, 173.7, 3.35, 1092.3, 19.8, 214.8, 46.5, 5817.1, 1248.5, 252.8, 109.9, 89.8, 323.7, 133.9, 260.1, 745.3, 778.2, 13992.3, 9323.4, 4.8, 1.2, 14.8, 19.7, 0.7, 1.8, 0.5, 10, 0.7, 14, 21, 80.7, 419.2, 499.9, 0.2, -0.8, 0.1, 0.8, 4, 8.6, -5.2, 0, 0.7, 1.19, 0.42, 0, 0, 5.6, 4.1, 1049.3, 1.98, 0, 
57, eco1, 1, 140433, 135.1, 24834.6, 12747.3, 307.5, 96.6, 177.9, 163.8, 3.87, 1090.7, 21.7, 207.6, 46.7, 5786.4, 1242.4, 237.2, 104.5, 74.2, 298.5, 123.2, 241.5, 735.8, 777.7, 13997.9, 9323.2, 4.8, 1.2, 14.7, 19.6, 0.6, 1.8, 0.4, 9.2, 0.6, 13, 20.8, 80.9, 419.2, 500, 0.2, -0.9, 0.1, 0.6, 4.3, 9.5, -6, 0, 0.7, 0.84, 0.24, 0, 0, 5.5, 3.1, 1048, 2.35, 0, 
58, eco1, 1, 140433, 3.7, 24834.7, 12719.5, 374.4, 117.7, 209.1, 174.7, 3.5, 1089.6, 20, 206.3, 45.7, 5774.5, 1240.4, 239.5, 105.8, 78.6, 297.8, 123.4, 242.2, 726.1, 776.4, 14009.1, 9323.1, 4.7, 1.2, 14.6, 19.6, 0.6, 1.8, 0.4, 9.2, 0.6, 13, 20.6, 80.8, 418.9, 500.1, 0.2, -0.8, 0.1, 0.7, 4.1, 8.9, -5.3, 0, 0.7, 0.69, 0.29, 0, 0, 6.2, 3.9, 1047.1, 2.06, 0, 
59, eco1, 1, 140433, -81.9, 24833.2, 12860.2, 499.1, 155.7, 233.8, 195.5, 4.07, 1091.5, 23.3, 249.1, 60, 5797.9, 1245.9, 240.3, 103.9, 78.3, 297.8, 121.1, 238.8, 720.4, 776, 14013.9, 9322.9, 6.1, 1.7, 14.7, 19.6, 0.6, 1.7, 0.4, 9.2, 0.6, 12.8, 20.3, 80.9, 418.6, 500.2, 0.2, -0.9, 0.1, 0.7, 4.5, 10.5, -6.4, 0, 0.7, 1.05, 0.16, 0, 0, 5.9, 4.4, 1047.1, 2.11, 0, 
60, eco1, 1, 140433, 45.5, 24887.7, 12488.5, 338.8, 108.2, 220, 165.6, 3.35, 1089.2, 18.2, 214.8, 48.1, 5657.4, 1216.9, 295.5, 110.9, 84.6, 305.1, 126.5, 248.2, 740.3, 776.5, 14048.1, 9322.8, 4.9, 1.3, 14.3, 19.1, 0.8, 1.9, 0.5, 9.4, 0.6, 13.3, 20.3, 80.9, 418.4, 500.3, 0.2, -0.8, 0.1, 0.6, 3.9, 7.7, -4.6, 0, 0.7, 0.98, 0.34, 0, 0, 6.2, 4.1, 1047, 1.91, 0, 
61, eco1, 1, 140433, 13, 24899.5, 12519.3, 414, 129, 219, 176.1, 3.79, 1089.4, 22, 225.3, 50.8, 5661.4, 1218.3, 265.2, 105.2, 83.2, 304.6, 122.7, 242.1, 743.4, 777.6, 14056, 9322.5, 5.2, 1.3, 14.3, 19.1, 0.7, 1.8, 0.5, 9.4, 0.6, 13, 20.2, 81, 418.2, 500.4, 0.2, -0.9, 0.1, 0.7, 4.1, 9.9, -6.1, 0, 0.7, 0.72, 0.21, 0, 0, 5.6, 4.1, 1047, 2.02, 0, 
62, eco1, 1, 140433, 13.1, 24905.7, 12495.4, 388, 122.1, 222.8, 172.9, 3.55, 1088.4, 20.9, 217.9, 48, 5657.6, 1217.9, 251.4, 104.2, 85.8, 307.3, 123, 242.6, 739.9, 776.9, 14066.6, 9322.3, 5, 1.2, 14.3, 19, 0.7, 1.7, 0.5, 9.4, 0.6, 13, 20.2, 81, 417.8, 500.5, 0.2, -0.9, 0.1, 0.8, 4, 9.4, -5.7, 0, 0.7, 0.36, 0.15, 0, 0, 6.2, 4.1, 1046.5, 2.1, 0, 
63, eco1, 1, 140433, 11.3, 24902.1, 12551.8, 422, 130.1, 212.2, 179.8, 3.85, 1088.4, 22.7, 238.7, 55.2, 5663.3, 1219.7, 239.5, 101.1, 77.5, 296.8, 118.3, 234.2, 732.3, 775.9, 14071.9, 9322, 5.6, 1.5, 14.3, 19, 0.6, 1.7, 0.4, 9.1, 0.6, 12.6, 20.1, 81, 417.5, 500.5, 0.2, -0.9, 0.1, 0.8, 4.3, 10.3, -6.4, 0, 0.7, 0.4, 0.16, 0, 0, 6.1, 3.9, 1045.7, 2.18, 0, 
64, eco1, 1, 140433, 50.5, 24897.8, 12470.8, 344.4, 108, 210.7, 168.1, 3.62, 1086.7, 20.3, 219.1, 48.4, 5644.8, 1216.2, 236.3, 101, 79.9, 295.9, 118.2, 233.8, 722.9, 774.7, 14078.4, 9321.8, 5, 1.2, 14.2, 19, 0.6, 1.7, 0.4, 9.1, 0.6, 12.5, 19.9, 80.9, 417.2, 500.6, 0.2, -0.8, 0.1, 0.7, 4, 9.1, -5.6, 0, 0.7, 0.75, 0.17, 0, 0, 6.1, 3.8, 1045, 2.09, 0, 
65, eco1, 1, 140433, 72.6, 24892.2, 12361, 291.8, 91.6, 181.6, 158.5, 3.36, 1084.9, 18.4, 199.7, 43.2, 5612.5, 1209.8, 239.2, 101.6, 79.3, 290.8, 116.2, 230, 714.8, 773.9, 14081.9, 9321.6, 4.5, 1.1, 14.2, 18.8, 0.6, 1.7, 0.4, 8.9, 0.6, 12.3, 19.8, 80.9, 417, 500.7, 0.2, -0.8, 0.1, 0.5, 3.6, 8.2, -5.1, 0, 0.7, 1.07, 0.38, 0, 0, 5.2, 3.2, 1044, 2.05, 0, 
66, eco1, 1, 140433, -90.1, 24908.3, 12458.1, 457, 139.8, 223.5, 183.3, 3.06, 1085.3, 19.8, 228.6, 50.7, 5629.2, 1214.1, 234.4, 106.8, 77.9, 289.9, 120.9, 238.5, 707.1, 773.3, 14106.3, 9321.6, 5.2, 1.3, 14.2, 18.9, 0.6, 1.8, 0.4, 8.9, 0.6, 12.8, 19.5, 80.7, 416.5, 500.8, 0.2, -0.9, 0.1, 0.8, 4.3, 8.6, -5.2, 0, 0.7, 1.66, 0.41, 0, 0, 6.2, 4.2, 1043.3, 1.75, 0, 
67, eco1, 1, 140433, -18.7, 24922.3, 12449.5, 392.7, 123, 218.4, 174.5, 3.07, 1085.1, 19.5, 228.4, 50.9, 5625.4, 1213.7, 230, 108.9, 77.5, 288.7, 123.9, 244, 699.3, 774.1, 14127.4, 9321.4, 5.2, 1.3, 14.2, 18.8, 0.6, 1.8, 0.4, 8.8, 0.6, 13.1, 19.4, 80.7, 416.1, 500.9, 0.2, -0.9, 0.1, 0.8, 4.1, 8.5, -5.2, 0, 0.7, 0.78, 0.35, 0, 0, 5.8, 4, 1043.1, 1.77, 0, 
68, eco1, 1, 140433, 79.2, 24918.9, 12319.8, 283.7, 89.1, 183, 157.7, 3.22, 1083.4, 18.3, 203.3, 43.8, 5589.6, 1206.6, 235.8, 107.3, 78.8, 286.1, 120.8, 238.7, 693.2, 775.5, 14129, 9321.3, 4.5, 1.1, 14.1, 18.7, 0.6, 1.8, 0.4, 8.7, 0.6, 12.8, 19.3, 80.8, 415.8, 501, 0.2, -0.7, 0.1, 0.6, 3.5, 8.2, -5.1, 0, 0.7, 1.09, 0.37, 0, 0, 4.8, 3.2, 1042.7, 1.91, 0, 
69, eco1, 1, 140433, 46.7, 24911.5, 12336.2, 362.6, 110.8, 181.3, 169.3, 3.68, 1083.3, 20.9, 221.8, 51.4, 5579, 1204.9, 226.4, 104.3, 68.1, 269.3, 114.4, 227.4, 683.7, 775.1, 14131.5, 9321.2, 5.2, 1.4, 14.1, 18.6, 0.6, 1.7, 0.4, 8.2, 0.6, 12.1, 19, 80.9, 415.7, 501.1, 0.2, -0.9, 0.1, 0.6, 4.1, 9.4, -6, 0, 0.7, 0.46, 0.08, 0, 0, 5.5, 3.2, 1041.7, 2.05, 0, 
70, eco1, 1, 140433, -27.6, 24924.1, 12207.4, 491.4, 150.2, 244.7, 186.8, 3.61, 1083.2, 24.3, 244.4, 55.6, 5495.7, 1188, 272.4, 102.7, 77, 279.7, 114.5, 227.9, 697.2, 773.4, 14132.6, 9320.9, 5.7, 1.5, 13.8, 18.3, 0.7, 1.7, 0.4, 8.5, 0.6, 12.2, 18.8, 80.8, 415.3, 501.2, 0.2, -0.9, 0.1, 0.8, 4.4, 11.3, -7.1, 0, 0.7, 0.66, 0.22, 0, 0, 6.7, 4.6, 1041.5, 2.08, 0, 
71, eco1, 1, 140433, 147.6, 25003.8, 11324.9, 311.1, 97.5, 190.5, 151.6, 3.61, 1080.6, 19.9, 200.2, 44.2, 5124.6, 1103.5, 470, 112.2, 78.8, 286.3, 113.3, 225.6, 738.3, 774.3, 14170.6, 9320.7, 4.5, 1.1, 13.1, 17.2, 1.1, 1.8, 0.4, 8.8, 0.6, 12, 19, 80.9, 415.1, 501.3, 0.2, -0.8, 0.1, 0.6, 3.8, 8.9, -5.6, 0, 0.7, 0.74, 0.17, 0, 0, 5.5, 3.4, 1041.7, 2.11, 0, 
72, eco1, 1, 140433, 177.4, 25028.6, 11187.1, 243, 76.8, 157.5, 141.8, 3.61, 1078.3, 18.6, 178, 38.6, 5082.1, 1094.8, 384.2, 105.3, 71.2, 272.8, 108.2, 216.3, 747.2, 773.9, 14187.1, 9320.5, 3.9, 1, 13, 17.1, 0.9, 1.7, 0.4, 8.4, 0.5, 11.5, 18.9, 81, 415, 501.4, 0.2, -0.7, 0.1, 0.4, 3.5, 8.5, -5.5, 0, 0.7, 0.89, 0.35, 0, 0, 4.7, 2.8, 1040.7, 2.26, 0, 
73, eco1, 1, 140433, -30.5, 25055.1, 11290.9, 421.6, 129.1, 204.7, 164.6, 3.06, 1078.2, 19.3, 206.4, 46, 5102.3, 1099.8, 312.1, 106.2, 70.8, 270.2, 112.6, 224.2, 740.6, 772.7, 14221.4, 9320.4, 4.7, 1.2, 13, 17.1, 0.8, 1.7, 0.4, 8.3, 0.6, 12, 18.6, 80.8, 414.5, 501.5, 0.2, -0.8, 0.1, 0.6, 4.1, 8.5, -5.3, 0, 0.7, 1.66, 0.41, 0, 0, 6.1, 3.8, 1039.7, 1.81, 0, 
74, eco1, 1, 140433, 61.9, 25046.9, 11260.9, 332.6, 103.3, 188.9, 154.1, 3.44, 1077.5, 19.6, 202.3, 44.7, 5092.4, 1098.2, 278.3, 101.4, 73.2, 270, 110.7, 220.8, 728.4, 772.9, 14225.4, 9320.2, 4.6, 1.1, 13, 17, 0.7, 1.7, 0.4, 8.2, 0.6, 11.8, 18.4, 80.8, 414.1, 501.6, 0.2, -0.7, 0.1, 0.6, 3.6, 9.1, -5.7, 0, 0.7, 1.47, 0.31, 0, 0, 5, 3.4, 1039.3, 1.89, 0, 
75, eco1, 1, 140433, -59, 25037, 11437.9, 493.8, 150.6, 229, 177.8, 3.39, 1078.4, 23.1, 245.8, 56.6, 5132.4, 1107.5, 242.9, 98.6, 69.7, 268.5, 111.8, 222.9, 710.9, 771.4, 14234.6, 9320, 5.8, 1.5, 13.1, 17.2, 0.6, 1.6, 0.4, 8.2, 0.6, 11.9, 18.2, 80.8, 413.5, 501.7, 0.2, -0.9, 0.1, 0.8, 4.4, 10.6, -6.7, 0, 0.7, 0.97, 0.23, 0, 0, 6.3, 4.3, 1038.6, 2.01, 0, 
76, eco1, 1, 140433, 55.2, 25000.9, 11446.3, 399.8, 123.4, 223.4, 166.5, 3.48, 1077.5, 23.6, 243.9, 55.1, 5138.3, 1109.4, 224.7, 93.1, 72.2, 268.6, 109.1, 218.2, 690.6, 769.3, 14221.3, 9319.7, 5.6, 1.4, 13.1, 17.1, 0.6, 1.5, 0.4, 8.2, 0.6, 11.7, 18.1, 80.9, 413.1, 501.8, 0.2, -0.9, 0.1, 0.6, 4.2, 11.1, -7.2, 0, 0.7, 0.68, 0.22, 0, 0, 6.2, 4.1, 1038.1, 2.08, 0, 
77, eco1, 1, 140433, 81.1, 24981.6, 11366, 302.4, 92.3, 181.4, 154.5, 3.35, 1076, 19, 229.3, 51.3, 5114.9, 1105, 220.1, 94, 69.1, 260.4, 107.3, 214.2, 674.5, 767.7, 14219.8, 9319.5, 5.3, 1.3, 13.1, 17, 0.6, 1.5, 0.4, 7.9, 0.5, 11.4, 17.9, 80.9, 413, 501.9, 0.2, -0.8, 0.1, 0.4, 3.7, 8.6, -5.6, 0, 0.7, 0.85, 0.24, 0, 0, 5.3, 3.1, 1037.2, 1.97, 0, 
78, eco1, 1, 140433, 138.8, 24954.1, 11250.6, 248.7, 76.1, 152.5, 146, 3.56, 1074.4, 18.5, 214.2, 49, 5075.9, 1097.2, 210.8, 93.3, 60.2, 242.2, 102, 204.6, 656.1, 765.5, 14213.1, 9319.3, 5, 1.3, 13, 16.9, 0.6, 1.5, 0.3, 7.3, 0.5, 10.9, 17.5, 81, 413, 502, 0.2, -0.8, 0.1, 0.3, 3.6, 8.4, -5.6, 0, 0.7, 1.06, 0.35, 0, 0, 4.3, 2.5, 1036.2, 2.25, 0, 
