"","MapCode","SpeciesName","CohortAge","CohortBiomass"
"1",79392,318,10,27.17
"2",79392,746,5,17.38
"3",79392,746,10,21.45
"4",80627,12,15,37.73
"5",80627,129,35,210.43
"6",80627,129,40,78.65
"7",80627,129,45,555.06
"8",80627,129,50,277.75
"9",80627,129,55,100.87
"10",78796,746,5,118.47
"11",78796,746,10,194.7
"12",27667,12,5,6.16
"13",27667,12,10,16.61
"14",27667,12,15,113.52
"15",27667,12,20,265.76
"16",27667,12,25,298.54
"17",27667,12,30,743.49
"18",27667,12,35,931.59
"19",27667,12,40,1053.91
"20",27667,12,45,356.84
"21",27667,375,10,32.34
"22",27667,375,55,237.71
"23",27667,746,40,188.43
"24",27667,746,45,234.41
"25",26907,12,5,16.61
"26",26907,12,10,33.22
"27",26907,12,15,43.12
"28",26907,12,20,166.1
"29",26907,12,25,387.86
"30",26907,12,30,420.86
"31",26907,12,35,837.54
"32",26907,12,40,169.18
"33",26907,129,5,7.04
"34",26907,129,15,26.95
"35",26907,129,20,54.45
"36",26907,129,45,63.8
"37",26907,129,50,169.07
"38",26907,129,70,827.64
"39",26907,241,75,102.19
"40",26128,12,5,130.35
"41",26128,12,10,81.07
"42",26128,12,15,223.3
"43",26128,12,20,319.99
"44",26128,12,25,471.24
"45",26128,12,30,1751.42
"46",26128,12,35,1231.23
"47",26128,12,40,168.63
"48",26128,12,45,662.09
"49",26128,241,25,51.59
"50",26128,241,75,36.85
"51",26128,241,80,321.64
"52",26128,241,95,424.05
"53",26128,746,40,93.28
"54",26143,12,5,52.58
"55",26143,12,10,77.22
"56",26143,12,15,70.4
"57",26143,12,20,292.71
"58",26143,12,25,356.51
"59",26143,12,30,237.38
"60",26143,12,40,143.88
"61",26143,12,55,1.76
"62",26455,12,5,86.02
"63",26455,12,10,216.92
"64",26455,12,15,305.91
"65",26455,12,20,402.6
"66",26455,12,40,55
"67",26455,12,45,82.39
"68",26455,95,60,99.55
"69",26455,95,70,198.11
"70",26455,129,5,21.78
"71",26455,129,10,15.4
"72",26455,129,15,126.72
"73",26455,129,20,48.07
"74",26455,129,25,153.23
"75",26455,129,40,326.59
"76",26455,129,45,47.85
"77",26455,129,50,116.05
"78",26455,241,80,157.96
"79",26455,746,5,17.38
"80",26455,746,10,25.96
"81",26455,746,20,171.93
"82",26455,746,50,4.07
"83",26455,746,55,176.55
"84",26455,746,60,124.52
"85",26936,371,5,20.68
"86",26920,12,10,13.53
"87",26920,12,15,28.16
"88",27275,12,5,21.45
"89",27275,12,10,47.85
"90",27275,12,15,28.16
"91",27275,12,20,195.69
"92",27275,12,25,461.67
"93",27275,12,30,719.18
"94",27275,12,35,867.02
"95",27275,12,40,535.04
"96",27275,12,45,323.18
"97",27275,12,50,424.38
"98",27275,94,50,26.95
"99",27275,94,70,654.83
"100",27275,375,40,623.37
"101",27275,375,45,257.18
"102",27275,746,45,7.26
"103",27275,746,50,258.5
"104",26923,12,5,54.45
"105",26923,12,10,101.2
"106",26923,12,15,93.5
"107",26923,12,20,154
"108",26923,12,25,276.76
"109",26923,12,35,93.17
"110",26923,12,40,479.93
"111",26923,12,45,292.6
"112",26923,12,50,434.94
"113",26923,129,30,278.74
"114",26923,129,40,37.84
"115",26923,129,45,169.4
"116",26923,129,50,212.74
"117",26923,129,55,127.27
"118",26923,241,15,21.56
"119",27839,12,5,29.81
"120",27839,12,10,50.27
"121",27839,12,15,80.85
"122",27839,12,35,12.65
"123",27839,318,20,77.55
"124",27839,375,20,105.93
"125",27839,375,25,278.19
"126",27839,375,30,291.61
"127",27839,375,45,50.38
"128",27839,746,25,131.12
"129",27839,746,40,14.63
"130",27835,12,5,8.25
"131",27835,12,10,33.55
"132",27835,12,15,28.16
"133",27835,12,20,172.81
"134",27835,12,25,93.39
"135",27835,12,35,397.54
"136",27835,12,40,175.78
"137",27835,12,45,662.09
"138",27835,12,50,250.14
"139",27835,318,5,21.45
"140",27835,318,15,57.53
"141",27835,318,35,556.49
"142",27835,318,40,349.03
"143",27835,371,5,26.07
"144",27835,371,50,162.58
"145",27835,371,60,294.69
"146",27835,375,10,39.05
"147",27835,375,15,63.25
"148",27835,375,20,105.93
"149",27835,375,25,132
"150",27835,375,30,291.61
"151",27835,375,35,313.94
"152",27835,375,45,207.57
"153",27835,375,50,99.11
"154",30356,12,45,121.44
"155",30356,12,50,442.53
"156",30356,94,60,323.07
"157",30356,318,5,37.84
"158",30356,318,10,33.66
"159",30356,318,15,195.25
"160",30356,318,25,271.26
"161",30356,318,30,193.93
"162",30356,318,35,232.87
"163",30356,318,50,66.88
"164",30356,318,60,145.75
"165",30356,318,65,469.37
"166",30356,318,70,584.1
"167",30356,318,75,962.94
"168",30356,318,80,802.12
"169",30356,543,55,71.61
"170",30356,543,60,111.76
"171",29614,94,30,179.74
"172",29614,94,40,39.6
"173",29614,94,45,100.65
"174",29614,94,65,445.5
"175",29614,371,20,82.61
"176",29614,371,50,103.62
"177",29614,375,45,519.2
"178",29614,375,50,1652.09
"179",29614,375,55,3032.15
"180",29614,375,60,1745.37
"181",29614,375,65,549.45
"182",29614,746,60,688.6
"183",29645,12,40,15.4
"184",29645,12,45,146.96
"185",29645,12,55,290.29
"186",29645,94,65,153.56
"187",29645,94,70,280.5
"188",29645,241,5,17.16
"189",29645,241,20,65.01
"190",29645,241,35,87.45
"191",29645,241,60,346.39
"192",29645,241,65,163.46
"193",29645,241,70,414.37
"194",29645,241,75,516.12
"195",29645,241,80,266.53
"196",29645,241,85,1119.25
"197",29645,241,90,1193.06
"198",29645,241,95,842.82
"199",29645,241,100,1009.03
"200",29645,318,15,48.84
"201",29645,371,60,525.8
"202",29645,371,65,1262.91
"203",29645,371,75,866.25
"204",29645,375,45,74.91
"205",29645,375,55,196.68
"206",29645,543,15,43.01
"207",29645,543,20,108.68
"208",29645,543,25,97.35
"209",29645,543,40,878.02
"210",29645,543,45,875.49
"211",29645,543,50,54.01
"212",29645,543,55,67.76
"213",29645,543,60,101.42
"214",29645,543,70,561.33
"215",29618,12,55,123.97
"216",29618,241,10,14.41
"217",29618,241,90,286.33
"218",29618,241,95,1294.26
"219",29618,241,100,660.66
"220",29618,241,105,860.75
"221",29618,318,60,151.25
"222",29618,318,65,215.6
"223",29618,371,45,275.77
"224",29618,371,50,318.45
"225",29618,371,55,240.02
"226",29618,371,60,584.76
"227",29618,371,65,485.98
"228",29618,371,70,643.5
"229",29618,371,75,3567.3
"230",29618,371,85,2228.71
"231",29328,318,10,54.45
"232",29328,318,15,48.84
"233",29328,318,50,95.04
"234",29328,318,55,262.9
"235",29328,318,60,341.55
"236",29328,318,70,815.21
"237",29328,318,75,2522.52
"238",29328,318,80,1669.14
"239",29328,318,85,1275.78
"240",29328,318,90,7576.8
"241",30400,318,20,77.55
"242",30400,318,35,323.62
"243",30400,318,50,86.02
"244",30400,318,55,733.48
"245",30400,318,60,556.93
"246",30400,318,65,355.08
"247",30400,318,70,1533.62
"248",30400,318,75,2442.77
"249",30400,318,80,1127.5
"250",30400,371,55,283.8
"251",29338,318,50,268.73
"252",29338,318,55,416.35
"253",29338,318,65,718.63
"254",29338,318,70,1854.49
"255",29338,318,75,2013.77
"256",29338,318,80,3875.74
"257",29338,318,85,1461.24
"258",29338,318,95,3432.77
"259",29338,371,65,749.54
"260",29620,12,10,23.87
"261",29620,318,15,57.53
"262",29620,318,35,253.88
"263",29620,318,40,403.37
"264",29620,318,45,526.02
"265",29620,318,55,631.51
"266",29620,318,60,385
"267",29620,318,65,311.85
"268",29620,318,70,1207.03
"269",29620,318,75,2444.31
"270",29620,318,80,1101.32
"271",29620,318,85,3902.69
"272",29620,833,55,191.95
"273",29620,833,60,241.78
"274",29620,833,75,1920.82
"275",29620,833,85,1815.33
"276",29988,12,30,207.9
"277",29988,12,35,32.01
"278",29988,318,35,275.99
"279",29988,318,40,462.33
"280",29988,318,50,1048.41
"281",29988,318,55,588.83
"282",29988,318,60,2055.02
"283",29988,318,65,1499.74
"284",29988,318,70,843.26
"285",29988,318,75,1710.06
"286",29988,371,55,182.05
"287",29988,371,60,311.85
"288",29988,371,70,1049.62
"289",29988,833,80,4792.04
"290",29988,833,90,3464.34
"291",29957,95,15,26.07
"292",29957,95,25,53.68
"293",29957,95,30,75.46
"294",29957,95,50,127.16
"295",29957,95,55,865.26
"296",29957,95,60,178.09
"297",29957,95,65,235.62
"298",29957,95,75,267.63
"299",29957,129,80,1425.82
"300",29612,12,40,108.46
"301",29612,94,60,261.8
"302",29612,241,75,50.93
"303",29612,241,90,285.01
"304",29612,241,100,1545.61
"305",29612,241,105,789.03
"306",29612,318,10,68.09
"307",29612,318,35,232.87
"308",29612,318,40,403.37
"309",29612,318,50,84.15
"310",29612,318,55,88.88
"311",29612,318,60,195.8
"312",29612,318,65,268.62
"313",29612,318,70,657.25
"314",29612,318,75,1762.97
"315",29612,318,80,871.53
"316",29612,371,50,114.95
"317",29612,833,70,558.8
"318",29612,833,80,1058.42
"319",30039,12,50,182.71
"320",30039,105,5,10.78
"321",30039,105,15,27.83
"322",30039,105,20,115.39
"323",30039,105,25,407.99
"324",30039,105,30,212.19
"325",30039,105,35,354.97
"326",30039,105,40,238.48
"327",30039,105,45,845.24
"328",30039,105,50,1159.62
"329",29644,318,5,37.84
"330",29644,318,10,67.32
"331",29644,318,35,275.99
"332",29644,318,50,178.42
"333",29644,318,65,619.3
"334",29644,318,70,353.21
"335",29644,318,75,1125.19
"336",29644,318,80,1054.02
"337",29644,318,85,3661.02
"338",29644,318,90,3301.21
"339",29616,318,20,155.98
"340",29616,318,25,101.09
"341",29616,318,30,176
"342",29616,318,50,1240.14
"343",29616,318,55,422.4
"344",29616,318,60,714.01
"345",29616,318,65,1343.21
"346",29616,318,70,1612.38
"347",29616,318,75,767.36
"348",29616,318,80,2914.45
"349",29616,318,85,1183.27
"350",28954,129,30,133.65
"351",28954,746,5,10.56
"352",28954,746,15,146.63
"353",28954,746,20,142.78
"354",28954,746,25,155.87
"355",28884,105,5,37.73
"356",28884,105,10,43.78
"357",28884,105,15,209.55
"358",28992,95,15,52.58
"359",28992,95,25,67.76
"360",28992,95,35,309.65
"361",28992,95,40,193.05
"362",28992,95,50,161.7
"363",28992,95,55,262.35
"364",28992,95,60,86.24
"365",28992,95,65,110.88
"366",28992,105,35,68.53
"367",28992,105,40,69.3
"368",28992,105,45,77.99
"369",28992,105,50,339.02
"370",28971,12,5,8.25
"371",28971,12,10,60.61
"372",28971,12,15,37.73
"373",28971,12,20,69.08
"374",28971,12,25,102.52
"375",28971,12,30,180.62
"376",28971,12,40,144.1
"377",28971,12,45,98.56
"378",28971,94,50,110.55
"379",28971,371,60,453.97
"380",28971,371,70,1858.45
"381",28971,375,45,10.89
"382",28971,375,50,152.79
"383",28971,375,55,822.47
"384",28971,375,60,1792.78
"385",28971,375,65,2701.16
"386",28971,375,75,1062.6
"387",28971,746,50,213.29
"388",29835,12,35,165.88
"389",29835,12,40,87.78
"390",29835,95,30,101.53
"391",29835,95,65,151.03
"392",29835,241,65,23.87
"393",29835,241,70,126.72
"394",29835,241,75,88
"395",29835,241,80,289.41
"396",29835,375,25,132
"397",29835,375,45,128.59
"398",29835,746,20,88.77
"399",29835,746,35,898.81
"400",29835,746,40,144.98
"401",29835,746,45,718.19
"402",29835,746,50,325.6
"403",30768,95,25,60.5
"404",30768,95,40,193.05
"405",30768,95,55,52.47
"406",30768,105,5,10.78
"407",30768,105,10,53.57
"408",30768,105,15,32.34
"409",30768,105,20,121.44
"410",30768,105,25,189.86
"411",30768,105,40,40.15
"412",30768,105,55,99.99
"413",29742,95,10,32.34
"414",29742,95,15,47.85
"415",29742,95,20,94.6
"416",29742,95,25,53.68
"417",29742,95,30,387.86
"418",29742,95,35,693.55
"419",29742,95,40,428.01
"420",29742,95,45,318.78
"421",29742,95,50,37.29
"422",29740,318,5,21.45
"423",29740,318,10,95.26
"424",29740,318,15,115.17
"425",29740,318,60,761.31
"426",29740,318,65,1177.66
"427",29740,318,70,473.11
"428",29740,318,75,2006.29
"429",29740,318,80,6899.31
"430",29740,318,85,1309.11
"431",28833,12,15,28.16
"432",28833,12,20,55.22
"433",28833,12,30,418
"434",28833,12,45,33.66
"435",28833,94,45,67.32
"436",28833,94,50,105.27
"437",28833,318,20,243.98
"438",28833,318,55,89.76
"439",28833,746,5,48.62
"440",28833,746,10,64.35
"441",28833,746,15,36.3
"442",28833,746,20,860.09
"443",28833,746,25,549.67
"444",28833,746,30,458.26
"445",30766,375,55,195.36
"446",28532,94,50,126.5
"447",28532,129,25,68.64
"448",28532,129,30,169.51
"449",28532,129,45,108.24
"450",28532,129,50,107.8
"451",28532,129,65,768.35
"452",28532,129,70,740.19
"453",28532,318,10,27.17
"454",28532,318,50,178.53
"455",29876,12,5,10.78
"456",29876,12,25,93.39
"457",29876,12,40,129.47
"458",29876,129,45,48.4
"459",29876,129,50,85.25
"460",29876,241,70,69.63
"461",29876,241,75,128.48
"462",29876,375,50,250.8
"463",29876,375,55,61.38
"464",29876,375,60,349.47
"465",29876,543,60,235.07
"466",29031,12,5,8.25
"467",29031,12,10,13.53
"468",29031,129,25,76.34
"469",29031,129,40,30.03
"470",29031,129,70,188.76
"471",29031,318,25,114.18
"472",29031,318,50,170.83
"473",29031,318,55,148.94
"474",29031,318,60,233.53
"475",29031,371,50,115.72
"476",29031,371,70,735.35
"477",32084,12,45,93.83
"478",32084,375,25,132
"479",32084,375,45,54.45
"480",32084,375,50,88.55
"481",32084,543,5,27.72
"482",32084,543,10,49.83
"483",32084,543,15,73.37
"484",32084,543,30,134.53
"485",32084,543,35,462.22
"486",32084,746,20,150.81
"487",32084,746,30,197.67
"488",32084,746,40,137.72
"489",32084,746,50,144.21
"490",32731,12,10,23.87
"491",32731,94,50,93.83
"492",32731,95,45,301.07
"493",32731,95,50,39.05
"494",32731,95,55,544.61
"495",32731,95,60,1014.86
"496",32731,95,65,766.81
"497",32731,95,70,388.63
"498",32731,95,85,713.79
"499",32731,105,45,296.45
"500",32731,105,50,587.18
"501",32731,105,55,270.49
"502",32731,746,45,89.54
"503",32731,746,50,204.38
"504",32731,746,55,68.86
"505",32731,746,60,215.82
"506",31611,12,35,65.23
"507",31611,94,70,667.59
"508",31611,375,45,89.76
"509",31611,375,50,381.92
"510",31611,375,60,515.79
"511",31611,375,65,669.35
"512",31611,746,40,46.31
"513",31611,746,45,393.91
"514",31611,746,50,880.66
"515",31611,746,55,1123.87
"516",31611,746,60,1035.21
"517",31611,746,65,1799.93
"518",31666,12,40,124.63
"519",31666,12,50,167.09
"520",31666,12,55,75.68
"521",31666,94,65,517
"522",31666,375,45,88.55
"523",31666,375,50,393.91
"524",31666,375,55,1009.36
"525",31666,375,60,1661.44
"526",31666,375,65,1990.45
"527",31666,746,5,24.42
"528",31666,746,10,61.82
"529",31666,746,15,84.59
"530",31666,746,20,231.66
"531",31607,12,5,6.16
"532",31607,12,20,55.22
"533",31607,12,30,269.28
"534",31607,375,45,56.87
"535",31607,375,50,112.2
"536",31607,375,55,162.91
"537",31607,375,60,372.24
"538",31607,375,65,86.13
"539",31607,375,70,521.62
"540",31607,375,75,876.59
"541",31607,746,45,123.97
"542",31607,746,50,213.18
"543",31607,746,60,1890.13
"544",31607,746,65,892.87
"545",31636,12,5,6.16
"546",31636,12,35,9.24
"547",31636,12,40,10.78
"548",31636,94,65,399.52
"549",31636,95,10,14.41
"550",31636,95,60,268.4
"551",31636,95,65,273.24
"552",31636,241,60,27.17
"553",31636,241,70,69.52
"554",31636,241,75,114.95
"555",31636,241,80,62.15
"556",31636,241,90,935.99
"557",31636,241,95,1505.13
"558",31636,241,100,1615.13
"559",31636,375,50,99.99
"560",31636,375,55,155.76
"561",31636,375,60,623.48
"562",31636,375,65,60.28
"563",31599,12,40,126.61
"564",31599,12,45,127.38
"565",31599,12,55,112.75
"566",31599,375,45,78.21
"567",31599,375,55,328.24
"568",31599,375,60,295.02
"569",31599,375,65,382.8
"570",31599,375,75,499.18
"571",31599,543,10,20.02
"572",31599,746,15,36.3
"573",31568,12,40,313.94
"574",31568,94,40,525.25
"575",31568,94,45,845.13
"576",31568,94,50,1067.99
"577",31568,94,55,360.91
"578",31568,375,5,26.29
"579",31568,375,20,155.76
"580",31568,375,35,412.5
"581",31568,375,45,1035.54
"582",31568,375,60,284.9
"583",31568,746,10,25.96
"584",31568,746,45,133.21
"585",31568,746,50,455.62
"586",31568,746,55,268.4
"587",32549,12,15,37.73
"588",32549,12,25,205.59
"589",32549,95,50,80.96
"590",32549,95,55,241.56
"591",32549,95,60,448.91
"592",32549,95,65,385.77
"593",32549,95,70,176.66
"594",32549,105,45,214.39
"595",32549,375,45,1045.66
"596",32549,375,50,346.28
"597",32549,375,55,793.87
"598",32549,375,60,1342.22
"599",32549,375,65,1300.86
"600",32549,746,40,76.01
"601",32549,746,45,550.22
"602",32549,746,50,571.45
"603",32549,746,55,289.19
"604",32549,746,60,410.74
"605",31560,12,40,41.36
"606",31560,12,45,355.3
"607",31560,12,50,189.75
"608",31560,95,35,143.22
"609",31560,95,50,102.19
"610",31560,95,55,102.41
"611",31560,95,60,699.82
"612",31560,95,65,575.96
"613",31560,95,70,685.74
"614",31560,95,75,611.49
"615",31560,95,80,1888.59
"616",31560,105,50,451.55
"617",31560,105,55,339.35
"618",31560,105,60,632.17
"619",31560,375,45,61.27
"620",31560,375,50,117.15
"621",31560,375,55,419.21
"622",31560,375,65,440.55
"623",48074,129,65,724.46
"624",48074,833,15,47.08
"625",48074,833,45,43.12
"626",48074,833,50,204.16
"627",48074,833,60,159.94
"628",48074,833,95,433.95
"629",78928,746,5,55.55
"630",78928,746,10,104.28
"631",78928,746,15,212.85
"632",78928,746,20,759.88
"633",78928,746,25,1112.76
"634",80207,371,35,437.47
"635",80207,371,40,587.29
"636",80207,371,45,86.79
"637",80207,371,50,223.74
"638",80207,375,45,72.6
"639",80207,375,50,55.66
"640",80207,746,5,62.92
"641",80207,746,10,52.36
"642",80207,746,15,257.4
"643",80207,746,20,257.29
"644",80267,375,10,32.34
"645",80267,375,20,94.05
"646",80267,375,25,146.3
"647",80267,375,35,386.43
"648",80267,375,45,85.69
"649",80267,746,15,36.3
"650",80267,746,40,265.98
"651",80267,833,20,74.8
"652",79056,105,15,42.35
"653",79056,105,30,198.66
"654",79056,105,35,412.28
"655",29047,12,20,84.81
"656",29047,746,60,662.42
"657",29619,12,10,23.87
"658",29619,12,25,132.77
"659",29619,318,30,335.06
"660",29619,318,40,1191.63
"661",29619,318,55,244.53
"662",29619,318,60,598.07
"663",29619,318,65,1201.53
"664",29619,318,70,1523.28
"665",29619,318,75,740.52
"666",29619,318,80,808.94
"667",29619,371,5,20.68
"668",29619,371,70,784.3
"669",29613,94,20,60.5
"670",29613,375,40,657.69
"671",29613,375,45,470.14
"672",29613,375,50,2612.28
"673",29613,375,55,3007.62
"674",29613,375,60,1830.4
"675",29613,375,65,815.43
"676",29613,746,40,10.78
"677",29613,746,45,107.03
"678",29613,746,60,588.5
"679",29230,746,5,31.24
"680",29230,746,10,25.96
"681",29230,746,15,91.96
"682",29230,746,20,63.14
"683",29230,746,40,81.29
"684",29230,746,45,53.24
"685",29230,746,50,44.66
"686",29230,746,55,296.34
"687",29305,12,5,6.16
"688",29305,12,10,13.53
"689",29305,12,20,48.95
"690",29305,12,25,143.99
"691",29305,12,35,37.95
"692",29305,12,40,165.11
"693",29305,12,45,174.68
"694",29305,12,50,43.78
"695",29305,12,55,492.03
"696",29305,318,15,57.53
"697",29305,318,30,193.93
"698",29305,318,40,403.37
"699",29305,318,45,630.85
"700",29305,318,50,169.62
"701",29305,318,55,368.39
"702",29305,318,60,723.36
"703",29305,318,65,1081.19
"704",29305,318,70,1195.26
"705",29305,318,75,2035.33
"706",29305,318,80,1866.15
"707",29305,371,45,93.06
"708",29305,371,50,122.76
"709",29305,371,55,1397.66
"710",29305,371,60,814.55
"711",29305,371,70,767.14
"712",29052,12,35,36.08
"713",29052,12,40,43.01
"714",29052,129,75,1064.14
"715",29052,318,50,89.76
"716",29052,318,65,581.35
"717",29052,318,70,1809.83
"718",29052,318,75,583.33
"719",29947,12,20,48.95
"720",29947,12,25,258.17
"721",29947,12,35,361.13
"722",29947,318,45,747.01
"723",29947,318,50,110.33
"724",29947,318,55,266.42
"725",29947,318,60,535.92
"726",29947,318,65,1466.52
"727",29947,318,70,2945.36
"728",29947,318,75,1220.23
"729",29947,318,80,1764.95
"730",29947,318,95,2687.08
"731",29947,371,60,50.16
"732",29947,371,65,575.96
"733",29947,371,70,855.91
"734",29947,371,90,769.23
"735",29368,318,30,176
"736",29368,318,45,559.79
"737",29368,318,60,217.91
"738",29368,318,65,859.76
"739",29368,318,70,1668.92
"740",29368,318,75,1305.04
"741",29368,318,80,961.73
"742",29368,371,45,72.93
"743",29368,371,50,117.81
"744",29368,371,55,32.12
"745",29368,371,60,484.88
"746",29368,371,70,698.61
"747",29368,833,5,36.52
"748",29368,833,20,85.69
"749",29368,833,30,186.89
"750",29646,12,25,93.39
"751",29646,12,35,36.74
"752",29646,318,5,21.45
"753",29646,318,55,135.52
"754",29646,318,60,409.64
"755",29646,318,65,945.89
"756",29646,318,70,1809.5
"757",29646,318,75,1962.4
"758",29646,318,80,2804.78
"759",29646,371,30,248.71
"760",29646,833,15,55.55
"761",29646,833,85,2172.61
"762",29631,12,25,132.77
"763",29631,12,40,16.94
"764",29631,95,35,121.33
"765",29631,95,45,251.46
"766",29631,95,50,979.11
"767",29631,95,60,266.53
"768",29631,95,65,125.07
"769",29631,95,70,420.09
"770",29631,241,30,64.79
"771",29631,241,60,152.24
"772",29631,241,65,356.29
"773",29631,241,70,300.63
"774",29631,241,75,395.12
"775",29631,241,80,263.67
"776",29631,241,85,608.74
"777",29631,241,90,128.59
"778",29631,375,45,125.4
"779",29631,375,50,113.96
"780",29299,318,5,37.84
"781",29299,318,10,95.26
"782",29299,318,15,106.37
"783",29299,318,20,77.55
"784",29299,318,30,528.99
"785",29299,318,35,486.75
"786",29299,318,40,1214.62
"787",29299,318,45,707.08
"788",29299,318,50,909.92
"789",29299,318,55,1242.78
"790",29299,318,60,393.25
"791",29299,318,65,1127.39
"792",29299,318,70,1308.34
"793",29299,318,80,823.9
"794",29332,129,70,602.8
"795",29332,318,5,16.39
"796",29332,318,60,147.07
"797",29332,318,65,574.42
"798",29332,371,55,228.25
"799",29332,371,60,290.29
"800",29332,746,20,311.85
"801",29332,746,35,904.64
"802",29332,746,40,303.16
"803",29332,833,30,469.26
"804",29332,833,40,507.1
"805",29332,833,50,86.24
"806",29332,833,55,397.98
"807",29332,833,60,217.47
"808",29332,833,65,417.01
"809",29638,12,10,47.85
"810",29638,12,15,28.16
"811",29638,12,35,68.31
"812",29638,12,40,167.53
"813",29638,12,45,88
"814",29638,94,65,455.07
"815",29638,129,80,2351.69
"816",29638,241,65,45.1
"817",29638,241,70,63.91
"818",29638,241,75,231.11
"819",29638,241,80,186.78
"820",29638,241,90,336.82
"821",29638,241,100,623.59
"822",29638,241,105,749.43
"823",29638,318,10,40.81
"824",29638,318,30,159.06
"825",29638,318,55,18.15
"826",29638,318,60,183.15
"827",29638,318,65,763.4
"828",29638,318,70,687.94
"829",29638,318,75,482.02
"830",29638,318,85,1117.6
"831",29638,371,5,26.07
"832",29638,371,50,151.8
"833",29638,371,55,186.01
"834",29638,371,70,927.63
"835",29638,371,80,1911.47
"836",29638,375,35,467.72
"837",29638,375,50,127.82
"838",29648,241,5,8.58
"839",29648,241,15,21.56
"840",29648,241,20,30.03
"841",29648,241,30,57.97
"842",29648,241,45,178.64
"843",29648,241,50,765.6
"844",29648,241,65,136.73
"845",29648,241,70,117.37
"846",29648,241,80,112.86
"847",28882,105,10,33.55
"848",28882,105,20,67.43
"849",28882,105,40,90.2
"850",28882,105,50,291.28
"851",28882,375,60,600.16
"852",28882,375,70,476.63
"853",29736,95,5,11.33
"854",29736,95,10,32.34
"855",29736,95,55,112.42
"856",29736,95,60,75.35
"857",29736,241,15,21.56
"858",29736,241,25,137.39
"859",29736,241,65,312.62
"860",29736,241,70,442.53
"861",29736,241,75,240.13
"862",29736,241,80,327.58
"863",29736,241,85,340.12
"864",29736,241,95,223.96
"865",30731,95,65,139.48
"866",30731,105,40,186.67
"867",30731,105,45,289.85
"868",30731,105,50,1065.68
"869",30731,105,55,2349.6
"870",30691,95,30,101.53
"871",30691,95,45,267.41
"872",30691,95,55,238.81
"873",30691,95,60,86.46
"874",30691,241,10,17.82
"875",30691,241,20,69.85
"876",30691,241,25,137.39
"877",30691,241,30,295.13
"878",30691,241,35,95.81
"879",30691,241,40,535.37
"880",30691,241,45,562.54
"881",30691,241,50,290.62
"882",30691,241,55,1074.37
"883",30691,241,60,520.85
"884",30691,241,65,344.19
"885",30691,241,70,374.88
"886",30691,241,75,404.47
"887",30691,241,80,125.07
"888",30691,241,85,187.22
"889",28469,129,5,9.46
"890",28469,129,30,156.97
"891",28469,129,45,75.35
"892",28469,129,50,309.87
"893",28469,129,60,421.08
"894",28469,129,65,616.22
"895",28469,129,70,1484.12
"896",28469,746,45,338.03
"897",30728,95,15,26.07
"898",30728,95,20,88.66
"899",30728,95,45,337.04
"900",30728,105,5,27.61
"901",30728,105,10,37.29
"902",30728,105,15,32.34
"903",30728,105,20,54.01
"904",30728,105,25,200.31
"905",30728,105,35,288.09
"906",30728,105,40,142.45
"907",30728,105,45,103.51
"908",30728,105,50,382.58
"909",29787,318,5,21.45
"910",29787,318,50,89.32
"911",29787,318,55,109.67
"912",29787,318,60,61.49
"913",29787,318,80,2508.88
"914",29787,318,85,2478.85
"915",30717,95,50,42.9
"916",30717,95,55,77.33
"917",30717,105,35,283.47
"918",30717,105,40,559.46
"919",30717,105,45,2260.17
"920",30717,105,50,1083.06
"921",30717,105,55,1507.33
"922",30717,746,10,30.91
"923",30717,746,15,42.24
"924",30717,746,40,135.19
"925",30717,746,45,143.99
"926",30717,746,50,245.08
"927",30717,746,60,497.53
"928",30717,746,65,784.96
"929",30687,105,5,8.36
"930",30687,105,30,185.57
"931",30687,746,60,144.54
"932",28889,12,40,43.56
"933",28889,129,65,495.55
"934",28889,129,80,2878.92
"935",28889,318,50,1044.45
"936",28889,318,55,134.64
"937",28889,318,60,548.13
"938",28889,318,65,272.03
"939",28889,318,80,1710.17
"940",28889,318,85,1300.86
"941",28819,95,15,21.78
"942",28819,95,75,302.39
"943",28819,105,40,71.94
"944",28819,105,45,698.17
"945",28819,105,50,2189.66
"946",28819,105,55,612.7
"947",28819,129,40,64.9
"948",28819,129,45,11.88
"949",28819,129,50,255.97
"950",28819,129,55,339.79
"951",28819,375,30,270.38
"952",28819,375,45,235.84
"953",28819,375,50,228.58
"954",28819,375,55,420.09
"955",28819,375,60,391.16
"956",28887,105,5,19.25
"957",28887,105,10,20.02
"958",28887,105,15,247.17
"959",28887,105,20,202.62
"960",28887,105,25,309.21
"961",28887,833,65,355.19
"962",28825,318,50,85.91
"963",28825,318,60,141.68
"964",28825,318,75,498.19
"965",28825,318,80,656.04
"966",28869,129,50,91.41
"967",28869,318,15,48.84
"968",28869,318,35,232.87
"969",28869,318,50,1272.81
"970",28869,318,55,249.59
"971",28869,318,60,901.23
"972",28869,318,65,1568.6
"973",28869,318,75,535.48
"974",28869,375,60,401.72
"975",28869,833,15,64.68
"976",28869,833,30,205.15
"977",28869,833,50,197.23
"978",28869,833,55,1183.05
"979",28869,833,60,998.25
"980",28869,833,65,383.9
"981",28869,833,70,505.56
"982",28869,833,75,1820.06
"983",28869,833,85,2320.34
"984",29000,12,30,193.93
"985",29000,12,35,190.3
"986",29000,12,40,355.41
"987",29000,12,45,340.23
"988",29000,12,50,172.04
"989",29000,94,45,352.22
"990",29000,94,50,372.24
"991",29000,94,55,209.88
"992",29000,375,60,315.7
"993",29000,746,50,202.62
"994",29000,746,55,293.15
"995",29431,105,35,47.63
"996",29431,105,40,336.6
"997",29431,105,45,661.76
"998",29431,105,50,1350.8
"999",29431,746,5,10.56
"1000",29038,12,15,32.67
"1001",29038,129,35,256.52
"1002",29038,129,45,39.71
"1003",29038,746,10,25.96
"1004",29038,746,15,196.35
"1005",29038,746,20,142.78
"1006",29038,746,30,475.42
"1007",29038,746,35,1400.19
"1008",29038,746,40,209.33
"1009",29038,746,45,111.21
"1010",30761,12,40,52.03
"1011",30761,105,30,173.03
"1012",30761,105,35,71.28
"1013",30761,105,40,210.32
"1014",30761,105,45,305.8
"1015",30761,105,50,175.34
"1016",30761,129,30,256.52
"1017",30761,129,45,54.23
"1018",30761,746,15,48.73
"1019",30761,746,25,155.87
"1020",30761,746,45,105.38
"1021",30761,746,50,169.62
"1022",27292,241,80,132.77
"1023",27292,371,55,229.9
"1024",27077,12,5,19.03
"1025",27077,12,10,37.4
"1026",27077,12,15,37.73
"1027",27077,12,20,55.22
"1028",27077,12,30,222.31
"1029",27077,12,35,7.92
"1030",27077,129,25,76.34
"1031",27077,129,30,437.36
"1032",27077,129,35,225.17
"1033",27077,129,45,33.88
"1034",27077,129,50,119.02
"1035",27077,241,75,91.41
"1036",27077,375,5,15.95
"1037",27077,375,55,188.1
"1038",26815,12,10,16.61
"1039",26815,12,20,48.95
"1040",26815,12,25,143.99
"1041",26815,12,35,29.7
"1042",26815,12,45,87.45
"1043",26815,94,55,152.9
"1044",26815,129,45,61.6
"1045",26815,129,50,310.42
"1046",26815,129,55,326.48
"1047",26815,129,60,682.88
"1048",26815,129,65,46.64
"1049",26815,129,70,3627.58
"1050",26815,129,75,4020.5
"1051",26815,129,80,7734.76
"1052",26815,129,85,2742.41
"1053",26815,375,50,102.19
"1054",26815,375,65,484.11
"1055",26815,746,55,430.65
"1056",26815,746,60,613.69
"1057",27714,12,15,28.16
"1058",27714,12,35,29.59
"1059",27714,129,50,118.47
"1060",27714,375,60,305.47
"1061",27714,375,70,727.43
"1062",26270,12,5,23.1
"1063",26270,12,10,13.53
"1064",26270,12,15,32.67
"1065",26270,12,35,28.6
"1066",26270,12,40,132.55
"1067",26270,95,25,60.5
"1068",27335,12,5,16.94
"1069",27335,12,10,40.48
"1070",27335,12,15,151.25
"1071",27335,12,20,292.6
"1072",27335,12,40,46.09
"1073",27335,371,55,224.29
"1074",27335,371,75,1421.09
"1075",27335,375,5,15.95
"1076",25883,12,10,33.55
"1077",25883,12,15,126.61
"1078",25883,12,20,123.86
"1079",25883,12,25,155.65
"1080",25883,95,20,41.36
"1081",25883,95,25,67.76
"1082",25883,95,35,143.22
"1083",25883,95,45,1316.37
"1084",25883,95,50,638.66
"1085",25883,95,55,205.37
"1086",25883,95,60,154.55
"1087",25883,129,40,25.19
"1088",25883,129,45,38.39
"1089",25883,241,5,19.91
"1090",25883,241,35,95.81
"1091",25883,241,65,13.86
"1092",25883,241,70,75.68
"1093",25883,241,80,167.42
"1094",25883,375,60,265.54
"1095",26773,12,5,16.61
"1096",26773,12,10,67.54
"1097",26773,12,15,93.5
"1098",26773,12,20,193.38
"1099",26773,12,25,226.27
"1100",26773,12,30,193.93
"1101",26773,12,35,60.72
"1102",26773,12,45,196.9
"1103",26773,12,50,191.18
"1104",26773,129,60,97.35
"1105",26773,129,75,1304.49
"1106",26773,241,90,246.95
"1107",26773,371,55,188.32
"1108",26773,375,45,58.52
"1109",26773,375,50,612.26
"1110",26773,375,55,653.62
"1111",26773,375,60,734.58
"1112",26773,375,65,2050.18
"1113",26773,746,10,21.45
"1114",26793,12,10,63.69
"1115",26793,12,15,93.5
"1116",26793,12,20,132
"1117",26793,12,25,143.99
"1118",26793,12,35,85.47
"1119",26793,12,40,138.16
"1120",26793,241,80,301.4
"1121",26793,371,5,20.68
"1122",27020,241,80,59.29
"1123",27020,241,95,452.1
"1124",27020,318,55,132.44
"1125",27020,318,75,811.8
"1126",27020,318,80,2154.46
"1127",27020,318,90,2393.05
"1128",25967,12,10,37.4
"1129",25967,12,15,32.67
"1130",25967,12,20,161.59
"1131",25967,12,25,660.66
"1132",25967,12,30,558.03
"1133",25967,12,35,49.61
"1134",25967,12,40,105.38
"1135",25967,12,45,75.46
"1136",25967,94,50,92.07
"1137",25967,241,5,11.33
"1138",25967,241,15,21.56
"1139",25967,241,65,32.67
"1140",27774,12,5,90.97
"1141",27774,12,10,64.46
"1142",27774,12,15,60.83
"1143",27774,12,20,104.17
"1144",27774,12,25,93.39
"1145",27774,12,40,75.68
"1146",27774,371,50,121.66
"1147",31629,12,40,44.99
"1148",31629,241,45,191.07
"1149",31629,241,50,259.82
"1150",31629,241,55,413.71
"1151",31629,241,65,162.25
"1152",31629,241,70,289.19
"1153",31629,241,75,689.37
"1154",31629,241,80,332.42
"1155",31629,241,85,1227.49
"1156",31629,241,90,1244.65
"1157",31629,241,95,1969.33
"1158",31629,241,100,1032.24
"1159",31629,375,55,213.73
"1160",31629,375,60,243.21
"1161",31629,375,65,2164.03
"1162",31629,375,70,604.34
"1163",31629,375,75,442.31
"1164",31620,12,35,90.97
"1165",31620,12,40,75.9
"1166",31620,375,25,161.37
"1167",31620,375,30,270.38
"1168",31620,746,5,94.16
"1169",31620,746,10,94.82
"1170",31620,746,15,78.65
"1171",31620,746,20,134.2
"1172",31620,746,50,34.54
"1173",32618,12,40,165.33
"1174",32618,12,45,82.83
"1175",32618,12,50,190.63
"1176",32618,94,55,150.59
"1177",32618,94,60,871.2
"1178",32618,94,65,458.92
"1179",32618,95,55,130.57
"1180",32618,95,60,189.31
"1181",32618,95,70,285.12
"1182",32618,129,55,36.52
"1183",32618,129,75,1557.27
"1184",32618,129,80,3635.61
"1185",32618,746,50,191.07
"1186",32618,746,55,621.72
"1187",32618,746,60,476.63
"1188",31616,12,20,48.95
"1189",31616,129,50,15.95
"1190",31616,129,55,128.15
"1191",31616,129,60,229.46
"1192",31616,375,55,190.19
"1193",31616,375,60,82.5
"1194",31616,746,5,90.86
"1195",31616,746,10,47.41
"1196",31616,746,15,42.24
"1197",31594,12,5,20.57
"1198",31594,12,10,20.13
"1199",31594,12,15,65.45
"1200",31594,12,35,90.53
"1201",31594,12,40,150.04
"1202",31594,129,45,55.55
"1203",31594,129,50,33.66
"1204",31594,129,55,307.34
"1205",31594,129,60,1099.01
"1206",31594,129,65,1209.78
"1207",31594,129,70,2194.39
"1208",31594,129,75,2304.39
"1209",31594,375,45,69.96
"1210",31594,375,50,118.03
"1211",31594,375,60,57.97
"1212",31594,375,70,144.98
"1213",31594,746,55,335.28
"1214",31550,12,60,442.2
"1215",31550,94,35,602.8
"1216",31550,94,40,1240.03
"1217",31550,94,45,1143.89
"1218",31550,94,50,989.56
"1219",31550,94,55,297.88
"1220",31550,543,10,20.02
"1221",31548,12,5,16.94
"1222",31548,12,25,122.21
"1223",31548,12,35,420.09
"1224",31548,12,40,96.91
"1225",31548,12,55,389.73
"1226",31548,241,90,272.47
"1227",31548,241,95,888.69
"1228",31548,241,100,531.3
"1229",31548,318,10,27.17
"1230",31548,371,25,176.44
"1231",31548,371,60,253.55
"1232",31548,375,45,154.88
"1233",31548,375,55,152.46
"1234",31548,375,60,407.22
"1235",31548,375,65,84.81
"1236",31548,543,35,178.97
"1237",31541,12,50,191.18
"1238",31541,375,45,13.53
"1239",31541,375,50,36.08
"1240",31541,375,55,38.94
"1241",31541,375,60,459.14
"1242",31541,375,65,1032.02
"1243",31541,375,70,106.37
"1244",31541,375,75,1373.35
"1245",31541,543,5,15.73
"1246",31541,543,10,20.02
"1247",31541,543,15,30.36
"1248",31541,543,20,183.7
"1249",31541,543,25,76.34
"1250",31541,543,55,71.28
"1251",31541,543,65,341
"1252",31541,543,75,811.47
"1253",31541,543,80,1115.84
"1254",31541,746,5,10.56
"1255",31541,746,10,30.91
"1256",31541,746,15,78.65
"1257",31541,746,20,159.39
"1258",31541,746,25,131.12
"1259",31541,746,30,197.67
"1260",31541,746,45,120.78
"1261",31541,746,50,202.29
"1262",31541,746,55,769.89
"1263",31541,746,60,2356.53
"1264",31540,12,20,154
"1265",31540,12,25,186.89
"1266",31540,12,40,362.45
"1267",31540,12,45,99.33
"1268",31540,12,50,133.54
"1269",31540,95,25,60.5
"1270",31540,95,30,83.71
"1271",31540,95,40,167.09
"1272",31540,95,50,129.8
"1273",31540,95,55,377.85
"1274",31540,95,60,164.23
"1275",31540,95,65,127.38
"1276",31540,105,45,261.8
"1277",31540,105,50,143.77
"1278",31540,129,50,55.44
"1279",33255,12,45,77.22
"1280",33255,746,5,115.17
"1281",33255,746,10,439.12
"1282",33255,746,15,467.06
"1283",33255,746,20,926.64
"1284",33255,746,25,119.68
"1285",33255,746,40,54.12
"1286",33255,746,50,156.64
"1287",32573,12,5,6.16
"1288",32573,12,15,43.12
"1289",32573,12,20,55.22
"1290",32573,12,25,287.98
"1291",32573,12,35,33.22
"1292",32573,371,85,1967.46
"1293",32573,375,10,71.28
"1294",32573,375,55,222.86
"1295",32573,375,60,49.28
"1296",32573,375,70,626.12
"1297",32573,543,55,60.17
"1298",32573,543,60,235.95
"1299",32573,543,65,162.36
"1300",31546,12,5,6.16
"1301",31546,12,20,69.08
"1302",31546,12,35,28.93
"1303",31546,12,40,123.86
"1304",31546,95,5,8.47
"1305",31546,95,45,318.78
"1306",31546,95,50,121.66
"1307",31546,95,55,154.44
"1308",31546,95,60,90.86
"1309",31546,95,65,147.18
"1310",31546,95,70,215.49
"1311",31546,375,40,693
"1312",31546,375,45,131.23
"1313",31546,375,50,162.8
"1314",31546,375,55,174.57
"1315",31546,375,60,237.6
"1316",79835,12,5,8.25
"1317",79835,12,20,48.95
"1318",79835,12,35,32.67
"1319",79835,12,40,48.29
"1320",79835,318,25,101.09
"1321",79835,318,45,526.02
"1322",79835,746,5,34.87
"1323",79835,746,10,140.14
"1324",79835,746,15,316.25
"1325",79835,746,20,788.37
"1326",79835,746,25,585.31
"1327",79835,746,30,197.67
"1328",78940,833,5,41.36
"1329",78940,833,10,71.83
"1330",78940,833,15,64.68
"1331",78940,833,20,85.69
"1332",79067,12,5,8.25
"1333",79067,12,25,112.09
"1334",79067,12,35,29.48
"1335",79067,12,40,228.58
"1336",79067,12,45,183.59
"1337",79067,12,50,145.42
"1338",79067,318,10,27.17
"1339",79067,318,50,73.26
"1340",79067,318,60,158.62
"1341",79067,318,70,329.12
"1342",79067,543,30,108.9
"1343",79067,746,50,606.32
"1344",79067,746,55,772.86
"1345",79067,746,60,503.36
"1346",78985,375,5,20.79
"1347",78985,375,10,39.05
"1348",78985,375,20,105.93
"1349",78985,746,5,31.24
"1350",78985,746,10,25.96
"1351",78985,746,15,111.32
"1352",78985,746,20,171.93
"1353",78985,746,25,876.59
"1354",78985,746,30,212.85
"1355",78985,833,5,31.57
"1356",78985,833,50,156.86
"1357",78959,318,35,253.88
"1358",78959,318,55,457.49
"1359",78959,318,60,374.99
"1360",78959,371,55,256.63
"1361",78959,375,60,161.48
"1362",78959,375,65,403.7
"1363",78959,833,65,651.2
"1364",81630,375,50,133.65
"1365",81630,375,55,172.15
"1366",80357,12,20,104.17
"1367",80357,241,5,11.33
"1368",80357,241,10,17.82
"1369",80357,241,20,30.03
"1370",80357,241,30,122.76
"1371",80357,241,45,408.21
"1372",80357,241,55,646.58
"1373",80357,241,60,617.76
"1374",80357,241,65,1003.86
"1375",80357,241,70,942.59
"1376",80357,241,75,663.85
"1377",80357,241,80,428.12
"1378",80357,241,85,331.32
"1379",80357,241,90,251.35
"1380",80357,371,10,38.83
"1381",80357,371,45,69.52
"1382",80357,543,35,178.97
"1383",80357,543,50,47.74
"1384",80357,543,60,98.56
"1385",78843,318,10,40.81
"1386",78843,318,45,630.85
"1387",78843,318,50,205.92
"1388",78843,318,55,112.86
"1389",78843,318,60,501.71
"1390",78843,318,65,559.57
"1391",78843,318,70,1383.14
"1392",78843,318,75,1821.05
"1393",78843,318,80,689.04
"1394",78843,318,85,2468.4
"1395",78843,371,55,150.81
"1396",79018,129,40,31.57
"1397",79018,129,50,217.58
"1398",79018,129,55,180.84
"1399",79018,129,60,644.93
"1400",30016,12,40,44
"1401",30016,12,50,282.37
"1402",30016,12,55,284.79
"1403",30016,94,15,35.86
"1404",30016,94,40,73.37
"1405",30016,94,45,297.33
"1406",30016,94,50,90.2
"1407",30016,94,55,506.55
"1408",30016,94,60,353.76
"1409",30016,241,70,136.73
"1410",30016,241,75,90.97
"1411",30016,241,85,313.28
"1412",30016,241,90,583.99
"1413",30016,241,100,509.63
"1414",30016,241,110,957.88
"1415",30016,375,45,589.27
"1416",30016,375,50,129.14
"1417",30016,375,55,914.54
"1418",30016,375,60,327.58
"1419",30016,375,65,546.37
"1420",30016,833,30,205.15
"1421",30011,129,5,38.39
"1422",30011,129,15,53.9
"1423",30011,129,20,219.12
"1424",30011,129,40,29.37
"1425",30011,129,45,67.65
"1426",30011,129,70,2162.05
"1427",30011,375,55,369.93
"1428",30011,833,30,224.51
"1429",30011,833,40,923.67
"1430",30011,833,50,269.61
"1431",30011,833,55,447.04
"1432",30011,833,60,443.08
"1433",30011,833,65,3104.75
"1434",30011,833,70,2792.79
"1435",30011,833,75,733.92
"1436",30011,833,80,1063.37
"1437",30733,95,40,400.95
"1438",30733,95,45,301.07
"1439",30733,95,50,303.49
"1440",30733,95,55,318.01
"1441",30733,95,60,183.92
"1442",30733,105,35,135.08
"1443",30733,105,40,648.78
"1444",30733,105,45,1355.64
"1445",30733,105,50,675.29
"1446",29586,318,25,101.09
"1447",29586,318,50,171.93
"1448",29586,318,55,1030.26
"1449",29586,318,60,1047.2
"1450",29586,318,65,1403.82
"1451",29586,318,70,641.3
"1452",29586,318,75,1133.99
"1453",29586,318,80,1268.3
"1454",30692,746,5,41.8
"1455",30692,746,10,103.84
"1456",30692,746,15,199.54
"1457",30692,746,20,142.78
"1458",30380,12,5,8.25
"1459",30380,94,45,68.75
"1460",30380,94,50,111.87
"1461",30380,95,60,84.15
"1462",30380,241,80,136.4
"1463",30380,241,85,437.14
"1464",30380,241,90,858.55
"1465",30380,241,95,877.8
"1466",30380,318,10,33.66
"1467",30380,318,20,67.1
"1468",30380,318,55,120.45
"1469",30380,318,60,192.39
"1470",30380,318,80,699.6
"1471",30380,375,5,15.95
"1472",30380,543,5,23.98
"1473",30380,543,15,43.01
"1474",30380,543,25,97.35
"1475",29641,94,45,61.27
"1476",29641,94,50,279.29
"1477",29641,94,55,228.47
"1478",29641,94,60,555.83
"1479",29641,94,65,481.36
"1480",29641,95,10,17.93
"1481",29641,95,20,41.36
"1482",29641,95,50,89.76
"1483",29641,95,55,270.27
"1484",29641,95,60,347.27
"1485",29641,95,65,585.53
"1486",29641,95,70,789.14
"1487",29641,95,75,305.14
"1488",29641,241,85,447.04
"1489",29641,241,90,318.01
"1490",29641,371,70,469.48
"1491",29641,375,50,103.4
"1492",29641,375,75,1103.19
"1493",29641,746,45,46.86
"1494",29641,746,50,226.05
"1495",29641,746,60,608.08
"1496",29617,94,50,120.56
"1497",29617,94,70,970.64
"1498",29617,129,75,379.17
"1499",29617,129,85,2485.78
"1500",29617,241,50,290.62
"1501",29617,241,60,35.53
"1502",29617,241,70,70.07
"1503",29617,241,80,139.59
"1504",29617,241,85,985.82
"1505",29617,241,90,740.08
"1506",29617,241,95,1042.8
"1507",29617,318,30,193.93
"1508",29617,318,40,375.65
"1509",29617,318,45,668.25
"1510",29617,318,50,47.3
"1511",29617,318,55,209.77
"1512",29617,318,75,669.13
"1513",29617,318,85,1314.28
"1514",29617,318,90,1739.43
"1515",29617,371,60,378.29
"1516",29617,371,75,2795.54
"1517",29617,375,70,807.07
"1518",29632,12,55,410.08
"1519",29632,94,45,53.02
"1520",29632,241,80,39.6
"1521",29632,241,90,347.82
"1522",29632,241,95,924.33
"1523",29632,241,100,604.67
"1524",29632,241,110,1115.07
"1525",29632,371,10,103.07
"1526",29632,371,20,93.61
"1527",29632,371,30,517.66
"1528",29632,371,35,769.12
"1529",29632,371,40,654.39
"1530",29632,371,45,149.93
"1531",29632,371,50,664.95
"1532",29632,371,55,663.19
"1533",29632,371,60,995.06
"1534",29632,371,75,1011.56
"1535",29632,371,85,5329.5
"1536",29297,318,50,75.9
"1537",29297,318,55,218.35
"1538",29297,318,60,428.23
"1539",29297,318,65,2192.08
"1540",29297,318,70,1292.83
"1541",29297,318,75,616.88
"1542",29297,318,80,1655.17
"1543",29297,371,45,170.5
"1544",29297,833,60,266.53
"1545",29297,833,65,383.79
"1546",29315,318,50,186.45
"1547",29315,318,55,252.34
"1548",29315,318,60,871.53
"1549",29315,318,65,1226.39
"1550",29315,318,70,411.73
"1551",29315,318,75,626.89
"1552",29315,371,55,540.32
"1553",29315,371,60,660.11
"1554",29315,371,65,435.27
"1555",29640,12,35,454.96
"1556",29640,12,40,181.94
"1557",29640,12,45,790.13
"1558",29640,12,50,376.97
"1559",29640,94,45,120.89
"1560",29640,94,50,868.12
"1561",29640,94,65,495.22
"1562",29640,129,55,89.1
"1563",29640,129,65,1822.15
"1564",29640,129,70,1700.71
"1565",29640,129,75,4703.6
"1566",29640,129,80,2104.96
"1567",29640,129,85,4348.74
"1568",29640,318,5,16.39
"1569",29640,318,10,81.73
"1570",29640,318,50,235.95
"1571",29640,318,60,158.07
"1572",29640,318,75,680.24
"1573",29640,318,80,463.32
"1574",29320,12,35,1001.88
"1575",29320,12,40,335.28
"1576",29320,12,45,289.85
"1577",29320,12,50,967.23
"1578",29320,12,55,308.22
"1579",29320,94,50,127.71
"1580",29320,94,60,334.95
"1581",29320,318,65,571.67
"1582",29320,318,70,1674.2
"1583",29320,318,75,1724.91
"1584",29320,318,80,2706.66
"1585",29320,318,85,1313.73
"1586",29320,318,90,5581.73
"1587",29320,371,50,22.77
"1588",29320,543,60,153.12
"1589",29320,543,75,391.05
"1590",29320,833,70,616
"1591",29314,12,10,33.55
"1592",29314,12,35,119.79
"1593",29314,12,40,520.08
"1594",29314,12,45,953.15
"1595",29314,12,50,143.99
"1596",29314,94,15,66.55
"1597",29314,94,60,271.92
"1598",29314,95,50,38.72
"1599",29314,241,30,57.97
"1600",29314,241,40,133.76
"1601",29314,241,45,178.64
"1602",29314,241,50,259.82
"1603",29314,241,55,734.03
"1604",29314,241,60,211.09
"1605",29314,241,65,157.74
"1606",29314,241,70,494.67
"1607",29314,241,75,638.44
"1608",29314,241,80,324.06
"1609",29314,241,85,186.45
"1610",29314,241,90,696.19
"1611",29314,241,95,799.04
"1612",29314,371,45,47.74
"1613",29314,371,55,31.57
"1614",29639,12,5,25.19
"1615",29639,12,10,13.53
"1616",29639,12,15,32.67
"1617",29639,12,20,154
"1618",29639,12,35,133.1
"1619",29639,12,40,669.02
"1620",29639,12,45,679.25
"1621",29639,12,50,52.47
"1622",29639,94,50,125.18
"1623",29639,95,60,99.11
"1624",29639,95,70,442.97
"1625",29639,95,80,1013.54
"1626",29639,241,5,11.33
"1627",29639,241,10,46.64
"1628",29639,241,15,51.26
"1629",29639,241,25,91.74
"1630",29639,241,30,151.36
"1631",29639,241,35,104.72
"1632",29639,241,45,178.64
"1633",29639,241,70,76.23
"1634",29639,241,80,263.89
"1635",29639,241,85,862.29
"1636",29639,241,95,854.59
"1637",29639,241,100,1498.75
"1638",29639,375,45,80.08
"1639",29639,375,60,564.52
"1640",29639,375,65,427.46
"1641",29956,12,50,175.01
"1642",29956,12,55,302.83
"1643",29956,241,85,274.67
"1644",29956,318,60,178.75
"1645",29956,318,65,243.98
"1646",29956,318,80,814.11
"1647",29956,371,50,163.57
"1648",29956,371,65,458.7
"1649",29956,371,70,1355.64
"1650",29956,375,55,199.1
"1651",29956,375,65,409.42
"1652",29956,543,80,512.49
"1653",30715,12,45,107.36
"1654",30715,12,55,328.68
"1655",30715,746,5,247.06
"1656",30715,746,10,308.44
"1657",30715,746,15,333.74
"1658",30715,746,20,126.28
"1659",30715,746,40,11.55
"1660",30715,746,45,32.34
"1661",30702,318,30,159.06
"1662",30702,318,45,707.08
"1663",30702,318,55,139.26
"1664",30702,318,65,269.17
"1665",30702,318,80,767.36
"1666",30702,318,85,1182.83
"1667",30702,318,95,4808.87
"1668",28847,94,30,132
"1669",28847,95,60,115.28
"1670",28847,105,40,78.1
"1671",28847,105,45,114.4
"1672",28847,105,50,694.54
"1673",28847,129,15,26.95
"1674",28847,129,25,76.34
"1675",28847,129,40,28.6
"1676",28847,129,45,360.91
"1677",28847,129,50,74.69
"1678",28847,129,55,184.14
"1679",28847,129,60,240.02
"1680",28847,129,65,333.96
"1681",28847,129,75,1134.98
"1682",28847,746,50,98.12
"1683",29159,318,35,232.87
"1684",29159,318,60,177.98
"1685",29159,318,65,277.09
"1686",29159,318,70,2115.63
"1687",29159,318,75,1792.12
"1688",29159,318,80,988.13
"1689",29159,318,85,2789.27
"1690",29159,371,70,131.34
"1691",28543,12,5,20.57
"1692",28543,12,10,23.87
"1693",28543,12,15,28.16
"1694",28543,12,20,55.22
"1695",28543,12,35,45.21
"1696",28543,12,40,28.93
"1697",28543,12,45,498.74
"1698",28543,12,50,44.66
"1699",28543,94,50,124.52
"1700",28543,94,55,167.31
"1701",28543,94,60,363.55
"1702",28543,241,60,140.69
"1703",28543,241,65,174.24
"1704",28543,241,70,64.24
"1705",28543,241,75,94.93
"1706",28543,241,80,593.12
"1707",28543,241,85,258.28
"1708",28543,241,90,1042.47
"1709",28543,241,95,478.83
"1710",28543,318,5,16.39
"1711",28543,318,30,193.93
"1712",28543,371,55,237.05
"1713",28543,371,65,659.78
"1714",28543,375,65,1027.84
"1715",28543,543,55,66.22
"1716",28543,543,75,441.98
"1717",29020,12,5,20.57
"1718",29020,12,10,13.53
"1719",29020,12,15,60.83
"1720",30730,105,35,37.29
"1721",30730,105,45,197.23
"1722",30730,105,50,304.92
"1723",30730,105,60,208.12
"1724",30730,375,45,76.89
"1725",30730,375,50,113.52
"1726",30730,746,45,138.27
"1727",30730,746,50,421.74
"1728",30730,746,55,285.01
"1729",30730,746,65,411.73
"1730",28880,12,5,29.81
"1731",28880,12,10,20.13
"1732",28880,12,15,71.17
"1733",28880,12,20,55.22
"1734",28880,12,35,400.29
"1735",28880,94,50,89.76
"1736",28880,94,65,890.23
"1737",28880,94,70,714.67
"1738",28880,95,5,8.47
"1739",28880,95,10,17.93
"1740",28880,95,25,121
"1741",28880,95,35,121.33
"1742",28880,95,45,251.46
"1743",28880,95,50,47.19
"1744",28880,95,55,437.91
"1745",28880,95,60,899.8
"1746",28880,95,65,956.34
"1747",28880,95,70,981.31
"1748",28880,95,80,406.56
"1749",28880,129,70,851.29
"1750",28880,129,75,1128.6
"1751",28880,129,85,3281.41
"1752",31654,95,50,21.12
"1753",31654,95,60,52.03
"1754",31654,375,25,132
"1755",31654,375,60,56.1
"1756",31654,746,5,104.72
"1757",31654,746,10,161.15
"1758",31654,746,15,153.01
"1759",31654,746,20,338.14
"1760",31654,746,55,91.63
"1761",31654,746,60,236.5
"1762",32698,12,10,30.14
"1763",32698,12,30,193.93
"1764",32698,12,35,29.37
"1765",32698,12,40,55.77
"1766",32698,12,45,85.36
"1767",32698,94,10,21.78
"1768",32698,94,50,97.35
"1769",32698,375,5,52.47
"1770",32698,375,15,63.25
"1771",32698,375,55,26.51
"1772",32698,543,65,136.95
"1773",32698,746,5,27.61
"1774",32698,746,10,25.96
"1775",32698,746,15,36.3
"1776",32698,746,20,71.17
"1777",32698,746,40,45.76
"1778",32698,746,45,401.72
"1779",32698,746,50,133.54
"1780",33642,12,5,8.25
"1781",33642,12,15,43.12
"1782",33642,94,20,47.3
"1783",33642,129,5,12.32
"1784",33642,129,10,38.06
"1785",33642,129,25,76.34
"1786",33642,129,30,156.97
"1787",33642,129,45,31.13
"1788",33642,375,5,32.01
"1789",33642,375,15,63.25
"1790",33642,746,5,55.99
"1791",33642,746,10,51.92
"1792",33642,746,15,207.02
"1793",33642,746,20,242.99
"1794",33642,746,30,245.3
"1795",31578,12,40,39.49
"1796",31578,12,45,81.07
"1797",31578,12,50,322.41
"1798",31578,94,55,130.9
"1799",31578,94,70,663.3
"1800",31578,241,100,599.28
"1801",31578,375,60,270.71
"1802",31578,375,70,767.91
"1803",31578,543,60,120.23
"1804",31578,543,70,560.12
"1805",31578,543,85,695.53
"1806",31642,12,10,13.53
"1807",31642,12,35,496.76
"1808",31642,12,40,139.48
"1809",31642,12,50,204.6
"1810",31642,375,50,119.24
"1811",31642,375,60,327.69
"1812",31642,543,75,374.22
"1813",31642,746,15,202.29
"1814",31642,746,20,108.79
"1815",31642,746,25,131.12
"1816",31642,746,30,579.48
"1817",31642,746,40,88.55
"1818",31642,746,45,262.79
"1819",31642,746,50,695.2
"1820",31642,746,55,748.11
"1821",31642,746,60,7116.67
"1822",31642,746,70,1938.97
"1823",31642,746,75,5172.31
"1824",32531,12,15,43.12
"1825",32531,95,5,8.47
"1826",32531,95,15,69.74
"1827",32531,95,20,47.3
"1828",32531,95,25,303.27
"1829",32531,95,30,92.4
"1830",32531,95,35,276.21
"1831",32531,95,40,442.86
"1832",32531,95,45,251.46
"1833",32531,95,55,163.46
"1834",31917,318,10,27.17
"1835",31917,375,10,39.05
"1836",31917,746,5,13.75
"1837",31917,746,10,87.78
"1838",31917,746,15,36.3
"1839",31917,746,20,223.08
"1840",31917,746,25,119.68
"1841",31917,746,30,299.09
"1842",31917,746,40,174.35
"1843",31917,833,10,39.38
"1844",31917,833,15,47.08
"1845",31917,833,35,288.42
"1846",31328,94,40,38.39
"1847",31328,105,40,26.51
"1848",31328,129,55,42.9
"1849",31328,129,60,503.69
"1850",31328,129,65,1092.3
"1851",31328,129,70,1635.26
"1852",31328,129,75,2360.05
"1853",31328,375,50,108.24
"1854",31328,375,55,242.99
"1855",31328,746,55,923.01
"1856",31328,746,60,1236.73
"1857",31328,746,65,949.41
"1858",31328,746,70,4795.34
"1859",31631,129,45,32.45
"1860",31631,746,25,155.87
"1861",31672,12,5,20.57
"1862",31672,12,10,13.53
"1863",31672,12,35,30.8
"1864",31672,12,40,69.63
"1865",31672,95,50,44.33
"1866",31672,95,60,82.72
"1867",31672,375,10,39.05
"1868",31672,375,45,89.43
"1869",31672,375,55,382.36
"1870",31672,375,65,147.73
"1871",31672,746,5,73.37
"1872",31672,746,10,21.45
"1873",31525,12,25,102.52
"1874",31525,12,50,109.12
"1875",31525,94,40,41.8
"1876",31525,94,45,389.4
"1877",31525,94,50,574.2
"1878",31525,94,55,4005.98
"1879",31525,94,60,6253.72
"1880",31525,94,65,959.75
"1881",31525,375,55,163.79
"1882",31525,375,65,394.24
"1883",31657,12,40,53.79
"1884",31657,12,45,118.47
"1885",31657,12,50,327.8
"1886",31657,94,75,1264.67
"1887",31657,375,55,96.36
"1888",31657,375,70,1546.6
"1889",31657,543,5,31.46
"1890",31657,543,15,103.07
"1891",31657,543,20,50.38
"1892",31657,543,30,148.5
"1893",31657,543,35,553.41
"1894",31657,543,55,79.42
"1895",31657,543,60,127.6
"1896",31657,543,65,152.35
"1897",31657,543,75,470.36
"1898",28837,12,40,66.11
"1899",28837,12,55,107.14
"1900",28837,94,20,60.5
"1901",28837,94,40,37.4
"1902",28837,94,45,60.94
"1903",28837,94,50,128.37
"1904",28837,94,55,55.44
"1905",28837,241,55,340.34
"1906",28837,241,60,21.89
"1907",28837,241,65,47.08
"1908",28837,241,70,174.57
"1909",28837,241,75,376.31
"1910",28837,241,80,106.92
"1911",28837,241,85,1154.12
"1912",28837,241,90,2972.2
"1913",28837,241,95,2945.58
"1914",28837,241,100,669.02
"1915",28837,241,105,2555.08
"1916",28837,241,110,1055.78
"1917",28837,375,50,229.46
"1918",28837,375,70,900.13
"1919",30704,105,5,33.88
"1920",30704,105,10,50.16
"1921",30704,105,15,27.83
"1922",30704,105,20,67.43
"1923",30704,105,25,173.03
"1924",30704,105,30,512.27
"1925",30704,105,40,69.74
"1926",29821,95,5,8.47
"1927",29821,95,10,53.79
"1928",29821,95,15,78.65
"1929",29821,95,20,94.6
"1930",29821,95,25,60.5
"1931",29821,241,15,21.56
"1932",29821,241,30,71.94
"1933",29821,241,35,87.45
"1934",29821,241,50,245.08
"1935",29821,241,65,152.9
"1936",29821,241,70,54.23
"1937",29821,241,80,131.01
"1938",29288,12,5,8.25
"1939",29288,94,45,47.96
"1940",29288,94,50,109.34
"1941",29288,94,60,253.11
"1942",29288,318,50,92.84
"1943",29288,318,70,792.44
"1944",29288,318,80,967.12
"1945",29288,318,85,1149.61
"1946",29288,371,55,32.12
"1947",29288,371,60,94.49
"1948",29288,375,55,203.61
"1949",29288,746,55,78.21
"1950",29288,746,65,1069.2
"1951",28647,105,35,136.07
"1952",28647,105,40,929.61
"1953",28647,105,45,2035.44
"1954",28647,105,50,2454.98
"1955",28647,375,45,92.95
"1956",28647,375,60,94.27
"1957",28647,375,65,1204.61
"1958",29296,12,45,97.68
"1959",29296,94,65,397.1
"1960",29296,318,10,40.81
"1961",29296,318,60,440.22
"1962",29296,318,70,977.57
"1963",29296,318,80,977.24
"1964",29296,746,50,54.89
"1965",29296,746,55,396.77
"1966",29296,746,65,1100.66
"1967",30034,129,50,75.79
"1968",30034,129,55,124.41
"1969",30034,833,10,78.76
"1970",30034,833,15,64.68
"1971",30034,833,20,97.35
"1972",30034,833,40,475.75
"1973",30034,833,45,801.02
"1974",30034,833,50,860.75
"1975",30034,833,55,1020.47
"1976",30034,833,60,859.1
"1977",30034,833,65,265.87
"1978",29993,12,5,10.78
"1979",29993,12,10,37.4
"1980",29993,12,20,154
"1981",29993,12,25,224.73
"1982",29993,12,35,359.15
"1983",29993,12,40,181.39
"1984",29993,12,45,325.16
"1985",29993,12,50,367.29
"1986",29993,94,15,35.86
"1987",29993,94,65,507.32
"1988",29993,95,60,94.05
"1989",29993,95,70,212.08
"1990",29993,241,10,17.82
"1991",29993,241,25,51.59
"1992",29993,241,50,519.97
"1993",29993,241,60,25.08
"1994",29993,241,65,53.57
"1995",29993,241,70,43.78
"1996",29993,241,75,166.21
"1997",29993,241,80,527.34
"1998",29993,241,85,1031.25
"1999",29993,241,90,2306.7
"2000",29993,241,95,2081.09
"2001",29993,241,100,557.48
"2002",29993,375,55,29.15
"2003",29993,375,60,299.86
"2004",29622,318,15,48.84
"2005",29622,318,25,128.15
"2006",29622,318,30,212.85
"2007",29622,318,35,532.18
"2008",29622,318,40,493.57
"2009",29622,318,50,77.11
"2010",29622,318,55,736.12
"2011",29622,318,60,512.82
"2012",29622,318,65,336.27
"2013",29622,318,70,432.41
"2014",29622,318,80,845.79
"2015",29622,371,45,287.21
"2016",29622,371,50,127.27
"2017",29622,371,55,249.48
"2018",29622,371,60,269.94
"2019",29622,833,50,89.98
"2020",29622,833,60,239.14
"2021",29622,833,65,339.9
"2022",29622,833,70,1136.3
"2023",29622,833,75,1474
"2024",29622,833,80,1230.68
"2025",30698,12,20,84.81
"2026",30698,12,30,459.69
"2027",30698,12,35,446.49
"2028",30698,12,40,205.81
"2029",30698,12,45,275.77
"2030",30698,12,50,145.31
"2031",30698,94,15,30.8
"2032",30698,94,40,86.13
"2033",30698,94,50,96.58
"2034",30698,94,60,306.24
"2035",30698,241,60,20.13
"2036",30698,241,70,75.46
"2037",30698,241,75,122.21
"2038",30698,241,80,133.54
"2039",30698,241,85,786.06
"2040",30698,241,90,2011.9
"2041",30698,241,95,1207.36
"2042",30698,241,100,1248.28
"2043",30698,543,15,122.43
"2044",30698,543,20,58.3
"2045",30698,543,25,86.46
"2046",30698,543,30,148.5
"2047",30698,543,40,250.25
"2048",30698,543,50,83.49
"2049",30698,543,55,38.5
"2050",30698,543,60,430.76
"2051",30698,543,65,249.37
"2052",28844,105,5,19.25
"2053",28844,105,10,13.53
"2054",28844,105,35,9.9
"2055",28844,105,40,61.49
"2056",28844,105,45,460.35
"2057",28844,105,50,374.33
"2058",28844,105,55,70.18
"2059",28885,105,25,90.64
"2060",28885,105,30,198.66
"2061",31556,12,5,60.83
"2062",31556,12,10,23.87
"2063",31556,12,15,43.12
"2064",31556,12,20,222.2
"2065",31556,12,25,102.52
"2066",31556,12,35,66.44
"2067",31556,12,40,41.25
"2068",31556,12,45,336.05
"2069",31556,94,5,14.41
"2070",31556,241,60,18.59
"2071",31556,241,65,43.01
"2072",31556,241,70,147.84
"2073",31556,241,75,454.3
"2074",31556,241,80,219.12
"2075",31556,241,85,1472.13
"2076",31556,241,90,1449.03
"2077",31556,241,95,1214.84
"2078",31556,375,45,63.14
"2079",31556,375,50,93.61
"2080",31556,375,55,280.94
"2081",31556,375,60,950.95
"2082",31556,375,65,357.72
"2083",31556,375,70,499.07
"2084",33529,12,15,65.78
"2085",33529,12,40,49.17
"2086",33529,94,60,247.61
"2087",33529,375,5,26.29
"2088",33529,375,10,39.05
"2089",33529,375,15,46.42
"2090",33529,375,25,118.58
"2091",33529,746,5,214.94
"2092",33529,746,10,104.28
"2093",33529,746,15,272.91
"2094",33529,746,20,231.66
"2095",33529,746,25,131.12
"2096",31442,746,5,21.12
"2097",31442,746,10,47.41
"2098",31442,746,15,341.99
"2099",31442,746,25,155.87
"2100",31442,746,35,359.04
"2101",31442,746,60,102.19
"2102",31559,12,25,102.52
"2103",31559,95,10,14.41
"2104",31559,95,50,42.24
"2105",31559,95,55,50.38
"2106",31559,95,60,440.11
"2107",31559,95,65,363.11
"2108",31559,95,70,939.4
"2109",31559,95,75,256.96
"2110",31640,105,5,8.36
"2111",31640,105,30,578.71
"2112",31640,375,5,90.2
"2113",31640,375,10,103.62
"2114",31640,375,15,63.25
"2115",31640,375,20,405.68
"2116",31640,375,45,12.21
"2117",31640,375,55,186.78
"2118",31640,746,5,24.42
"2119",31640,746,10,140.14
"2120",31640,746,15,184.03
"2121",31640,746,20,288.64
"2122",31561,12,5,10.78
"2123",31561,12,10,103.51
"2124",31561,12,15,32.67
"2125",31561,12,25,122.21
"2126",31561,12,30,222.31
"2127",31561,12,35,30.03
"2128",31561,95,10,17.93
"2129",31561,95,55,76.01
"2130",31561,95,60,195.69
"2131",31561,95,65,121.55
"2132",31561,129,50,88.44
"2133",31561,129,55,161.48
"2134",31561,129,65,539.77
"2135",31561,129,75,1465.2
"2136",31561,241,80,140.69
"2137",31561,375,30,249.92
"2138",31561,375,35,467.72
"2139",31561,375,45,226.16
"2140",31561,375,50,982.85
"2141",31561,375,55,206.03
"2142",31561,375,60,905.74
"2143",31561,746,40,185.46
"2144",31561,746,45,277.42
"2145",31561,746,50,736.67
"2146",31561,746,55,583.22
"2147",31601,12,30,655.38
"2148",31601,12,45,95.92
"2149",31601,241,75,95.15
"2150",31601,241,80,141.46
"2151",31601,241,85,471.02
"2152",31601,241,90,623.48
"2153",31601,241,95,398.09
"2154",31601,318,65,233.97
"2155",31601,375,65,518.98
"2156",31601,375,70,396.22
"2157",31586,12,10,20.13
"2158",31586,12,45,132.22
"2159",31586,12,50,232.32
"2160",31586,95,55,59.07
"2161",31586,95,60,304.7
"2162",31586,95,65,279.51
"2163",31586,95,70,895.29
"2164",31586,95,75,309.76
"2165",31586,746,45,47.3
"2166",31586,746,50,133.76
"2167",31586,746,55,810.7
"2168",31586,746,60,2223.54
"2169",31586,746,65,229.46
"2170",31586,746,70,1432.2
"2171",31648,12,5,28.93
"2172",31648,12,35,409.64
"2173",31648,12,40,129.36
"2174",31648,12,45,102.41
"2175",31648,94,65,613.91
"2176",31648,129,45,142.67
"2177",31648,129,50,173.8
"2178",31648,129,55,224.4
"2179",31648,129,60,1435.28
"2180",31648,129,65,420.42
"2181",31648,375,45,610.61
"2182",31648,375,50,992.86
"2183",31648,375,55,1369.39
"2184",31648,375,60,2058.43
"2185",31648,375,65,803
"2186",31648,746,55,336.82
"2187",31648,746,60,611.93
"2188",31573,12,35,37.51
"2189",31573,12,40,126.61
"2190",31573,12,45,81.18
"2191",31573,95,70,463.43
"2192",31573,95,80,418.33
"2193",31573,241,60,39.16
"2194",31573,241,70,316.03
"2195",31573,241,80,134.42
"2196",31573,241,85,196.68
"2197",31573,241,90,281.27
"2198",31573,241,95,1694.77
"2199",31573,241,100,566.61
"2200",31573,375,55,323.51
"2201",31573,375,65,802.23
"2202",31573,375,70,800.8
"2203",31573,375,80,1189.87
"2204",32732,318,70,372.13
"2205",32732,375,55,132.11
"2206",32732,375,60,192.17
"2207",32732,543,5,11.99
"2208",32732,543,15,36.41
"2209",32732,543,20,58.3
"2210",32732,746,5,108.35
"2211",32732,746,10,248.93
"2212",32732,746,15,231.22
"2213",32732,746,20,260.15
"2214",32732,746,30,197.67
"2215",32547,12,15,32.67
"2216",32547,12,20,76.78
"2217",32547,543,5,11.99
"2218",32547,543,10,20.02
"2219",32547,543,15,218.9
"2220",32547,543,25,76.34
"2221",32547,543,30,108.9
"2222",32547,543,35,231.11
"2223",32547,543,45,989.12
"2224",32547,543,50,113.19
"2225",32547,543,60,119.79
"2226",32547,543,70,531.3
"2227",32547,746,40,16.83
"2228",32547,746,45,388.96
"2229",32547,746,50,273.02
"2230",32517,375,10,32.34
"2231",26985,318,15,57.53
"2232",26985,318,30,159.06
"2233",26985,318,55,84.15
"2234",25962,12,5,8.25
"2235",25962,12,10,20.13
"2236",25962,12,15,71.17
"2237",25962,12,20,286.88
"2238",25962,12,25,102.52
"2239",25962,12,30,444.73
"2240",25962,12,35,788.04
"2241",25962,12,40,99.55
"2242",25962,241,10,14.41
"2243",25962,241,95,78.65
"2244",25962,318,50,101.53
"2245",25962,318,55,97.9
"2246",25962,375,45,83.27
"2247",25962,746,5,10.56
"2248",27149,12,5,59.84
"2249",27149,12,10,33.22
"2250",27149,12,15,136.62
"2251",27149,12,20,76.78
"2252",27149,12,25,93.39
"2253",27149,12,40,43.67
"2254",27149,94,55,184.47
"2255",27149,129,75,1116.83
"2256",27149,746,15,48.73
"2257",27149,746,20,63.14
"2258",27149,746,25,143.11
"2259",27149,746,30,395.34
"2260",27149,746,40,55.99
"2261",25873,12,10,16.61
"2262",25873,12,15,80.85
"2263",25873,12,35,163.24
"2264",25873,12,40,329.12
"2265",25873,12,45,632.17
"2266",25873,94,40,45.43
"2267",25873,94,55,590.26
"2268",25873,94,60,559.46
"2269",25873,375,20,105.93
"2270",25873,746,40,242.44
"2271",25873,746,45,454.96
"2272",25888,12,10,23.87
"2273",25888,12,20,131.01
"2274",25888,12,25,122.21
"2275",25888,12,35,639.65
"2276",25888,12,40,387.2
"2277",25888,12,45,97.68
"2278",25888,12,50,428.23
"2279",25888,94,50,108.79
"2280",25888,94,55,142.89
"2281",25888,94,60,258.39
"2282",25888,318,65,615.56
"2283",25888,371,60,495.66
"2284",25888,371,65,604.01
"2285",25888,375,35,337.15
"2286",25888,375,45,480.37
"2287",25888,375,50,438.68
"2288",25888,375,55,2259.07
"2289",25888,375,60,1399.86
"2290",25888,375,65,494.89
"2291",25888,375,70,946.99
"2292",25888,375,75,1559.25
"2293",25888,746,45,17.82
"2294",25888,746,50,311.41
"2295",25888,746,55,3345.1
"2296",25888,746,60,3230.37
"2297",27451,12,5,19.03
"2298",27451,371,65,304.92
"2299",27451,375,55,61.71
"2300",27397,12,5,50.05
"2301",27397,12,10,128.48
"2302",27397,12,15,121.66
"2303",27397,12,20,48.95
"2304",27397,12,25,258.17
"2305",27397,12,35,379.61
"2306",27397,12,45,1.76
"2307",27397,371,10,38.83
"2308",27397,371,20,93.61
"2309",27397,375,5,15.95
"2310",27397,375,20,83.05
"2311",27397,375,45,46.31
"2312",26796,12,5,14.41
"2313",26796,12,10,98.01
"2314",26796,12,40,356.84
"2315",26796,12,45,82.61
"2316",26796,318,55,101.97
"2317",26796,318,60,207.57
"2318",26796,318,65,598.07
"2319",25828,12,10,23.87
"2320",25828,12,30,167.86
"2321",25828,12,35,433.07
"2322",25828,12,40,269.83
"2323",25828,12,45,304.04
"2324",25828,12,50,1813.24
"2325",25828,12,55,1271.6
"2326",25828,12,60,572.66
"2327",25828,94,55,406.34
"2328",25828,94,60,610.06
"2329",25828,94,70,929.61
"2330",25828,94,75,1456.84
"2331",25828,746,40,173.25
"2332",25828,746,50,839.63
"2333",25828,746,55,1450.79
"2334",27681,12,5,69.74
"2335",27681,12,10,20.13
"2336",27681,12,15,123.97
"2337",27681,12,20,368.39
"2338",27681,12,25,481.25
"2339",27681,12,30,418
"2340",27681,12,35,1545.72
"2341",27681,12,40,1082.62
"2342",27681,12,45,613.14
"2343",27681,94,60,316.25
"2344",26790,12,5,22.77
"2345",26790,12,10,20.13
"2346",26790,12,15,175.12
"2347",26790,12,20,61.93
"2348",26790,12,25,299.64
"2349",26790,12,30,180.62
"2350",26790,12,35,359.7
"2351",26790,12,40,88.77
"2352",26790,12,45,127.82
"2353",26790,241,75,243.1
"2354",26790,241,95,377.41
"2355",26790,371,5,36.63
"2356",26790,371,10,70.95
"2357",26790,371,65,624.25
"2358",26790,375,5,57.64
"2359",26790,375,10,32.34
"2360",26790,375,20,211.86
"2361",79379,746,5,10.56
"2362",79379,746,10,73.81
"2363",79379,746,15,188.87
"2364",79379,746,20,347.82
"2365",79379,746,25,550.99
"2366",79379,746,30,228.8
"2367",79379,746,40,156.64
"2368",79379,746,45,236.61
"2369",79379,746,50,970.75
"2370",79824,95,15,30.8
"2371",79824,95,20,47.3
"2372",79824,95,30,75.46
"2373",79824,95,40,179.74
"2374",80789,95,25,67.76
"2375",80789,95,35,154.88
"2376",80789,95,50,599.94
"2377",80789,95,55,752.95
"2378",80789,95,60,515.68
"2379",78932,12,5,31.35
"2380",78932,12,10,16.61
"2381",78932,12,20,133.76
"2382",78932,12,25,256.08
"2383",78932,12,35,130.02
"2384",78932,12,40,109.78
"2385",78932,12,45,110.55
"2386",78932,94,45,227.92
"2387",78932,94,50,256.96
"2388",78932,94,55,573.65
"2389",78932,94,60,399.63
"2390",78932,94,65,410.3
"2391",78932,375,25,177.32
"2392",78932,375,40,623.37
"2393",78932,375,45,102.52
"2394",78932,375,55,238.59
"2395",78932,375,65,268.29
"2396",78932,543,30,148.5
"2397",78932,543,35,178.97
"2398",78932,543,40,604.78
"2399",78932,746,20,63.14
"2400",78932,746,25,169.18
"2401",78932,746,30,262.57
"2402",78932,746,40,343.31
"2403",78932,746,45,319.22
"2404",78932,746,50,689.37
"2405",78932,746,60,567.05
"2406",29624,12,10,20.13
"2407",29624,94,25,92.4
"2408",29624,94,60,331.43
"2409",29624,241,15,25.63
"2410",29624,241,30,122.76
"2411",29624,241,45,203.83
"2412",29624,241,60,131.01
"2413",29624,241,65,432.3
"2414",29624,241,75,581.79
"2415",29624,241,80,313.61
"2416",29624,241,85,239.03
"2417",29624,371,65,529.76
"2418",29624,375,45,129.14
"2419",29624,375,50,115.61
"2420",29624,375,60,103.29
"2421",29624,375,65,916.41
"2422",29624,746,50,279.73
"2423",29624,746,55,357.5
"2424",29624,746,60,634.59
"2425",29624,833,65,381.26
"2426",29624,833,70,1646.48
"2427",28979,318,50,87.56
"2428",28979,318,55,139.37
"2429",28979,318,60,425.37
"2430",28979,318,65,258.39
"2431",28979,318,70,432.63
"2432",28979,318,75,665.94
"2433",28979,318,80,918.83
"2434",28979,371,60,421.96
"2435",28979,371,65,702.79
"2436",29360,318,35,508.86
"2437",29360,318,50,80.41
"2438",29360,318,55,211.42
"2439",29360,318,65,266.64
"2440",29086,746,5,142.67
"2441",29086,746,10,368.17
"2442",29086,746,15,323.18
"2443",29145,318,5,16.39
"2444",29145,318,20,67.1
"2445",29145,318,60,823.24
"2446",29145,318,65,2576.86
"2447",29145,318,70,1652.2
"2448",29145,318,75,618.42
"2449",29145,318,80,3496.9
"2450",29145,318,85,3771.02
"2451",29145,318,90,1612.93
"2452",30427,318,5,16.39
"2453",30427,318,10,190.63
"2454",30427,318,30,159.06
"2455",30427,746,40,339.57
"2456",30427,746,45,338.8
"2457",29609,318,65,310.53
"2458",29609,371,25,176.44
"2459",29609,371,40,524.37
"2460",29609,371,45,99.55
"2461",29609,375,35,467.72
"2462",29609,375,45,636.57
"2463",29609,375,50,1683.22
"2464",29609,375,55,3204.85
"2465",29609,375,60,5225.55
"2466",29609,375,65,1435.28
"2467",29609,746,60,1327.37
"2468",29628,94,35,318.78
"2469",29628,94,45,99.66
"2470",29628,94,50,115.94
"2471",29628,94,60,661.1
"2472",29628,94,65,498.74
"2473",29628,241,60,39.82
"2474",29628,241,65,42.79
"2475",29628,241,70,182.05
"2476",29628,241,95,511.28
"2477",29628,241,100,671.33
"2478",29628,241,115,1453.76
"2479",29628,318,50,74.58
"2480",29628,318,65,290.62
"2481",29628,318,80,925.32
"2482",29628,318,100,3325.19
"2483",29628,371,55,206.91
"2484",29628,371,70,229.24
"2485",29628,371,75,5061.21
"2486",29628,371,80,7535.55
"2487",29336,318,5,16.39
"2488",29336,318,50,87.78
"2489",29336,318,60,408.98
"2490",29336,318,75,1057.21
"2491",29336,318,80,761.97
"2492",29336,318,85,1350.25
"2493",29336,318,90,2028.84
"2494",29316,318,60,362.78
"2495",29316,318,65,758.12
"2496",29316,318,70,777.26
"2497",29316,318,75,513.81
"2498",29316,318,80,1003.86
"2499",29316,371,70,604.56
"2500",29643,318,5,16.39
"2501",29643,318,10,27.17
"2502",29643,318,20,222.31
"2503",29643,318,25,128.15
"2504",29643,318,30,193.93
"2505",29643,318,50,74.14
"2506",29643,318,55,729.08
"2507",29643,318,60,226.27
"2508",29643,318,65,463.65
"2509",29643,318,70,756.47
"2510",29643,318,80,1644.17
"2511",29643,371,55,230.34
"2512",29643,371,60,634.81
"2513",29643,371,70,722.37
"2514",29643,833,80,1252.79
"2515",29637,12,5,8.25
"2516",29637,12,25,112.09
"2517",29637,94,45,72.27
"2518",29637,94,60,344.52
"2519",29637,129,50,54.78
"2520",29637,129,65,300.08
"2521",29637,129,70,2086.04
"2522",29637,241,70,84.15
"2523",29637,318,55,83.71
"2524",29637,375,50,169.18
"2525",29637,375,55,343.42
"2526",29637,375,60,688.27
"2527",29637,375,65,313.17
"2528",29637,833,5,20.68
"2529",29637,833,20,97.35
"2530",29637,833,55,236.83
"2531",29637,833,65,1191.96
"2532",29637,833,70,907.94
"2533",29637,833,75,737.44
"2534",29623,12,5,6.16
"2535",29623,12,15,37.73
"2536",29623,12,20,84.81
"2537",29623,12,35,66.11
"2538",29623,12,40,142.67
"2539",29623,12,45,88.44
"2540",29623,12,55,80.3
"2541",29623,94,55,172.92
"2542",29623,318,25,128.15
"2543",29623,318,30,193.93
"2544",29623,318,55,103.95
"2545",29623,318,60,615.56
"2546",29623,318,65,751.19
"2547",29623,318,75,1722.38
"2548",29623,318,80,1249.93
"2549",29623,371,65,411.18
"2550",29623,375,60,600.27
"2551",29623,833,60,196.02
"2552",29623,833,65,299.42
"2553",29623,833,70,445.5
"2554",30020,12,40,36.74
"2555",30020,95,5,19.8
"2556",30020,95,10,43.34
"2557",30020,95,25,67.76
"2558",30020,95,30,92.4
"2559",30020,95,35,121.33
"2560",30020,95,50,128.04
"2561",30020,95,55,172.15
"2562",30020,95,60,232.1
"2563",30020,95,70,55.66
"2564",30020,129,50,32.34
"2565",30020,129,60,259.82
"2566",30020,129,70,773.08
"2567",30020,241,60,58.74
"2568",30020,241,65,104.83
"2569",30020,241,75,47.19
"2570",30020,241,80,77.11
"2571",30020,375,45,26.18
"2572",30020,375,50,91.08
"2573",29971,12,35,36.41
"2574",29971,12,40,130.57
"2575",29971,12,45,231.66
"2576",29971,746,45,47.96
"2577",30724,129,5,14.19
"2578",30724,129,25,68.64
"2579",30724,129,35,240.57
"2580",30724,129,40,796.4
"2581",30724,129,45,194.92
"2582",30724,129,60,260.15
"2583",30724,129,70,776.82
"2584",30724,375,50,107.25
"2585",30724,375,55,391.05
"2586",30724,375,60,45.43
"2587",30724,375,65,461.23
"2588",30724,833,15,55.55
"2589",30724,833,20,160.49
"2590",30724,833,75,1525.7
"2591",30727,12,5,8.25
"2592",30727,12,10,64.46
"2593",30727,12,15,60.83
"2594",30727,12,20,61.93
"2595",30727,12,40,58.74
"2596",30727,12,45,79.2
"2597",30727,94,45,133.21
"2598",30727,94,55,188.1
"2599",30727,241,15,21.56
"2600",30727,241,40,123.64
"2601",30727,241,55,808.28
"2602",30727,241,60,315.92
"2603",30727,241,65,441.43
"2604",30727,241,70,522.28
"2605",30727,241,75,1137.95
"2606",30727,241,80,809.93
"2607",30727,241,85,713.57
"2608",30727,241,90,300.52
"2609",30727,375,70,669.02
"2610",28806,105,30,198.66
"2611",28806,105,40,75.9
"2612",28907,129,50,123.53
"2613",28907,129,55,286.88
"2614",28795,12,5,6.16
"2615",28795,94,15,35.86
"2616",28795,318,65,180.07
"2617",28795,318,75,494.45
"2618",28674,318,5,16.39
"2619",28674,318,55,483.78
"2620",28674,318,60,229.9
"2621",28674,318,65,309.98
"2622",28674,318,70,1267.97
"2623",28674,318,80,5496.48
"2624",28674,318,85,6163.96
"2625",28674,318,90,2035.66
"2626",28674,371,50,25.85
"2627",28674,371,60,273.24
"2628",28674,371,65,88.77
"2629",28674,371,70,980.43
"2630",28528,12,15,32.67
"2631",28528,95,60,85.69
"2632",28528,746,15,48.73
"2633",28528,746,40,155.1
"2634",29022,105,35,49.72
"2635",29022,105,40,48.18
"2636",29022,105,45,1181.51
"2637",29022,105,50,1799.16
"2638",29022,105,55,751.41
"2639",28854,12,35,70.51
"2640",28854,12,45,116.49
"2641",28854,105,40,44
"2642",28854,105,45,138.38
"2643",28854,105,50,828.63
"2644",28854,105,55,104.5
"2645",28854,105,60,1182.5
"2646",28854,129,30,279.84
"2647",28854,129,45,105.16
"2648",28854,129,50,162.25
"2649",28854,129,60,287.98
"2650",28854,833,10,78.76
"2651",28854,833,20,97.35
"2652",26074,12,35,29.7
"2653",26074,12,40,33.66
"2654",26074,12,45,59.29
"2655",26074,12,50,41.03
"2656",26074,318,5,16.39
"2657",26074,318,10,33.66
"2658",26074,318,65,268.07
"2659",26074,371,45,138.38
"2660",26074,371,50,145.31
"2661",26074,375,45,79.86
"2662",26313,12,5,31.35
"2663",26313,12,10,125.73
"2664",26313,12,15,200.53
"2665",26313,12,20,55.22
"2666",26313,12,45,155.54
"2667",27543,12,10,23.87
"2668",27543,12,15,28.16
"2669",27543,12,20,380.16
"2670",27543,12,25,595.98
"2671",27543,12,30,193.93
"2672",27543,12,35,887.92
"2673",27543,12,40,495.11
"2674",27543,12,45,440.33
"2675",27543,129,45,40.37
"2676",27543,129,50,70.62
"2677",27170,129,35,196.13
"2678",27170,129,40,39.27
"2679",27170,129,45,213.51
"2680",27170,129,50,444.95
"2681",27170,129,55,155.98
"2682",27170,129,60,582.12
"2683",27170,129,65,2112.77
"2684",27170,129,70,978.45
"2685",27170,375,35,313.94
"2686",27170,375,50,123.2
"2687",26873,318,20,211.86
"2688",26873,318,25,345.18
"2689",26873,318,30,369.93
"2690",26873,371,45,73.81
"2691",26873,375,45,69.85
"2692",26873,375,50,105.38
"2693",26871,12,5,33.55
"2694",26871,12,10,80.74
"2695",26871,12,15,70.4
"2696",26871,12,20,124.3
"2697",26871,12,25,298.98
"2698",26871,12,30,584.21
"2699",26871,12,35,322.08
"2700",26871,12,40,171.16
"2701",26871,12,45,491.7
"2702",26871,12,50,184.03
"2703",26871,129,30,169.51
"2704",26871,129,40,345.62
"2705",26871,129,45,180.07
"2706",26871,129,50,76.89
"2707",26871,375,10,39.05
"2708",26871,375,15,46.42
"2709",26871,375,45,83.27
"2710",26871,375,50,92.51
"2711",26871,746,40,50.27
"2712",26069,12,5,33.55
"2713",26069,12,10,90.75
"2714",26069,12,15,129.36
"2715",26069,12,20,305.69
"2716",26069,12,25,853.16
"2717",26069,12,30,390.17
"2718",26069,12,35,132.88
"2719",26069,12,40,394.68
"2720",26069,12,45,638.11
"2721",26069,12,50,923.45
"2722",26069,12,55,391.49
"2723",26069,241,5,19.91
"2724",26069,241,10,28.82
"2725",26069,241,15,25.63
"2726",26069,241,25,40.04
"2727",26069,241,30,64.79
"2728",26069,241,40,155.32
"2729",26069,241,60,32.45
"2730",26069,241,75,35.31
"2731",26069,371,15,117.15
"2732",26069,371,20,105.38
"2733",26069,371,25,176.44
"2734",26069,371,35,722.92
"2735",26069,371,45,161.81
"2736",26069,371,50,103.84
"2737",26069,371,60,343.86
"2738",26069,375,45,63.14
"2739",26069,746,45,109.67
"2740",27813,12,5,27.61
"2741",27813,12,10,20.13
"2742",27813,12,15,37.73
"2743",27813,12,20,55.22
"2744",27813,12,35,80.41
"2745",27813,12,40,53.24
"2746",27813,12,45,153.23
"2747",27813,12,50,915.97
"2748",27813,12,55,713.68
"2749",27813,95,50,459.03
"2750",27813,95,65,593.12
"2751",27813,95,70,458.59
"2752",27813,95,75,131.12
"2753",27813,95,90,80.3
"2754",27813,129,60,4.51
"2755",27813,129,75,1271.38
"2756",27813,746,40,90.75
"2757",27813,746,45,106.92
"2758",27790,12,5,56.54
"2759",27790,12,10,88
"2760",27790,12,15,316.8
"2761",27790,12,20,674.08
"2762",27790,12,25,594.99
"2763",27790,12,30,570.79
"2764",27790,12,35,81.51
"2765",27790,12,40,399.74
"2766",27790,12,45,408.87
"2767",27790,12,50,96.25
"2768",27790,94,45,63.69
"2769",27790,94,50,103.51
"2770",27790,95,55,43.01
"2771",27790,95,60,82.72
"2772",27791,12,5,14.41
"2773",27791,12,15,75.35
"2774",27791,12,25,112.09
"2775",27791,12,30,269.28
"2776",27791,12,35,408.87
"2777",27791,12,40,790.79
"2778",27791,12,45,797.39
"2779",27791,12,50,230.45
"2780",27791,94,40,41.25
"2781",27791,94,45,72.16
"2782",27791,94,50,120.56
"2783",27791,129,30,122.87
"2784",27791,129,40,39.27
"2785",27791,129,45,189.42
"2786",27791,129,50,421.74
"2787",27791,129,55,184.58
"2788",79204,94,25,101.53
"2789",79204,129,30,133.65
"2790",79204,129,35,210.43
"2791",78981,129,15,31.57
"2792",78981,129,25,68.64
"2793",78981,129,40,32.89
"2794",78981,129,45,163.24
"2795",78981,129,50,670.56
"2796",78981,129,55,503.8
"2797",78981,129,60,901.56
"2798",78981,129,65,768.35
"2799",78981,129,70,643.06
"2800",78981,833,65,826.87
"2801",78981,833,75,792.22
"2802",31644,12,40,43.12
"2803",31644,12,45,76.34
"2804",31644,94,45,21.67
"2805",31644,95,5,11.33
"2806",31644,95,15,52.14
"2807",31644,95,30,75.46
"2808",31644,95,35,286.33
"2809",31644,95,55,27.5
"2810",31644,105,35,55.55
"2811",31644,105,40,132.11
"2812",31644,375,20,105.93
"2813",31644,375,25,132
"2814",31644,375,30,710.82
"2815",31644,746,5,24.42
"2816",31644,746,15,139.7
"2817",31644,746,20,79.64
"2818",33804,129,5,9.46
"2819",33804,129,15,31.57
"2820",33804,129,35,256.52
"2821",33804,129,40,66.77
"2822",33804,129,45,94.71
"2823",33804,129,50,416.68
"2824",33804,129,55,948.53
"2825",33804,129,60,504.68
"2826",33804,129,65,1536.7
"2827",33804,318,5,37.84
"2828",33804,318,10,54.45
"2829",33804,318,35,232.87
"2830",33804,375,45,155.54
"2831",33804,375,50,120.12
"2832",33804,375,55,353.21
"2833",33804,746,40,78.43
"2834",33804,746,45,244.53
"2835",33804,746,50,224.18
"2836",33804,746,55,1593.57
"2837",33804,746,60,3168.55
"2838",33804,746,65,895.29
"2839",33804,833,30,224.51
"2840",31659,12,5,38.06
"2841",31659,12,10,73.81
"2842",31659,12,15,80.85
"2843",31659,12,20,154
"2844",31659,12,25,244.97
"2845",31659,12,35,72.93
"2846",31659,12,40,64.13
"2847",31659,94,45,124.41
"2848",31659,95,15,26.07
"2849",31659,95,30,75.46
"2850",31659,95,35,264
"2851",31659,95,45,301.07
"2852",31659,95,55,70.73
"2853",31659,95,60,189.64
"2854",31659,105,25,90.64
"2855",31659,105,30,240.9
"2856",31659,105,35,385.11
"2857",31659,105,40,623.59
"2858",31659,105,45,343.42
"2859",31659,746,20,420.64
"2860",31659,746,25,169.18
"2861",31659,746,30,245.3
"2862",31659,746,40,134.2
"2863",31652,12,5,14.41
"2864",31652,12,15,75.79
"2865",31652,12,20,55.22
"2866",31652,12,35,57.75
"2867",31652,12,40,495.99
"2868",31652,12,45,202.51
"2869",31652,12,50,273.13
"2870",31652,95,20,41.36
"2871",31652,95,30,83.71
"2872",31652,95,45,251.46
"2873",31652,95,50,174.57
"2874",31652,95,55,528.77
"2875",31652,95,60,584.87
"2876",31652,95,65,165.11
"2877",31652,95,75,1509.42
"2878",31652,95,80,531.3
"2879",31652,105,35,32.01
"2880",31652,105,55,297.66
"2881",31652,375,60,611.93
"2882",31652,746,55,73.81
"2883",31608,12,5,16.94
"2884",31608,12,10,23.87
"2885",31608,12,20,118.03
"2886",31608,12,30,237.38
"2887",31608,12,40,181.06
"2888",31608,12,45,101.86
"2889",31608,95,50,416.02
"2890",31608,95,55,64.68
"2891",31608,95,60,177.65
"2892",31608,95,65,515.13
"2893",31608,95,70,1141.36
"2894",31608,95,75,1759.12
"2895",31608,95,80,526.46
"2896",31529,375,50,112.31
"2897",31529,375,60,118.36
"2898",31529,375,70,1649.01
"2899",31529,543,5,23.98
"2900",31529,543,15,30.36
"2901",31529,543,20,242.66
"2902",31529,543,30,108.9
"2903",31529,746,5,24.42
"2904",31529,746,20,108.79
"2905",31529,746,40,55.33
"2906",31529,746,50,47.41
"2907",31529,746,55,99
"2908",31529,746,60,277.97
"2909",31529,746,65,861.19
"2910",31529,746,70,308.66
"2911",31528,94,25,92.4
"2912",31528,375,50,17.27
"2913",31528,375,60,50.82
"2914",31528,375,70,108.02
"2915",31530,12,40,62.37
"2916",31530,12,45,103.95
"2917",31530,94,50,94.27
"2918",31530,94,55,209.44
"2919",31530,94,65,449.35
"2920",31530,375,10,32.34
"2921",31530,746,5,24.42
"2922",31530,746,10,30.91
"2923",31530,746,15,261.58
"2924",31530,746,20,266.97
"2925",31530,746,25,926.75
"2926",31530,746,30,1566.95
"2927",31530,746,40,201.74
"2928",29621,12,45,35.2
"2929",29621,12,50,63.91
"2930",29621,94,45,65.78
"2931",29621,94,50,90.09
"2932",29621,94,65,449.9
"2933",29621,241,60,85.91
"2934",29621,241,65,102.41
"2935",29621,241,80,155.87
"2936",29621,241,85,222.97
"2937",29621,241,90,814.11
"2938",29621,241,95,510.07
"2939",29621,371,20,93.61
"2940",29621,371,30,269.06
"2941",29621,371,35,312.4
"2942",29621,371,45,274.23
"2943",29621,371,55,447.37
"2944",29621,371,60,378.95
"2945",29621,371,70,2550.02
"2946",29621,371,75,1195.37
"2947",29621,371,80,3474.02
"2948",29621,371,85,1239.15
"2949",29621,371,90,4131.05
"2950",29621,375,65,548.57
"2951",29634,318,55,96.03
"2952",29634,318,60,208.12
"2953",29634,318,65,615.12
"2954",29634,318,70,1155
"2955",29634,318,75,1722.93
"2956",29634,318,85,2325.95
"2957",29634,318,90,3103.32
"2958",28477,318,55,257.73
"2959",28477,318,60,407.11
"2960",28477,318,65,120.89
"2961",28477,318,70,526.46
"2962",28477,318,75,1249.49
"2963",30342,12,15,114.29
"2964",30342,12,20,69.08
"2965",30342,12,25,93.39
"2966",30342,12,40,39.16
"2967",30342,94,55,167.97
"2968",30342,318,35,253.88
"2969",30342,746,5,51.92
"2970",30342,746,10,56.87
"2971",30342,746,20,98.45
"2972",30342,746,25,143.11
"2973",30342,746,35,449.02
"2974",30342,746,40,98.01
"2975",30342,746,50,161.26
"2976",29004,12,10,13.53
"2977",29004,95,55,61.38
"2978",29004,241,15,68.75
"2979",29004,241,20,34.87
"2980",29004,241,25,85.8
"2981",29004,241,30,409.86
"2982",29004,241,35,87.45
"2983",29004,241,40,638.77
"2984",29004,241,45,754.49
"2985",29004,241,50,1102.09
"2986",29004,241,55,1541.76
"2987",29004,241,60,1011.01
"2988",29004,241,65,1803.12
"2989",29004,241,70,1516.79
"2990",29004,241,75,828.3
"2991",29004,241,80,355.96
"2992",29004,241,85,459.58
"2993",29004,375,25,132
"2994",29004,375,35,439.67
"2995",29004,375,40,2333.87
"2996",29004,375,45,514.47
"2997",29004,375,50,460.13
"2998",29004,375,55,158.4
"2999",28494,105,40,77.22
"3000",28494,129,5,16.61
"3001",28494,129,10,72.27
"3002",28494,129,20,122.54
"3003",28494,129,25,68.64
"3004",28494,129,30,122.87
"3005",28494,129,45,152.13
"3006",28494,129,50,93.06
"3007",28494,129,55,291.28
"3008",28494,129,70,1591.81
"3009",28494,129,75,1122
"3010",28631,12,45,94.71
"3011",28631,94,55,192.94
"3012",28631,318,50,73.7
"3013",28631,318,65,664.18
"3014",28631,318,70,1323.85
"3015",28631,318,75,1175.57
"3016",28631,318,80,6275.5
"3017",29647,12,5,10.78
"3018",29647,12,15,28.16
"3019",29647,12,25,246.51
"3020",29647,12,35,359.7
"3021",29647,12,40,165
"3022",29647,12,50,245.85
"3023",29647,94,25,111.21
"3024",29647,241,85,257.4
"3025",29647,241,95,466.51
"3026",29647,241,100,658.9
"3027",29647,241,105,863.39
"3028",29647,241,110,2361.26
"3029",29647,318,5,21.45
"3030",29647,318,10,40.81
"3031",29647,318,20,88.88
"3032",29647,371,45,76.56
"3033",29647,371,50,144.21
"3034",29647,375,50,132.22
"3035",29647,375,55,229.46
"3036",29647,375,60,269.83
"3037",29766,95,45,267.41
"3038",29766,95,55,53.68
"3039",29766,95,60,74.8
"3040",29766,95,75,327.25
"3041",29766,375,20,72.71
"3042",29766,375,25,177.32
"3043",29766,746,40,74.47
"3044",29753,318,10,33.66
"3045",29753,318,15,48.84
"3046",29753,318,20,144.76
"3047",29753,318,30,193.93
"3048",29753,318,35,232.87
"3049",29753,318,50,81.4
"3050",29753,318,55,123.31
"3051",29753,318,65,612.59
"3052",29753,318,70,480.48
"3053",29753,318,75,1317.58
"3054",29753,318,80,3306.71
"3055",29753,318,85,6191.79
"3056",29753,318,90,2973.63
"3057",29753,371,70,969.43
"3058",28799,105,5,87.23
"3059",28799,105,10,211.31
"3060",28799,105,15,213.62
"3061",28799,105,20,243.32
"3062",28799,105,25,300.96
"3063",28799,105,30,426.58
"3064",30608,105,45,309.1
"3065",30608,105,50,187.66
"3066",30608,105,55,977.79
"3067",30608,833,10,39.38
"3068",30608,833,45,56.65
"3069",30608,833,55,270.82
"3070",30608,833,60,367.51
"3071",28808,12,40,157.52
"3072",28808,12,45,79.86
"3073",28808,94,55,133.54
"3074",28808,94,60,280.06
"3075",28808,95,65,159.17
"3076",29340,318,55,121
"3077",29340,318,60,170.5
"3078",29340,318,70,1328.91
"3079",29340,318,75,637.23
"3080",29340,318,80,899.03
"3081",29340,318,85,4639.91
"3082",29340,318,90,5852.33
"3083",29009,12,10,27.06
"3084",29009,12,35,116.38
"3085",29009,12,40,47.52
"3086",29009,94,55,139.92
"3087",29009,746,10,21.45
"3088",29009,746,15,133.21
"3089",29009,746,20,179.85
"3090",29009,746,25,314.16
"3091",28525,105,10,16.61
"3092",28525,105,30,823.79
"3093",28525,105,35,427.02
"3094",28525,105,40,147.07
"3095",28525,105,45,128.04
"3096",28525,105,50,414.26
"3097",28525,375,65,634.26
"3098",29008,318,60,186.56
"3099",29008,318,65,243.76
"3100",29008,318,70,471.35
"3101",29008,318,75,1276.66
"3102",29008,318,80,6899.86
"3103",29008,318,85,2334.97
"3104",29008,318,90,1936.66
"3105",30718,241,5,34.1
"3106",30718,241,15,21.56
"3107",30718,241,25,51.59
"3108",30718,241,30,115.94
"3109",30718,241,40,310.64
"3110",30718,241,45,561.66
"3111",30718,241,50,245.08
"3112",30718,241,55,1526.25
"3113",30718,241,60,239.8
"3114",30718,241,65,341.22
"3115",30718,241,70,307.12
"3116",30718,241,75,93.5
"3117",29013,12,5,6.16
"3118",29013,12,10,30.14
"3119",29013,12,20,55.22
"3120",29013,12,25,336.82
"3121",29013,12,30,237.38
"3122",29013,12,35,68.53
"3123",29013,12,40,160.38
"3124",29013,95,55,76.23
"3125",29013,129,85,4798.75
"3126",29013,375,60,263.01
"3127",29013,746,50,62.59
"3128",29013,746,55,213.51
"3129",29013,746,60,1081.96
"3130",27328,12,5,27.61
"3131",27328,12,10,67.87
"3132",27328,12,15,164.34
"3133",27328,12,20,376.64
"3134",27328,12,25,955.68
"3135",27328,12,30,401.83
"3136",27328,12,35,24.31
"3137",27328,241,30,71.94
"3138",27328,375,45,7.37
"3139",25711,12,5,8.25
"3140",25711,12,10,27.06
"3141",25711,12,15,164.34
"3142",25711,12,20,305.69
"3143",25711,12,25,749.98
"3144",25711,12,30,908.49
"3145",25711,12,35,386.98
"3146",25711,12,40,423.72
"3147",25711,12,45,825.22
"3148",25711,12,50,405.57
"3149",25711,94,50,100.98
"3150",25711,241,60,6.38
"3151",25711,375,25,161.37
"3152",25711,375,50,123.53
"3153",25711,375,55,197.56
"3154",25711,746,15,36.3
"3155",25711,746,20,249.37
"3156",25711,746,25,419.87
"3157",25711,746,30,1017.17
"3158",25711,746,40,524.59
"3159",25711,746,45,787.16
"3160",25711,746,50,813.01
"3161",25964,12,10,46.75
"3162",25964,12,15,28.16
"3163",25964,12,40,34.32
"3164",25964,94,50,359.81
"3165",25964,129,45,1.54
"3166",25964,129,50,1.87
"3167",25964,129,70,827.75
"3168",25964,375,45,145.97
"3169",25964,375,50,116.27
"3170",25964,375,55,479.82
"3171",25964,746,40,58.85
"3172",25964,746,50,834.68
"3173",25776,12,5,44.22
"3174",25776,12,10,107.69
"3175",25776,12,15,170.5
"3176",25776,12,20,159.39
"3177",25776,12,25,93.39
"3178",25776,12,35,340.34
"3179",25776,241,75,5.39
"3180",25776,371,15,72.38
"3181",25776,371,30,193.16
"3182",25776,371,50,452.87
"3183",25776,375,10,32.34
"3184",25776,375,40,558.03
"3185",25776,375,45,63.14
"3186",26814,12,5,16.94
"3187",26814,12,15,103.07
"3188",26814,12,20,187.66
"3189",26814,129,35,210.43
"3190",25930,12,5,44.22
"3191",25930,12,10,84.59
"3192",25930,12,15,344.52
"3193",25930,12,20,376.64
"3194",25930,12,25,398.97
"3195",25930,12,30,627.55
"3196",25930,12,35,372.68
"3197",25930,12,45,111.21
"3198",25930,241,5,11.33
"3199",25930,241,10,67.87
"3200",25930,241,15,90.31
"3201",25930,241,20,65.01
"3202",25930,241,25,97.35
"3203",25930,241,30,79.42
"3204",25930,241,35,87.45
"3205",25930,241,40,155.32
"3206",25930,241,60,307.67
"3207",25930,241,65,480.48
"3208",25930,241,70,204.05
"3209",25930,241,75,303.6
"3210",25930,241,80,403.15
"3211",25930,241,90,785.18
"3212",26363,12,5,40.59
"3213",26363,12,10,110.88
"3214",26363,12,15,65.45
"3215",26363,12,20,55.22
"3216",26363,12,25,277.86
"3217",26363,129,5,12.32
"3218",26363,129,15,26.95
"3219",26363,129,65,1084.27
"3220",26363,241,75,87.78
"3221",26363,241,85,168.41
"3222",26363,241,90,116.05
"3223",26363,375,50,96.03
"3224",27115,12,5,6.16
"3225",27115,12,10,50.27
"3226",27115,12,15,175.12
"3227",27115,12,20,69.08
"3228",27115,12,25,102.52
"3229",26826,12,5,38.06
"3230",26826,12,10,131.34
"3231",26826,12,15,227.04
"3232",26826,12,20,328.57
"3233",26826,12,25,186.89
"3234",26826,12,30,180.62
"3235",26826,12,35,346.39
"3236",26826,12,40,36.52
"3237",26826,746,5,13.75
"3238",26826,746,10,25.96
"3239",26826,746,15,42.24
"3240",26826,746,20,98.45
"3241",78924,105,5,6.27
"3242",78924,105,20,48.07
"3243",78924,105,35,72.38
"3244",78924,105,40,45.87
"3245",78916,105,10,27.17
"3246",78916,105,25,138.49
"3247",80248,543,15,43.01
"3248",80248,543,25,172.92
"3249",80248,543,55,87.45
"3250",80248,833,25,123.53
"3251",78931,12,10,23.87
"3252",78931,12,20,55.22
"3253",78931,318,20,88.88
"3254",78931,318,55,121.99
"3255",78931,318,60,387.2
"3256",78931,318,65,257.4
"3257",78931,746,5,163.35
"3258",78931,746,10,90.31
"3259",78931,833,80,2325.95
"3260",79011,12,5,8.25
"3261",79011,12,10,16.61
"3262",79011,12,40,64.02
"3263",79011,12,45,82.94
"3264",79011,94,15,41.36
"3265",79011,94,25,101.53
"3266",79011,241,75,36.3
"3267",79011,318,10,60.83
"3268",79011,318,30,193.93
"3269",79011,318,35,253.88
"3270",79011,318,55,107.58
"3271",79011,318,60,773.52
"3272",79011,318,65,177.32
"3273",79011,318,70,1111.44
"3274",79011,318,75,614.35
"3275",79011,318,85,1077.56
"3276",79011,318,90,1117.82
"3277",79011,375,50,147.95
"3278",79011,375,60,270.93
"3279",79011,375,65,501.27
"3280",79011,833,70,576.51
"3281",79011,833,75,1051.82
"3282",79011,833,80,2566.74
"3283",79011,833,85,2340.91
