siteID,seas,yr,Criteria1,Criteria2,Criteria3,Ca,Mg,K,Na,NH4,NO3,Cl,SO4,pH,conduc,svol,ppt,fullChemLab,daysSample,startDate,endDate
MN08,1,1997,80,100,98,.087,.010,.011,.042,.179,1.808,.073,.523,4.620,13.371,2117.800,4.267,4,35,"Dec 31 1996 12:00AM","Feb  4 1997 12:00AM"
MN08,10,1997,100,100,100,.149,.029,.018,.072,.273,.941,.123,1.186,4.758,12.082,5980.200,8.839,3,28,"Sep 30 1997 12:00AM","Oct 28 1997 12:00AM"
MN08,11,1997,100,100,100,.104,.014,.013,.036,.757,2.671,.063,1.410,4.673,17.274,3627.800,5.918,5,35,"Oct 28 1997 12:00AM","Dec  2 1997 12:00AM"
MN08,12,1997,100,100,100,.188,.036,.020,.068,.929,2.589,.165,1.831,4.826,16.563,433.000,1.092,2,28,"Dec  2 1997 12:00AM","Dec 30 1997 12:00AM"
MN08,2,1997,50,100,92,.031,.003,.016,.032,.744,2.584,.055,2.261,4.334,26.686,1528.100,2.947,2,28,"Feb  4 1997 12:00AM","Mar  4 1997 12:00AM"
MN08,3,1997,100,100,100,.642,.043,.043,.071,.810,2.376,.094,1.455,4.886,17.398,2352.900,3.353,4,28,"Mar  4 1997 12:00AM","Apr  1 1997 12:00AM"
MN08,4,1997,100,100,100,.235,.030,.016,.021,.514,1.559,.047,1.176,4.682,14.738,1921.900,2.859,2,28,"Apr  1 1997 12:00AM","Apr 29 1997 12:00AM"
MN08,5,1997,80,100,97,.574,.075,.022,.037,.627,2.137,.049,1.203,5.437,11.474,3019.000,4.576,3,35,"Apr 29 1997 12:00AM","Jun  3 1997 12:00AM"
MN08,6,1997,100,100,100,.052,.010,.009,.026,.139,.497,.044,.375,5.189,4.959,6151.100,9.449,4,28,"Jun  3 1997 12:00AM","Jul  1 1997 12:00AM"
MN08,7,1997,75,100,23,.144,.026,.020,.044,.268,1.219,.070,.878,4.841,10.938,920.600,4.648,3,28,"Jul  1 1997 12:00AM","Jul 29 1997 12:00AM"
MN08,8,1997,100,100,100,.056,.006,.016,.015,.088,.597,.040,.439,4.942,6.849,1044.600,1.397,3,35,"Jul 29 1997 12:00AM","Sep  2 1997 12:00AM"
MN08,9,1997,75,100,99,.296,.040,.023,.030,.587,1.708,.051,1.544,4.931,13.162,2976.100,4.343,3,28,"Sep  2 1997 12:00AM","Sep 30 1997 12:00AM"
MN08,1,1998,100,100,100,.045,.008,.011,.029,.179,1.874,.048,1.200,4.387,20.479,1595.499,3.556,4,35,"Dec 30 1997 12:00AM","Feb  3 1998 12:00AM"
MN08,10,1998,100,100,100,.142,.017,.016,.020,.494,1.474,.045,1.979,4.537,19.096,12444.700,18.110,5,35,"Sep 29 1998 12:00AM","Nov  3 1998 12:00AM"
MN08,11,1998,100,100,100,.037,.005,.013,.007,.179,1.029,.027,.749,4.712,11.061,7799.700,11.201,4,28,"Nov  3 1998 12:00AM","Dec  1 1998 12:00AM"
MN08,12,1998,100,100,100,.032,.004,.005,.013,.109,.617,.028,.390,4.972,6.103,2871.400,4.572,3,28,"Dec  1 1998 12:00AM","Dec 29 1998 12:00AM"
MN08,2,1998,75,100,75,.538,.034,.049,.083,1.016,4.563,.213,4.280,4.188,44.379,960.697,1.826,2,28,"Feb  3 1998 12:00AM","Mar  3 1998 12:00AM"
MN08,3,1998,100,100,100,.196,.019,.015,.058,.387,1.331,.063,.965,5.053,9.432,2384.399,3.785,2,28,"Mar  3 1998 12:00AM","Mar 31 1998 12:00AM"
MN08,4,1998,75,100,75,.104,.008,.014,.008,.040,1.830,.130,2.220,4.940,6.400,1123.700,2.194,1,28,"Mar 31 1998 12:00AM","Apr 28 1998 12:00AM"
MN08,5,1998,100,100,100,.299,.040,.043,.042,.783,1.526,.063,1.298,5.423,10.802,5275.700,8.081,3,35,"Apr 28 1998 12:00AM","Jun  2 1998 12:00AM"
MN08,6,1998,75,100,93,.100,.021,.016,.014,.383,1.638,.056,1.521,4.518,18.179,4765.200,7.417,3,28,"Jun  2 1998 12:00AM","Jun 30 1998 12:00AM"
MN08,7,1998,100,100,100,.188,.039,.038,.011,.180,1.248,.069,.702,4.840,10.444,1926.900,2.718,4,28,"Jun 30 1998 12:00AM","Jul 28 1998 12:00AM"
MN08,8,1998,100,100,100,.139,.025,.042,.009,.333,.897,.042,1.057,4.893,10.169,4098.300,5.826,5,35,"Jul 28 1998 12:00AM","Sep  1 1998 12:00AM"
MN08,9,1998,100,100,100,.352,.058,.027,.011,.671,1.302,.033,1.082,5.690,9.336,4797.300,6.812,3,28,"Sep  1 1998 12:00AM","Sep 29 1998 12:00AM"
MN08,1,1999,80,100,96,.042,.007,.008,.028,.215,2.085,.094,1.151,4.417,19.894,1025.800,1.816,2,35,"Dec 29 1998 12:00AM","Feb  2 1999 12:00AM"
MN08,10,1999,100,100,100,.524,.063,.038,.024,.549,1.832,.067,1.587,5.222,12.114,3657.800,5.381,4,35,"Sep 28 1999 12:00AM","Nov  2 1999 12:00AM"
MN08,11,1999,100,100,100,.448,.050,.018,.012,.462,1.877,.024,.974,5.526,8.996,1315.100,1.905,2,28,"Nov  2 1999 12:00AM","Nov 30 1999 12:00AM"
MN08,12,1999,75,100,43,.084,.011,.017,.047,.010,.235,.073,.143,5.400,3.100,82.800,1.105,1,28,"Nov 30 1999 12:00AM","Dec 28 1999 12:00AM"
MN08,2,1999,100,100,100,.209,.023,.022,.059,1.103,4.479,.091,1.956,4.457,27.149,1181.900,1.956,3,28,"Feb  2 1999 12:00AM","Mar  2 1999 12:00AM"
MN08,3,1999,75,100,78,.090,.016,.012,.025,.817,2.263,.068,1.570,4.730,16.268,1339.800,2.656,2,28,"Mar  2 1999 12:00AM","Mar 30 1999 12:00AM"
MN08,4,1999,100,100,100,.460,.046,.027,.044,.775,1.436,.053,1.411,6.101,10.240,3760.800,5.646,3,28,"Mar 30 1999 12:00AM","Apr 27 1999 12:00AM"
MN08,5,1999,100,100,100,.267,.034,.020,.019,.510,1.496,.055,1.780,4.691,16.396,6080.800,8.636,4,35,"Apr 27 1999 12:00AM","Jun  1 1999 12:00AM"
MN08,6,1999,100,100,100,.120,.018,.024,.017,.304,1.051,.053,1.086,4.785,11.764,3271.900,4.585,4,28,"Jun  1 1999 12:00AM","Jun 29 1999 12:00AM"
MN08,7,1999,100,100,100,.142,.024,.024,.027,.236,.811,.051,.469,5.343,5.869,9581.400,13.818,5,35,"Jun 29 1999 12:00AM","Aug  3 1999 12:00AM"
MN08,8,1999,100,100,100,.163,.024,.012,.009,.465,1.257,.039,1.550,4.750,14.315,6898.700,9.779,4,29,"Aug  3 1999 12:00AM","Sep  1 1999 12:00AM"
MN08,9,1999,74,100,71,.701,.096,.036,.024,.806,2.167,.067,2.013,5.255,15.314,3471.200,6.934,3,27,"Sep  1 1999 12:00AM","Sep 28 1999 12:00AM"
MN08,1,2000,100,100,100,.146,.018,.016,.065,.288,1.827,.077,.599,4.810,11.370,1463.300,2.718,4,35,"Dec 28 1999 12:00AM","Feb  1 2000 12:00AM"
MN08,10,2000,100,100,100,.091,.013,.019,.026,.903,1.812,.057,1.801,4.967,14.128,2376.800,3.315,3,28,"Oct  3 2000 12:00AM","Oct 31 2000 12:00AM"
MN08,11,2000,100,100,100,.099,.019,.015,.052,.495,1.967,.092,1.928,4.496,21.063,6749.600,9.906,3,28,"Oct 31 2000 12:00AM","Nov 28 2000 12:00AM"
MN08,12,2000,100,100,100,.036,.006,.008,.029,.164,1.614,.045,.699,4.579,14.721,1405.100,2.184,3,35,"Nov 28 2000 12:00AM","Jan  2 2001 12:00AM"
MN08,2,2000,100,100,100,.235,.027,.026,.133,.514,2.463,.168,2.142,4.469,24.184,1067.600,1.562,3,28,"Feb  1 2000 12:00AM","Feb 29 2000 12:00AM"
MN08,3,2000,100,100,100,.240,.018,.027,.040,.736,2.462,.073,2.909,4.365,29.042,2443.300,3.746,2,28,"Feb 29 2000 12:00AM","Mar 28 2000 12:00AM"
MN08,4,2000,100,100,100,.345,.051,.033,.040,1.093,2.441,.049,1.432,5.897,12.774,3410.100,5.182,5,35,"Mar 28 2000 12:00AM","May  2 2000 12:00AM"
MN08,5,2000,100,100,100,.419,.082,.041,.028,.635,1.733,.049,1.081,6.035,9.870,3181.300,4.597,4,28,"May  2 2000 12:00AM","May 30 2000 12:00AM"
MN08,6,2000,100,100,100,.173,.016,.015,.014,.243,.787,.036,.811,5.028,8.189,7884.600,12.421,4,28,"May 30 2000 12:00AM","Jun 27 2000 12:00AM"
MN08,7,2000,100,100,100,.242,.038,.031,.016,.361,1.149,.054,.900,5.240,8.496,2823.900,3.988,5,35,"Jun 27 2000 12:00AM","Aug  1 2000 12:00AM"
MN08,8,2000,100,100,100,.236,.027,.036,.039,.581,1.648,.082,1.673,4.681,17.337,2086.700,3.556,4,28,"Aug  1 2000 12:00AM","Aug 29 2000 12:00AM"
MN08,9,2000,100,100,100,.357,.025,.019,.024,.466,1.280,.051,1.300,5.351,9.508,5230.800,7.684,4,35,"Aug 29 2000 12:00AM","Oct  3 2000 12:00AM"
MN08,1,2001,100,100,100,.044,.006,.005,.035,.200,1.092,.052,.495,4.884,9.205,1559.800,2.337,4,28,"Jan  2 2001 12:00AM","Jan 30 2001 12:00AM"
MN08,10,2001,100,100,100,.159,.025,.034,.010,.432,1.394,.050,1.283,4.805,13.525,6054.100,8.890,4,28,"Oct  2 2001 12:00AM","Oct 30 2001 12:00AM"
MN08,11,2001,100,100,100,.061,.006,.012,.010,.333,1.029,.029,.875,4.868,10.231,4472.100,6.680,4,28,"Oct 30 2001 12:00AM","Nov 27 2001 12:00AM"
MN08,12,2001,100,100,100,.151,.012,.015,.052,.817,2.969,.067,1.525,4.680,18.956,1900.600,2.769,4,35,"Nov 27 2001 12:00AM","Jan  1 2002 12:00AM"
MN08,2,2001,100,100,100,.037,.004,.005,.019,.056,.996,.026,.295,4.816,8.675,2995.600,4.816,4,28,"Jan 30 2001 12:00AM","Feb 27 2001 12:00AM"
MN08,3,2001,80,100,98,.062,.011,.009,.028,.641,2.553,.070,1.974,4.438,24.964,636.800,1.118,2,35,"Feb 27 2001 12:00AM","Apr  3 2001 12:00AM"
MN08,4,2001,100,100,100,.216,.017,.017,.028,.294,.751,.040,.775,5.412,6.406,14089.800,21.336,4,28,"Apr  3 2001 12:00AM","May  1 2001 12:00AM"
MN08,5,2001,100,100,100,.141,.024,.024,.029,.433,1.212,.049,1.574,4.723,14.588,7089.900,10.233,4,28,"May  1 2001 12:00AM","May 29 2001 12:00AM"
MN08,6,2001,100,100,100,.138,.021,.025,.021,.408,.976,.038,.947,5.113,8.449,3310.200,4.928,4,35,"May 29 2001 12:00AM","Jul  3 2001 12:00AM"
MN08,7,2001,100,100,100,.278,.045,.020,.013,.542,1.489,.049,.977,5.475,9.137,4901.600,7.163,4,28,"Jul  3 2001 12:00AM","Jul 31 2001 12:00AM"
MN08,8,2001,75,100,99,.182,.024,.018,.025,.282,.884,.039,.628,5.424,6.048,8746.600,12.725,3,28,"Jul 31 2001 12:00AM","Aug 28 2001 12:00AM"
MN08,9,2001,100,100,100,.157,.023,.019,.016,.417,1.179,.032,1.006,5.054,9.463,2422.700,3.607,4,35,"Aug 28 2001 12:00AM","Oct  2 2001 12:00AM"
MN08,1,2002,71,100,60,.154,.022,.008,.065,.183,1.353,.085,.430,5.101,7.756,110.500,.319,2,28,"Jan  1 2002 12:00AM","Jan 29 2002 12:00AM"
MN08,10,2002,100,100,100,.079,.013,.010,.007,.205,.678,.023,.497,5.197,6.643,3985.700,5.955,4,28,"Oct  1 2002 12:00AM","Oct 29 2002 12:00AM"
MN08,11,2002,100,100,100,.024,.005,.005,.012,.122,.541,.026,.412,5.003,6.419,860.800,1.143,4,35,"Oct 29 2002 12:00AM","Dec  3 2002 12:00AM"
MN08,12,2002,100,100,100,.050,.006,.007,.015,.160,1.260,.030,.880,4.620,13.600,2233.200,3.286,1,28,"Dec  3 2002 12:00AM","Dec 31 2002 12:00AM"
MN08,2,2002,100,100,100,.096,.011,.034,.072,.220,1.545,.132,.573,4.815,11.310,416.500,.724,3,28,"Jan 29 2002 12:00AM","Feb 26 2002 12:00AM"
MN08,3,2002,100,100,100,.321,.029,.015,.047,.833,2.651,.074,1.066,5.334,12.672,1403.000,2.286,4,35,"Feb 26 2002 12:00AM","Apr  2 2002 12:00AM"
MN08,4,2002,100,100,100,.460,.047,.038,.059,1.140,2.795,.066,1.774,5.882,14.783,2786.700,4.089,4,28,"Apr  2 2002 12:00AM","Apr 30 2002 12:00AM"
MN08,5,2002,100,100,100,.100,.013,.009,.011,.291,.670,.028,.598,5.220,6.429,2050.100,2.972,3,28,"Apr 30 2002 12:00AM","May 28 2002 12:00AM"
MN08,6,2002,80,100,90,.292,.035,.070,.026,.471,1.129,.062,.909,5.288,9.231,4637.300,7.530,4,35,"May 28 2002 12:00AM","Jul  2 2002 12:00AM"
MN08,7,2002,100,100,100,.139,.022,.035,.015,.307,1.130,.045,.509,5.196,7.641,2591.000,3.683,3,28,"Jul  2 2002 12:00AM","Jul 30 2002 12:00AM"
MN08,8,2002,100,100,100,.193,.024,.013,.006,.378,.931,.028,.715,5.416,7.998,7027.800,10.245,4,35,"Jul 30 2002 12:00AM","Sep  3 2002 12:00AM"
MN08,9,2002,100,100,100,.112,.015,.012,.007,.386,.819,.022,.871,5.218,7.703,6107.000,8.763,3,28,"Sep  3 2002 12:00AM","Oct  1 2002 12:00AM"
MN08,1,2003,100,100,100,.400,.052,.036,.177,.200,1.790,.300,.770,5.150,9.600,45.500,.076,1,28,"Dec 31 2002 12:00AM","Jan 28 2003 12:00AM"
MN08,10,2003,100,100,100,.225,.048,.037,.015,.376,.976,.146,1.184,4.975,10.386,2279.200,3.353,3,28,"Sep 30 2003 12:00AM","Oct 28 2003 12:00AM"
MN08,11,2003,100,100,100,.110,.012,.035,.028,.402,1.856,.047,.823,4.735,12.834,2710.700,3.962,5,35,"Oct 28 2003 12:00AM","Dec  2 2003 12:00AM"
MN08,12,2003,100,100,100,.450,.037,.035,.088,1.319,3.452,.131,2.833,4.858,22.565,793.100,1.219,2,28,"Dec  2 2003 12:00AM","Dec 30 2003 12:00AM"
MN08,2,2003,100,100,100,.033,.006,.011,.022,.835,2.484,.067,1.677,4.685,17.981,415.900,.635,3,28,"Jan 28 2003 12:00AM","Feb 25 2003 12:00AM"
MN08,3,2003,100,100,100,.079,.010,.007,.027,.242,1.409,.060,1.458,4.455,18.587,1294.200,1.918,5,34,"Feb 25 2003 12:00AM","Mar 31 2003 12:00AM"
MN08,4,2003,52,100,88,.106,.008,.009,.010,.289,.821,.033,.933,4.874,9.846,4718.400,7.937,2,29,"Mar 31 2003 12:00AM","Apr 29 2003 12:00AM"
MN08,5,2003,100,100,100,.103,.017,.013,.008,.299,.932,.025,.931,4.858,10.242,5798.800,8.541,3,35,"Apr 29 2003 12:00AM","Jun  3 2003 12:00AM"
MN08,6,2003,100,100,100,.286,.038,.017,.014,.531,1.324,.053,.842,5.646,7.873,2145.600,3.220,3,28,"Jun  3 2003 12:00AM","Jul  1 2003 12:00AM"
MN08,7,2003,100,100,100,.093,.014,.017,.009,.202,.683,.037,.463,5.015,7.279,4735.900,6.960,4,28,"Jul  1 2003 12:00AM","Jul 29 2003 12:00AM"
MN08,8,2003,100,100,100,.317,.050,.024,.012,.602,1.183,.046,1.167,5.536,9.081,5529.700,8.001,5,35,"Jul 29 2003 12:00AM","Sep  2 2003 12:00AM"
MN08,9,2003,75,100,94,.318,.040,.023,.009,.683,1.555,.040,2.241,4.572,20.296,3038.800,4.801,3,28,"Sep  2 2003 12:00AM","Sep 30 2003 12:00AM"
MN08,1,2004,100,100,100,.107,.011,.011,.041,.226,1.861,.086,.512,4.669,13.200,2940.200,5.512,5,35,"Dec 30 2003 12:00AM","Feb  3 2004 12:00AM"
MN08,10,2004,80,100,99,.125,.012,.013,.015,.544,1.276,.038,1.436,4.769,13.411,7528.000,11.180,4,35,"Sep 28 2004 12:00AM","Nov  2 2004 12:00AM"
MN08,11,2004,100,100,100,.033,.005,.013,.006,.144,1.054,.027,.658,4.701,10.881,892.000,1.422,2,28,"Nov  2 2004 12:00AM","Nov 30 2004 12:00AM"
MN08,12,2004,100,100,100,.045,.005,.008,.019,.129,.615,.042,.424,5.015,6.286,1972.700,3.658,3,28,"Nov 30 2004 12:00AM","Dec 28 2004 12:00AM"
MN08,2,2004,100,100,100,.156,.013,.014,.040,.171,2.101,.094,1.030,4.443,20.122,395.700,.698,3,28,"Feb  3 2004 12:00AM","Mar  2 2004 12:00AM"
MN08,3,2004,100,100,100,.166,.022,.019,.062,1.002,2.372,.103,2.348,4.679,20.449,3874.600,5.690,3,28,"Mar  2 2004 12:00AM","Mar 30 2004 12:00AM"
MN08,4,2004,100,100,100,.390,.051,.030,.051,.792,1.157,.056,1.201,5.363,11.694,2725.900,4.089,3,28,"Mar 30 2004 12:00AM","Apr 27 2004 12:00AM"
MN08,5,2004,80,100,100,.139,.021,.023,.017,.373,1.044,.040,1.238,4.804,11.930,7032.800,10.363,4,35,"Apr 27 2004 12:00AM","Jun  1 2004 12:00AM"
MN08,6,2004,100,100,100,.289,.050,.031,.016,.411,.986,.039,.770,5.430,8.021,2662.500,4.521,4,28,"Jun  1 2004 12:00AM","Jun 29 2004 12:00AM"
MN08,7,2004,100,100,100,.125,.018,.015,.007,.164,.771,.030,.530,5.015,7.554,3338.900,4.940,4,35,"Jun 29 2004 12:00AM","Aug  3 2004 12:00AM"
MN08,8,2004,100,100,100,.108,.019,.014,.008,.288,.633,.023,.588,5.391,5.812,3721.200,5.630,4,28,"Aug  3 2004 12:00AM","Aug 31 2004 12:00AM"
MN08,9,2004,100,100,100,.124,.016,.013,.009,.176,.533,.022,.572,5.233,5.605,5260.800,7.747,4,28,"Aug 31 2004 12:00AM","Sep 28 2004 12:00AM"
MN08,1,2005,100,100,100,.026,.003,.007,.010,.292,1.110,.026,.708,4.826,10.105,4688.400,9.550,5,35,"Dec 28 2004 12:00AM","Feb  1 2005 12:00AM"
MN08,10,2005,100,100,100,.133,.018,.012,.018,.277,.634,.028,.663,5.340,5.987,6077.300,9.423,5,35,"Sep 27 2005 12:00AM","Nov  1 2005 12:00AM"
MN08,11,2005,100,100,100,.356,.024,.032,.053,.651,1.878,.052,1.438,5.165,12.153,4936.200,7.315,4,28,"Nov  1 2005 12:00AM","Nov 29 2005 12:00AM"
MN08,12,2005,100,100,100,.033,.005,.011,.026,.170,1.794,.061,.816,4.467,17.305,1745.100,3.429,5,35,"Nov 29 2005 12:00AM","Jan  3 2006 12:00AM"
MN08,2,2005,100,100,100,.048,.007,.007,.030,.231,.981,.043,.696,4.829,9.633,1577.000,2.616,3,28,"Feb  1 2005 12:00AM","Mar  1 2005 12:00AM"
MN08,3,2005,100,100,100,.150,.020,.067,.135,.080,.820,.254,.880,4.700,10.900,40.900,.076,1,27,"Mar  1 2005 12:00AM","Mar 28 2005 12:00AM"
MN08,4,2005,58,100,24,.081,.014,.037,.027,.114,.268,.046,.502,5.293,4.676,197.700,1.200,2,36,"Mar 28 2005 12:00AM","May  3 2005 12:00AM"
MN08,5,2005,100,100,100,.197,.025,.026,.021,.616,1.131,.042,1.208,5.280,9.601,9030.300,13.237,4,28,"May  3 2005 12:00AM","May 31 2005 12:00AM"
MN08,6,2005,100,100,100,.122,.016,.016,.025,.530,1.226,.050,1.719,4.699,15.482,5858.500,8.687,4,28,"May 31 2005 12:00AM","Jun 28 2005 12:00AM"
MN08,7,2005,100,100,100,.293,.045,.027,.016,.641,1.222,.046,1.346,5.329,10.164,5901.000,8.596,4,35,"Jun 28 2005 12:00AM","Aug  2 2005 12:00AM"
MN08,8,2005,100,100,100,.082,.014,.012,.005,.247,.642,.022,.664,5.059,7.391,4722.000,6.960,4,28,"Aug  2 2005 12:00AM","Aug 30 2005 12:00AM"
MN08,9,2005,100,100,100,.068,.007,.008,.010,.184,.493,.022,.617,5.042,6.782,3943.300,5.791,4,28,"Aug 30 2005 12:00AM","Sep 27 2005 12:00AM"
MN08,1,2006,100,100,100,.200,.020,.012,.040,.452,2.286,.081,1.092,4.659,15.983,1381.300,2.057,4,28,"Jan  3 2006 12:00AM","Jan 31 2006 12:00AM"
MN08,10,2006,75,100,97,.088,.011,.019,.011,.262,1.513,.027,.718,4.670,12.392,2315.200,3.886,3,28,"Oct  3 2006 12:00AM","Oct 31 2006 12:00AM"
MN08,11,2006,100,100,100,.212,.024,.017,.020,.871,2.265,.049,1.026,5.228,10.939,1051.500,1.549,2,28,"Oct 31 2006 12:00AM","Nov 28 2006 12:00AM"
MN08,12,2006,100,100,100,.046,.008,.011,.024,.193,1.079,.062,1.109,4.560,14.356,4489.900,6.985,5,35,"Nov 28 2006 12:00AM","Jan  2 2007 12:00AM"
MN08,2,2006,100,100,100,.124,.016,.014,.041,.334,1.895,.063,.724,4.712,13.287,793.700,1.219,4,28,"Jan 31 2006 12:00AM","Feb 28 2006 12:00AM"
MN08,3,2006,75,100,27,.060,.013,.010,.097,.090,.774,.088,.494,4.870,8.100,393.700,2.222,1,28,"Feb 28 2006 12:00AM","Mar 28 2006 12:00AM"
MN08,4,2006,80,100,94,.145,.020,.023,.017,.545,1.587,.045,1.601,4.705,15.832,5678.700,8.865,3,35,"Mar 28 2006 12:00AM","May  2 2006 12:00AM"
MN08,5,2006,75,100,64,.086,.015,.039,.011,.347,.752,.030,.678,5.161,7.231,3121.900,7.061,3,28,"May  2 2006 12:00AM","May 30 2006 12:00AM"
MN08,6,2006,100,100,100,.175,.028,.034,.013,.379,1.086,.039,.720,5.294,7.360,2575.800,3.708,4,28,"May 30 2006 12:00AM","Jun 27 2006 12:00AM"
MN08,7,2006,60,100,24,.441,.072,.051,.016,.461,1.198,.051,.784,5.942,7.971,1363.000,8.026,3,35,"Jun 27 2006 12:00AM","Aug  1 2006 12:00AM"
MN08,8,2006,100,100,100,.155,.023,.026,.016,.423,1.561,.052,1.954,4.448,20.887,1480.600,2.184,3,28,"Aug  1 2006 12:00AM","Aug 29 2006 12:00AM"
MN08,9,2006,80,100,83,.189,.034,.025,.012,.387,1.218,.038,1.288,4.732,12.856,2196.000,3.912,3,35,"Aug 29 2006 12:00AM","Oct  3 2006 12:00AM"
MN08,1,2007,75,100,75,.116,.012,.008,.066,.395,1.795,.115,.986,4.689,13.760,245.600,.508,2,28,"Jan  2 2007 12:00AM","Jan 30 2007 12:00AM"
MN08,10,2007,100,100,100,.062,.010,.013,.010,.273,.590,.020,.829,5.036,7.430,12784.300,19.075,4,28,"Oct  2 2007 12:00AM","Oct 30 2007 12:00AM"
MN08,11,2007,100,100,100,.727,.102,.042,.053,.828,1.898,.052,1.219,5.527,13.274,840.000,1.473,4,28,"Oct 30 2007 12:00AM","Nov 27 2007 12:00AM"
MN08,12,2007,58,100,87,.059,.009,.012,.017,.218,1.099,.028,.893,4.681,12.386,2685.500,4.866,2,36,"Nov 27 2007 12:00AM","Jan  2 2008 12:00AM"
MN08,2,2007,100,100,100,.053,.008,.008,.038,.201,.666,.059,.353,5.220,5.000,854.500,1.283,1,28,"Jan 30 2007 12:00AM","Feb 27 2007 12:00AM"
MN08,3,2007,100,100,100,.088,.012,.016,.040,.436,1.415,.063,1.315,4.652,14.867,3068.700,4.496,5,35,"Feb 27 2007 12:00AM","Apr  3 2007 12:00AM"
MN08,4,2007,75,100,25,.084,.013,.021,.026,.072,.373,.039,.284,5.266,4.423,238.500,2.794,2,28,"Apr  3 2007 12:00AM","May  1 2007 12:00AM"
MN08,5,2007,75,100,71,.293,.062,.092,.044,.889,1.826,.093,1.480,5.960,10.800,1751.600,3.620,1,28,"May  1 2007 12:00AM","May 29 2007 12:00AM"
MN08,6,2007,80,100,91,.354,.039,.033,.018,.461,1.038,.047,.985,5.223,8.830,4887.600,7.569,4,35,"May 29 2007 12:00AM","Jul  3 2007 12:00AM"
MN08,7,2007,50,100,77,.062,.015,.013,.006,.090,.341,.025,.444,5.030,5.500,1284.800,2.464,1,28,"Jul  3 2007 12:00AM","Jul 31 2007 12:00AM"
MN08,8,2007,100,100,100,.108,.015,.019,.010,.272,.826,.026,.715,4.962,7.861,2921.100,4.293,4,28,"Jul 31 2007 12:00AM","Aug 28 2007 12:00AM"
MN08,9,2007,100,100,100,.319,.053,.102,.022,.599,.984,.047,.894,6.064,7.777,11291.100,16.586,5,35,"Aug 28 2007 12:00AM","Oct  2 2007 12:00AM"
MN08,1,2008,100,100,100,.091,.015,.012,.090,.243,1.070,.127,.694,4.892,9.653,974.100,1.702,2,27,"Jan  2 2008 12:00AM","Jan 29 2008 12:00AM"
MN08,10,2008,100,100,100,.114,.012,.021,.013,.591,1.626,.049,2.835,4.341,24.350,4036.800,5.906,4,28,"Sep 30 2008 12:00AM","Oct 28 2008 12:00AM"
MN08,11,2008,100,100,100,.621,.062,.029,.072,.784,1.608,.088,1.732,5.373,12.536,4088.400,6.045,4,35,"Oct 28 2008 12:00AM","Dec  2 2008 12:00AM"
MN08,12,2008,100,100,100,.077,.011,.014,.051,.297,1.071,.058,.718,4.979,8.613,2394.900,5.080,4,28,"Dec  2 2008 12:00AM","Dec 30 2008 12:00AM"
MN08,2,2008,75,100,46,.052,.008,.008,.044,.110,.690,.064,.452,4.924,7.750,93.400,.330,2,28,"Jan 29 2008 12:00AM","Feb 26 2008 12:00AM"
MN08,3,2008,100,100,100,.145,.020,.019,.048,1.060,2.412,.067,2.170,4.737,19.198,1848.300,2.832,4,35,"Feb 26 2008 12:00AM","Apr  1 2008 12:00AM"
MN08,4,2008,100,100,100,.210,.031,.021,.028,.556,1.360,.052,1.560,4.911,12.059,6579.500,9.906,4,28,"Apr  1 2008 12:00AM","Apr 29 2008 12:00AM"
MN08,5,2008,100,100,100,.225,.033,.019,.031,.460,1.041,.055,.942,5.457,7.633,4584.400,6.604,5,35,"Apr 29 2008 12:00AM","Jun  3 2008 12:00AM"
MN08,6,2008,100,100,100,.127,.018,.015,.034,.266,.648,.061,.663,5.115,6.940,13749.200,19.787,4,28,"Jun  3 2008 12:00AM","Jul  1 2008 12:00AM"
MN08,7,2008,75,100,89,.259,.040,.018,.022,.360,.971,.047,.656,5.546,6.765,3803.800,6.248,3,28,"Jul  1 2008 12:00AM","Jul 29 2008 12:00AM"
MN08,8,2008,100,100,100,.229,.043,.022,.027,.367,1.127,.049,1.203,4.925,10.033,2282.100,3.327,4,35,"Jul 29 2008 12:00AM","Sep  2 2008 12:00AM"
MN08,9,2008,100,100,100,.132,.016,.013,.014,.382,.749,.031,1.106,5.072,8.502,6058.000,8.687,4,28,"Sep  2 2008 12:00AM","Sep 30 2008 12:00AM"
MN08,1,2009,80,100,97,.098,.012,.012,.034,.231,1.137,.055,.550,4.933,8.315,1247.300,2.591,4,35,"Dec 30 2008 12:00AM","Feb  3 2009 12:00AM"
MN08,10,2009,80,100,92,.071,.008,.014,.006,.324,.815,.018,1.067,4.782,10.535,5202.900,8.427,4,35,"Sep 29 2009 12:00AM","Nov  3 2009 12:00AM"
MN08,11,2009,100,100,100,.196,.020,.015,.022,.862,1.549,.042,1.141,5.708,9.450,2521.900,3.810,4,28,"Nov  3 2009 12:00AM","Dec  1 2009 12:00AM"
MN08,12,2009,75,100,10,.048,.007,.014,.027,.206,1.044,.042,.874,4.740,11.900,208.600,4.394,1,28,"Dec  1 2009 12:00AM","Dec 29 2009 12:00AM"
MN08,2,2009,75,100,76,.123,.013,.005,.019,.414,.843,.042,.426,5.642,5.146,1075.400,2.667,3,28,"Feb  3 2009 12:00AM","Mar  3 2009 12:00AM"
MN08,3,2009,62,100,0,-9.000,-9.000,-9.000,-9.000,-9.000,-9.000,-9.000,-9.000,-9.000,-9.000,3.300,.969,0,21,"Mar  3 2009 12:00AM","Mar 24 2009 12:00AM"
MN08,4,2009,100,100,100,.158,.025,.018,.036,.293,.480,.050,.758,5.370,5.905,4091.500,6.223,2,35,"Mar 24 2009 12:00AM","Apr 28 2009 12:00AM"
MN08,5,2009,60,100,60,.305,.044,.020,.049,.962,1.291,.060,1.037,6.429,9.762,2272.300,5.436,3,35,"Apr 28 2009 12:00AM","Jun  2 2009 12:00AM"
MN08,6,2009,75,100,96,.112,.020,.021,.011,.423,.895,.053,.883,5.143,7.664,4615.100,6.985,3,28,"Jun  2 2009 12:00AM","Jun 30 2009 12:00AM"
MN08,7,2009,100,100,100,.161,.027,.010,.005,.168,.442,.020,.453,5.521,4.097,5152.400,7.493,3,28,"Jun 30 2009 12:00AM","Jul 28 2009 12:00AM"
MN08,8,2009,100,100,100,.130,.020,.012,.008,.260,.627,.028,.627,5.231,6.000,5387.400,7.950,5,35,"Jul 28 2009 12:00AM","Sep  1 2009 12:00AM"
MN08,9,2009,75,100,65,.186,.030,.024,.019,.606,.835,.034,.915,6.120,6.900,317.500,.722,1,28,"Sep  1 2009 12:00AM","Sep 29 2009 12:00AM"
MN08,1,2010,80,100,0,-9.000,-9.000,-9.000,-9.000,-9.000,-9.000,-9.000,-9.000,-9.000,-9.000,.600,3.048,0,35,"Dec 29 2009 12:00AM","Feb  2 2010 12:00AM"
MN08,10,2010,100,100,100,.072,.012,.015,.014,.353,.740,.027,.662,5.267,6.378,5125.400,7.399,3,35,"Sep 28 2010 12:00AM","Nov  2 2010 12:00AM"
MN08,11,2010,100,100,100,.390,.034,.022,.057,.503,1.490,.078,1.198,5.121,10.968,3872.300,6.322,4,28,"Nov  2 2010 12:00AM","Nov 30 2010 12:00AM"
MN08,12,2010,100,100,100,.081,.007,.012,.011,.337,1.199,.031,.750,4.911,9.574,803.400,1.499,3,28,"Nov 30 2010 12:00AM","Dec 28 2010 12:00AM"
MN08,2,2010,50,100,0,-9.000,-9.000,-9.000,-9.000,-9.000,-9.000,-9.000,-9.000,-9.000,-9.000,.000,.584,0,28,"Feb  2 2010 12:00AM","Mar  2 2010 12:00AM"
MN08,3,2010,75,100,98,.379,.045,.017,.050,.916,2.389,.094,2.365,4.451,26.278,1506.700,2.261,2,28,"Mar  2 2010 12:00AM","Mar 30 2010 12:00AM"
MN08,4,2010,75,100,10,-9.000,-9.000,-9.000,-9.000,-9.000,-9.000,-9.000,-9.000,-9.000,-9.000,67.800,.254,0,28,"Mar 30 2010 12:00AM","Apr 27 2010 12:00AM"
MN08,5,2010,80,100,82,.109,.014,.018,.012,.227,.565,.024,.441,5.315,5.254,3290.300,5.778,3,35,"Apr 27 2010 12:00AM","Jun  1 2010 12:00AM"
MN08,6,2010,75,100,77,.029,.004,.009,.004,.104,.382,.018,.251,5.147,4.417,5888.300,11.176,3,28,"Jun  1 2010 12:00AM","Jun 29 2010 12:00AM"
MN08,7,2010,100,100,100,.127,.019,.014,.009,.303,.665,.029,.502,5.323,5.776,5311.600,7.544,5,35,"Jun 29 2010 12:00AM","Aug  3 2010 12:00AM"
MN08,8,2010,100,100,100,.154,.020,.011,.008,.246,.585,.030,.522,5.291,5.318,3013.600,4.343,4,28,"Aug  3 2010 12:00AM","Aug 31 2010 12:00AM"
MN08,9,2010,100,100,100,.039,.005,.011,.008,.173,.487,.021,.365,5.145,5.031,6312.000,9.500,4,28,"Aug 31 2010 12:00AM","Sep 28 2010 12:00AM"
MN08,1,2011,80,100,56,.037,.005,.005,.023,.079,.809,.041,.298,4.876,7.326,1286.700,4.191,4,35,"Dec 28 2010 12:00AM","Feb  1 2011 12:00AM"
MN08,10,2011,80,100,99,.124,.029,.017,.012,.353,.963,.030,1.031,4.834,9.937,2451.000,3.912,3,35,"Sep 27 2011 12:00AM","Nov  1 2011 12:00AM"
MN08,11,2011,100,100,100,.164,.015,.013,.011,.397,.829,.027,.277,6.010,4.901,999.100,1.511,3,28,"Nov  1 2011 12:00AM","Nov 29 2011 12:00AM"
MN08,12,2011,100,100,100,.134,.026,.022,.058,.413,1.290,.089,.643,5.129,8.357,1447.400,2.287,4,35,"Nov 29 2011 12:00AM","Jan  3 2012 12:00AM"
MN08,2,2011,100,100,100,.261,.017,.011,.037,.449,1.687,.059,.507,5.120,8.840,603.200,.952,3,28,"Feb  1 2011 12:00AM","Mar  1 2011 12:00AM"
MN08,3,2011,75,100,94,.208,.030,.017,.074,.455,.998,.081,1.071,5.215,8.800,1759.200,3.023,2,28,"Mar  1 2011 12:00AM","Mar 29 2011 12:00AM"
MN08,4,2011,60,100,44,.104,.013,.017,.013,.365,.702,.029,.702,5.370,6.091,2620.700,8.788,3,35,"Mar 29 2011 12:00AM","May  3 2011 12:00AM"
MN08,5,2011,100,100,100,.121,.020,.025,.015,.562,1.058,.038,.855,5.311,7.743,3882.300,5.740,4,28,"May  3 2011 12:00AM","May 31 2011 12:00AM"
MN08,6,2011,50,100,86,.065,.009,.017,.010,.128,.571,.029,.431,4.978,6.307,5021.700,8.761,2,28,"May 31 2011 12:00AM","Jun 28 2011 12:00AM"
MN08,7,2011,100,100,100,.153,.023,.017,.019,.463,.807,.031,.538,5.808,5.748,11809.300,17.374,5,35,"Jun 28 2011 12:00AM","Aug  2 2011 12:00AM"
MN08,8,2011,75,100,61,.271,.054,.031,.009,.378,.949,.042,.533,5.240,7.380,857.000,2.083,3,28,"Aug  2 2011 12:00AM","Aug 30 2011 12:00AM"
MN08,9,2011,75,100,94,.305,.049,.033,.014,.755,1.090,.031,1.236,5.250,10.805,4412.500,6.818,3,28,"Aug 30 2011 12:00AM","Sep 27 2011 12:00AM"
MN08,1,2012,100,100,100,.104,.015,.010,.054,.192,1.159,.075,.344,5.047,7.208,943.900,1.524,4,28,"Jan  3 2012 12:00AM","Jan 31 2012 12:00AM"
MN08,10,2012,75,100,98,.126,.013,.021,.013,.466,.897,.023,.870,5.261,7.486,5939.200,9.144,3,28,"Oct  2 2012 12:00AM","Oct 30 2012 12:00AM"
MN08,11,2012,100,100,100,.580,.056,.058,.050,1.188,2.025,.084,1.439,5.832,14.236,2557.600,3.785,4,28,"Oct 30 2012 12:00AM","Nov 27 2012 12:00AM"
MN08,12,2012,100,100,100,.152,.015,.024,.032,.946,3.153,.054,1.695,4.508,22.011,1794.200,2.769,5,35,"Nov 27 2012 12:00AM","Jan  1 2013 12:00AM"
MN08,2,2012,75,100,82,.354,.033,.049,.074,.539,1.484,.086,.785,6.080,7.900,741.500,1.524,1,28,"Jan 31 2012 12:00AM","Feb 28 2012 12:00AM"
MN08,3,2012,60,100,78,.201,.029,.027,.065,.479,1.115,.086,1.086,5.297,8.648,2419.000,4.699,3,35,"Feb 28 2012 12:00AM","Apr  3 2012 12:00AM"
MN08,4,2012,75,100,39,.085,.012,.011,.009,.516,.855,.018,.518,5.866,5.482,1479.500,5.156,3,28,"Apr  3 2012 12:00AM","May  1 2012 12:00AM"
MN08,5,2012,75,100,87,.625,.083,.051,.054,.797,1.325,.081,1.211,6.376,11.031,6925.700,11.455,3,28,"May  1 2012 12:00AM","May 29 2012 12:00AM"
MN08,6,2012,80,100,99,.196,.022,.019,.030,.361,.685,.043,.515,5.837,5.193,10695.000,15.977,4,35,"May 29 2012 12:00AM","Jul  3 2012 12:00AM"
MN08,7,2012,75,100,97,.069,.010,.018,.009,.288,.537,.023,.331,5.382,4.876,5893.000,8.687,2,28,"Jul  3 2012 12:00AM","Jul 31 2012 12:00AM"
MN08,8,2012,75,100,88,.072,.013,.012,.003,.197,.414,.011,.300,5.446,4.110,5562.000,9.093,3,28,"Jul 31 2012 12:00AM","Aug 28 2012 12:00AM"
MN08,9,2012,100,100,100,.230,.044,.029,.011,.294,.503,.031,.466,5.836,4.842,1171.200,1.613,3,35,"Aug 28 2012 12:00AM","Oct  2 2012 12:00AM"
MN08,1,2013,100,100,100,.135,.013,.017,.036,.500,1.431,.035,.654,5.337,7.469,2141.900,3.658,3,28,"Jan  1 2013 12:00AM","Jan 29 2013 12:00AM"
MN08,10,2013,75,100,99,.068,.013,.015,.010,.127,.352,.023,.301,5.370,3.785,4559.700,7.010,3,28,"Oct  1 2013 12:00AM","Oct 29 2013 12:00AM"
MN08,11,2013,100,100,100,.262,.038,.038,.029,.770,1.833,.067,1.200,5.519,10.182,3067.900,4.623,5,35,"Oct 29 2013 12:00AM","Dec  3 2013 12:00AM"
MN08,12,2013,100,100,100,.052,.012,.011,.017,.117,.561,.032,.388,5.095,5.571,1391.100,2.210,4,28,"Dec  3 2013 12:00AM","Dec 31 2013 12:00AM"
MN08,2,2013,75,100,22,.129,.013,.006,.049,.137,.826,.086,.189,5.194,5.557,326.100,2.438,3,28,"Jan 29 2013 12:00AM","Feb 26 2013 12:00AM"
MN08,3,2013,100,100,100,.080,.008,.011,.025,.648,1.445,.044,1.065,4.902,11.762,2512.300,3.556,3,35,"Feb 26 2013 12:00AM","Apr  2 2013 12:00AM"
MN08,4,2013,75,100,61,.341,.031,.017,.024,.674,.775,.033,.589,5.718,7.952,4046.700,9.677,3,28,"Apr  2 2013 12:00AM","Apr 30 2013 12:00AM"
MN08,5,2013,75,100,99,.221,.038,.029,.025,.749,1.027,.046,1.054,5.821,8.578,5145.300,7.731,3,28,"Apr 30 2013 12:00AM","May 28 2013 12:00AM"
MN08,6,2013,80,100,93,.133,.027,.059,.032,.358,.829,.057,.492,5.703,5.581,5893.400,9.246,4,35,"May 28 2013 12:00AM","Jul  2 2013 12:00AM"
MN08,7,2013,100,100,100,.199,.032,.022,.011,.497,.864,.036,.481,5.770,6.205,7812.500,11.481,4,28,"Jul  2 2013 12:00AM","Jul 30 2013 12:00AM"
MN08,8,2013,80,100,94,.086,.012,.013,.007,.301,.503,.016,.305,5.781,4.017,3967.300,6.147,3,35,"Jul 30 2013 12:00AM","Sep  3 2013 12:00AM"
MN08,9,2013,100,100,100,.133,.013,.016,.015,.395,.569,.025,.531,5.727,5.212,7415.300,10.947,4,28,"Sep  3 2013 12:00AM","Oct  1 2013 12:00AM"
MN08,1,2014,100,100,100,.070,.017,.006,.023,.251,.989,.038,.286,5.288,5.760,491.700,1.854,4,28,"Dec 31 2013 12:00AM","Jan 28 2014 12:00AM"
MN08,10,2014,71,100,95,.051,.005,.005,.004,.191,.325,.007,.292,5.432,3.727,1606.000,2.438,2,28,"Sep 30 2014 12:00AM","Oct 28 2014 12:00AM"
MN08,11,2014,80,100,95,.221,.028,.079,.016,.694,1.226,.044,.567,5.931,7.754,1096.100,1.626,4,35,"Oct 28 2014 12:00AM","Dec  2 2014 12:00AM"
MN08,12,2014,100,100,100,.036,.004,.015,.011,.675,1.126,.029,.662,5.255,8.338,2305.600,3.505,3,28,"Dec  2 2014 12:00AM","Dec 30 2014 12:00AM"
MN08,2,2014,75,100,48,.059,.008,.017,.023,.108,.623,.031,.146,5.258,4.418,1187.100,4.343,2,28,"Jan 28 2014 12:00AM","Feb 25 2014 12:00AM"
MN08,3,2014,80,100,46,.082,.015,.010,.036,.380,1.280,.059,.366,5.116,7.583,969.200,3.073,3,35,"Feb 25 2014 12:00AM","Apr  1 2014 12:00AM"
MN08,4,2014,100,100,100,.177,.015,.022,.018,.706,1.156,.030,1.020,5.304,9.252,6330.100,9.423,3,28,"Apr  1 2014 12:00AM","Apr 29 2014 12:00AM"
MN08,5,2014,100,100,100,.119,.014,.018,.015,.324,.607,.028,.433,5.494,5.032,9062.300,13.157,4,35,"Apr 29 2014 12:00AM","Jun  3 2014 12:00AM"
MN08,6,2014,100,100,100,.101,.019,.016,.016,.354,.638,.036,.489,5.604,5.023,6008.100,8.433,4,28,"Jun  3 2014 12:00AM","Jul  1 2014 12:00AM"
MN08,7,2014,100,100,100,.265,.036,.019,.011,.541,.690,.045,.477,5.998,6.602,8217.300,12.065,4,28,"Jul  1 2014 12:00AM","Jul 29 2014 12:00AM"
MN08,8,2014,100,100,100,.074,.010,.023,.013,.229,.503,.028,.395,5.290,4.803,4780.800,6.782,4,35,"Jul 29 2014 12:00AM","Sep  2 2014 12:00AM"
MN08,9,2014,100,100,100,.169,.021,.026,.010,.534,.700,.028,.565,6.013,5.918,3434.200,4.953,4,28,"Sep  2 2014 12:00AM","Sep 30 2014 12:00AM"
MN08,1,2015,100,100,100,.128,.027,.011,.049,.361,1.542,.087,.629,4.909,10.154,1039.500,1.575,5,35,"Dec 30 2014 12:00AM","Feb  3 2015 12:00AM"
MN08,10,2015,80,100,76,.044,.007,.010,.005,.226,.481,.013,.244,5.387,3.941,3790.200,7.747,2,35,"Sep 29 2015 12:00AM","Nov  3 2015 12:00AM"
MN08,11,2015,100,100,100,.085,.011,.014,.013,.272,.871,.021,.412,5.123,6.335,4667.700,7.417,3,28,"Nov  3 2015 12:00AM","Dec  1 2015 12:00AM"
MN08,12,2015,75,100,80,.045,.005,.006,.013,.113,.410,.018,.292,5.233,4.500,4482.700,8.745,3,28,"Dec  1 2015 12:00AM","Dec 29 2015 12:00AM"
MN08,2,2015,100,100,100,.047,.008,.009,.040,.136,.529,.059,.303,5.098,5.679,1301.100,1.956,4,28,"Feb  3 2015 12:00AM","Mar  3 2015 12:00AM"
MN08,3,2015,100,100,100,.166,.023,.019,.036,.793,1.544,.048,1.067,5.557,9.230,933.100,1.270,2,28,"Mar  3 2015 12:00AM","Mar 31 2015 12:00AM"
MN08,4,2015,100,100,100,.149,.025,.018,.023,.911,.948,.048,.737,6.053,8.335,3559.700,5.207,3,28,"Mar 31 2015 12:00AM","Apr 28 2015 12:00AM"
MN08,5,2015,80,100,98,.055,.011,.013,.024,.352,.520,.038,.300,5.704,4.191,7983.500,11.836,3,35,"Apr 28 2015 12:00AM","Jun  2 2015 12:00AM"
MN08,6,2015,100,100,100,.150,.028,.024,.006,.419,.606,.026,.344,5.544,5.608,7694.000,10.846,4,28,"Jun  2 2015 12:00AM","Jun 30 2015 12:00AM"
MN08,7,2015,100,100,100,.163,.030,.043,.007,.589,.964,.036,.363,5.480,7.359,2605.500,3.683,3,28,"Jun 30 2015 12:00AM","Jul 28 2015 12:00AM"
MN08,8,2015,100,100,100,.050,.010,.014,.004,.135,.305,.014,.185,5.328,3.809,8557.600,12.421,5,35,"Jul 28 2015 12:00AM","Sep  1 2015 12:00AM"
MN08,9,2015,75,100,76,.474,.033,.022,.043,.468,.820,.057,.551,6.393,7.153,3921.000,7.595,2,28,"Sep  1 2015 12:00AM","Sep 29 2015 12:00AM"
MN08,1,2016,80,100,74,.053,.006,.028,.033,.670,2.047,.063,.923,4.808,13.287,1138.000,2.258,3,35,"Dec 29 2015 12:00AM","Feb  2 2016 12:00AM"
MN08,10,2016,80,100,69,.564,.040,.052,.023,1.024,1.313,.040,.881,6.159,11.463,2222.900,4.978,3,35,"Sep 27 2016 12:00AM","Nov  1 2016 12:00AM"
MN08,11,2016,100,100,100,.305,.023,.020,.018,.450,.915,.029,.571,5.222,7.904,6762.600,11.278,4,28,"Nov  1 2016 12:00AM","Nov 29 2016 12:00AM"
MN08,12,2016,60,100,78,.086,.014,.015,.033,.490,1.058,.053,.524,5.523,6.429,2069.400,5.212,3,35,"Nov 29 2016 12:00AM","Jan  3 2017 12:00AM"
MN08,2,2016,75,100,86,.540,.032,.026,.057,1.253,3.121,.089,1.400,5.788,14.890,1238.600,2.129,3,28,"Feb  2 2016 12:00AM","Mar  1 2016 12:00AM"
MN08,3,2016,100,100,100,.115,.012,.013,.028,.445,.673,.036,.412,5.421,6.011,2581.200,4.115,4,28,"Mar  1 2016 12:00AM","Mar 29 2016 12:00AM"
MN08,4,2016,100,100,100,.146,.025,.019,.015,.579,.877,.037,.445,5.934,6.311,3135.100,5.156,5,35,"Mar 29 2016 12:00AM","May  3 2016 12:00AM"
MN08,5,2016,100,100,100,.068,.012,.021,.016,.341,.841,.037,.349,5.500,5.226,2880.400,4.318,3,28,"May  3 2016 12:00AM","May 31 2016 12:00AM"
MN08,6,2016,100,100,100,.207,.021,.014,.013,.378,.808,.035,.453,5.301,6.871,9669.600,14.630,4,28,"May 31 2016 12:00AM","Jun 28 2016 12:00AM"
MN08,7,2016,60,100,85,.094,.014,.012,.017,.226,.528,.032,.256,5.376,4.544,6653.700,11.760,3,35,"Jun 28 2016 12:00AM","Aug  2 2016 12:00AM"
MN08,8,2016,100,100,100,.136,.024,.013,.006,.180,.432,.021,.208,5.500,4.154,4006.700,5.994,4,28,"Aug  2 2016 12:00AM","Aug 30 2016 12:00AM"
MN08,9,2016,71,100,69,.068,.010,.021,.006,.355,.542,.018,.616,5.338,5.661,4183.400,9.144,3,28,"Aug 30 2016 12:00AM","Sep 27 2016 12:00AM"
MN08,1,2017,100,100,100,.072,.006,.007,.016,.276,1.140,.028,.339,4.917,8.296,1408.600,2.364,4,28,"Jan  3 2017 12:00AM","Jan 31 2017 12:00AM"
MN08,10,2017,100,100,100,.227,.030,.021,.022,.394,.746,.040,.343,5.868,5.270,3585.700,5.842,4,28,"Oct  3 2017 12:00AM","Oct 31 2017 12:00AM"
MN08,11,2017,100,100,100,.142,.014,.011,.020,.575,1.193,.024,.484,5.556,6.478,2451.000,4.013,4,28,"Oct 31 2017 12:00AM","Nov 28 2017 12:00AM"
MN08,12,2017,100,100,100,.126,.010,.015,.018,.492,.870,.030,.424,5.290,8.700,2318.600,4.597,1,35,"Nov 28 2017 12:00AM","Jan  2 2018 12:00AM"
MN08,2,2017,100,100,100,.179,.014,.012,.020,.418,.913,.030,.514,5.511,6.002,2741.800,5.537,4,28,"Jan 31 2017 12:00AM","Feb 28 2017 12:00AM"
MN08,3,2017,75,100,57,.185,.019,.020,.034,.994,1.757,.051,.880,5.950,9.583,1406.700,3.962,2,28,"Feb 28 2017 12:00AM","Mar 28 2017 12:00AM"
MN08,4,2017,100,100,100,.244,.026,.016,.009,.337,.593,.024,.356,5.959,4.889,6301.000,9.754,4,35,"Mar 28 2017 12:00AM","May  2 2017 12:00AM"
MN08,5,2017,100,100,100,.151,.031,.015,.009,.472,.736,.028,.404,5.724,5.507,3715.900,5.690,3,28,"May  2 2017 12:00AM","May 30 2017 12:00AM"
MN08,6,2017,75,100,90,.187,.033,.022,.019,.281,.445,.033,.263,5.601,4.721,5242.400,8.687,3,28,"May 30 2017 12:00AM","Jun 27 2017 12:00AM"
MN08,7,2017,100,100,100,.113,.022,.014,.004,.258,.566,.023,.264,5.469,4.594,5579.400,8.179,5,35,"Jun 27 2017 12:00AM","Aug  1 2017 12:00AM"
MN08,8,2017,100,100,100,.065,.010,.013,.004,.198,.512,.021,.305,5.129,5.068,3546.400,5.690,4,28,"Aug  1 2017 12:00AM","Aug 29 2017 12:00AM"
MN08,9,2017,100,100,100,.244,.023,.019,.016,.413,.562,.027,.446,5.712,5.079,12711.100,19.126,4,35,"Aug 29 2017 12:00AM","Oct  3 2017 12:00AM"
MN08,1,2018,25,50,32,.084,.008,.007,.011,.095,1.096,.051,.121,4.930,7.200,79.600,1.753,1,28,"Jan  2 2018 12:00AM","Jan 30 2018 12:00AM"
MN08,10,2018,100,100,100,.096,.010,.008,.004,.222,.439,.017,.217,5.509,3.796,7765.500,12.014,4,28,"Oct  2 2018 12:00AM","Oct 30 2018 12:00AM"
MN08,11,2018,100,100,100,.040,.004,.006,.007,.195,.616,.015,.211,5.198,4.392,4151.100,6.629,5,35,"Oct 30 2018 12:00AM","Dec  4 2018 12:00AM"
MN08,12,2018,100,100,100,.026,.003,.003,.007,.200,.633,.017,.239,5.019,4.451,2168.400,4.597,2,28,"Dec  4 2018 12:00AM","Jan  1 2019 12:00AM"
MN08,2,2018,50,100,90,.140,.014,.010,.033,.153,.536,.046,.218,5.576,3.767,2463.200,5.664,2,28,"Jan 30 2018 12:00AM","Feb 27 2018 12:00AM"
MN08,3,2018,100,100,100,.201,.026,.012,.043,.362,1.094,.076,.274,5.600,5.700,243.200,.406,1,35,"Feb 27 2018 12:00AM","Apr  3 2018 12:00AM"
MN08,4,2018,75,100,98,.140,.023,.014,.015,.062,.350,.033,.091,5.640,2.800,614.200,2.032,1,28,"Apr  3 2018 12:00AM","May  1 2018 12:00AM"
MN08,5,2018,100,100,100,.262,.061,.041,.014,1.414,1.457,.035,.508,6.603,11.822,2013.000,2.972,2,28,"May  1 2018 12:00AM","May 29 2018 12:00AM"
MN08,6,2018,100,100,100,.299,.034,.026,.031,.549,.896,.053,.375,5.570,7.036,6368.600,9.347,4,35,"May 29 2018 12:00AM","Jul  3 2018 12:00AM"
MN08,7,2018,100,100,100,.368,.039,.029,.009,.690,1.094,.032,.456,5.547,8.355,3083.900,4.547,4,28,"Jul  3 2018 12:00AM","Jul 31 2018 12:00AM"
MN08,8,2018,75,100,99,.142,.020,.027,.011,.304,.547,.033,.342,5.531,4.520,5706.100,8.560,2,28,"Jul 31 2018 12:00AM","Aug 28 2018 12:00AM"
MN08,9,2018,100,100,100,.161,.019,.019,.014,.406,.636,.030,.335,5.796,4.772,6103.800,9.373,4,35,"Aug 28 2018 12:00AM","Oct  2 2018 12:00AM"
MN08,1,2019,0,0,-9,-9.000,-9.000,-9.000,-9.000,-9.000,-9.000,-9.000,-9.000,-9.000,-9.000,.000,.000,0,32,"Jan  1 2019 12:00AM","Jan 29 2019 12:00AM"
MN08,10,2019,66,88,99,.092,.013,.021,.012,.239,.571,.025,.399,5.284,4.730,6164.200,9.398,3,32,"Oct  1 2019 12:00AM","Oct 29 2019 12:00AM"
MN08,11,2019,37,100,85,.178,.012,.018,.009,.496,1.038,.029,.566,5.177,8.033,1852.700,4.166,2,35,"Oct 29 2019 12:00AM","Dec  3 2019 12:00AM"
MN08,12,2019,25,75,21,.061,.009,.014,.058,.313,1.606,.107,.489,4.670,11.700,92.000,1.219,1,28,"Dec  3 2019 12:00AM","Dec 31 2019 12:00AM"
MN08,2,2019,22,22,-9,-9.000,-9.000,-9.000,-9.000,-9.000,-9.000,-9.000,-9.000,-9.000,-9.000,.000,.000,0,32,"Jan 29 2019 12:00AM","Feb 26 2019 12:00AM"
MN08,3,2019,90,90,100,.071,.006,.012,.024,.291,.947,.046,.475,4.792,9.384,2358.700,3.632,4,31,"Feb 26 2019 12:00AM","Apr  2 2019 12:00AM"
MN08,4,2019,50,100,53,.163,.012,.014,.017,.197,.330,.029,.223,5.798,3.936,1505.700,9.449,2,28,"Apr  2 2019 12:00AM","Apr 30 2019 12:00AM"
MN08,5,2019,41,62,57,.230,.038,.056,.024,.911,1.319,.058,.594,5.835,9.078,1620.400,4.230,2,34,"Apr 30 2019 12:00AM","May 28 2019 12:00AM"
MN08,6,2019,29,58,0,-9.000,-9.000,-9.000,-9.000,-9.000,-9.000,-9.000,-9.000,-9.000,-9.000,.000,.439,0,24,"May 28 2019 12:00AM","Jul  2 2019 12:00AM"
MN08,7,2019,47,47,100,.182,.029,.014,.006,.275,.501,.027,.240,5.807,4.119,5514.900,8.123,2,30,"Jul  2 2019 12:00AM","Jul 30 2019 12:00AM"
MN08,8,2019,80,100,81,.088,.017,.006,.005,.151,.305,.014,.199,5.397,3.502,5118.400,9.394,4,35,"Jul 30 2019 12:00AM","Sep  3 2019 12:00AM"
MN08,9,2019,100,100,100,.146,.017,.015,.011,.218,.506,.019,.296,5.351,4.768,7778.500,12.116,4,26,"Sep  3 2019 12:00AM","Oct  1 2019 12:00AM"
MN08,1,2020,41,41,100,.033,.003,.002,.005,.104,.771,.034,.155,4.910,5.900,188.100,.432,1,34,"Dec 31 2019 12:00AM","Jan 28 2020 12:00AM"
MN08,10,2020,100,100,100,.163,.023,.023,.009,.365,.361,.017,.290,6.029,4.513,4531.000,6.731,5,35,"Sep 29 2020 12:00AM","Nov  3 2020 12:00AM"
MN08,11,2020,100,100,100,.131,.013,.017,.044,.450,.796,.055,.380,5.518,5.896,2175.400,3.378,4,26,"Nov  3 2020 12:00AM","Dec  1 2020 12:00AM"
MN08,12,2020,44,88,7,.314,.029,.041,.067,.484,1.308,.085,.705,5.760,8.600,65.600,2.388,1,32,"Dec  1 2020 12:00AM","Dec 29 2020 12:00AM"
MN08,2,2020,100,100,95,.086,.009,.008,.030,.396,.839,.045,.360,5.418,5.504,1057.600,2.184,3,28,"Jan 28 2020 12:00AM","Mar  3 2020 12:00AM"
MN08,3,2020,100,100,100,.179,.016,.012,.025,.366,.552,.033,.306,5.748,4.950,3635.600,5.690,4,28,"Mar  3 2020 12:00AM","Mar 31 2020 12:00AM"
MN08,4,2020,44,88,70,.258,.033,.036,.037,1.223,1.653,.063,.916,6.162,11.595,955.300,2.388,2,32,"Mar 31 2020 12:00AM","Apr 28 2020 12:00AM"
MN08,5,2020,94,100,93,.203,.045,.041,.021,.521,.789,.038,.268,5.854,6.130,2116.100,3.480,2,31,"Apr 28 2020 12:00AM","Jun  2 2020 12:00AM"
MN08,6,2020,100,100,100,.237,.034,.018,.034,.454,.683,.059,.296,6.042,5.566,3465.700,5.052,4,28,"Jun  2 2020 12:00AM","Jun 30 2020 12:00AM"
MN08,7,2020,82,82,100,.189,.026,.019,.016,.306,.567,.035,.247,5.591,5.009,7211.100,10.719,4,34,"Jun 30 2020 12:00AM","Jul 28 2020 12:00AM"
MN08,8,2020,100,100,92,.125,.016,.012,.005,.242,.472,.016,.198,5.570,4.152,5674.300,9.220,4,26,"Jul 28 2020 12:00AM","Sep  1 2020 12:00AM"
MN08,9,2020,70,93,68,.230,.024,.019,.011,.451,.416,.021,.201,5.975,5.481,1747.100,3.785,2,30,"Sep  1 2020 12:00AM","Sep 29 2020 12:00AM"
