Time, Zone, Population, TotalForage(kg), K, EffectivePop, DamagedSites, BiomassRemoved(g/m2), BiomassMortality(g/m2), CohortsKilled, BiomassRemoved_BF, BiomassRemoved_SM, BiomassRemoved_YB, BiomassRemoved_PB, BiomassRemoved_WS, BiomassRemoved_JP, BiomassRemoved_QA, BiomassRemoved_NWC, BiomassRemoved_S, BiomassRemoved_BA, BiomassRemoved_BS, BiomassRemoved_EWP, BiomassRemoved_RO, BiomassRemoved_RM, CohortsKilled_BF, CohortsKilled_SM, CohortsKilled_YB, CohortsKilled_PB, CohortsKilled_WS, CohortsKilled_JP, CohortsKilled_QA, CohortsKilled_NWC, CohortsKilled_S, CohortsKilled_BA, CohortsKilled_BS, CohortsKilled_EWP, CohortsKilled_RO, CohortsKilled_RM
1,-1,498,8066265,3466.3794585303,498,185727,480123,79081,283,92438,1114,15379,145279,0,0,204457,0,96067,0,0,0,0,4470,13,0,0,0,0,0,9,0,209,0,0,0,0,52
1,1,498,8066265,3466.3794585303,498,185727,480123,638285,283,92438,1114,15379,145279,0,0,204457,0,96067,0,0,0,0,4470,13,0,0,0,0,0,9,0,209,0,0,0,0,52
2,-1,565,7972292.5,3425.99591749033,565,184508,535527,75119,235,90485,3037,16736,168910,0,0,235942,0,95533,0,0,0,0,3,7,0,0,1,0,0,11,0,216,0,0,0,0,0
2,1,565,7972292.5,3425.99591749033,565,184508,535527,685765,235,90485,3037,16736,168910,0,0,235942,0,95533,0,0,0,0,3,7,0,0,1,0,0,11,0,216,0,0,0,0,0
3,-1,653,8348435,3587.63859045982,653,187655,631303,72670,233,104986,3123,22413,218646,0,0,261615,20,92906,0,0,0,0,264,18,0,0,0,0,0,6,0,206,0,0,0,0,3
3,1,653,8348435,3587.63859045982,653,187655,631303,776643,233,104986,3123,22413,218646,0,0,261615,20,92906,0,0,0,0,264,18,0,0,0,0,0,6,0,206,0,0,0,0,3
4,-1,699,8430352.5,3622.84164159862,699,187750,663033,80637,272,107562,2037,31747,200336,0,0,300024,2005,99959,0,0,0,0,0,16,0,0,3,0,0,10,5,238,0,0,0,0,0
4,1,699,8430352.5,3622.84164159862,699,187750,663033,824307,272,107562,2037,31747,200336,0,0,300024,2005,99959,0,0,0,0,0,16,0,0,3,0,0,10,5,238,0,0,0,0,0
5,-1,787,7964607.5,3422.69338203696,787,187803,742258,87335,327,117260,2444,39847,230415,0,0,333633,6210,99750,0,0,0,0,34,27,0,0,26,0,0,13,14,247,0,0,0,0,0
5,1,787,7964607.5,3422.69338203696,787,187803,742258,916928,327,117260,2444,39847,230415,0,0,333633,6210,99750,0,0,0,0,34,27,0,0,26,0,0,13,14,247,0,0,0,0,0
6,-1,858,7824195,3362.35281478298,858,187889,798770,127132,512,129264,1708,40626,267998,0,0,343904,21079,121312,0,0,3,0,8,46,2,0,55,0,0,18,48,343,0,0,0,0,0
6,1,858,7824195,3362.35281478298,858,187889,798770,1053034,512,129264,1708,40626,267998,0,0,343904,21079,121312,0,0,3,0,8,46,2,0,55,0,0,18,48,343,0,0,0,0,0
7,-1,977,7933110,3409.15771379459,977,187849,903262,139711,592,147068,1445,42245,339871,0,0,367751,20825,123733,0,0,2,0,33,41,2,0,102,0,0,39,51,357,0,0,0,0,0
7,1,977,7933110,3409.15771379459,977,187849,903262,1182684,592,147068,1445,42245,339871,0,0,367751,20825,123733,0,0,2,0,33,41,2,0,102,0,0,39,51,357,0,0,0,0,0
8,-1,1130,7713302.5,3314.69810915342,1130,187849,1028117,220203,1035,216861,4682,44929,365739,0,0,427602,38644,149570,0,0,139,0,154,89,14,0,152,0,0,194,96,485,0,0,4,0,1
8,1,1130,7713302.5,3314.69810915342,1130,187849,1028117,1468523,1035,216861,4682,44929,365739,0,0,427602,38644,149570,0,0,139,0,154,89,14,0,152,0,0,194,96,485,0,0,4,0,1
9,-1,1190,7385135,3173.67211001289,1190,187868,1087621,272847,1379,273922,13088,53919,420767,0,0,408742,39609,150388,0,0,0,0,33,152,46,0,247,0,0,306,102,526,0,0,0,0,0
9,1,1190,7385135,3173.67211001289,1190,187868,1087621,1633315,1379,273922,13088,53919,420767,0,0,408742,39609,150388,0,0,0,0,33,152,46,0,247,0,0,306,102,526,0,0,0,0,0
10,-1,1334,6961240,2991.50837988827,1334,187760,1237079,388183,2178,337925,46863,59634,509830,0,0,449208,39931,181826,0,0,1,0,44,243,191,2,348,0,0,582,109,702,0,0,0,0,1
10,1,1334,6961240,2991.50837988827,1334,187760,1237079,2013445,2178,337925,46863,59634,509830,0,0,449208,39931,181826,0,0,1,0,44,243,191,2,348,0,0,582,109,702,0,0,0,0,1
11,-1,1443,6534595,2808.1628706489,1443,187924,1355455,474087,2880,431035,56078,78544,617940,0,0,430540,24247,191150,0,0,3,0,5,461,246,11,503,0,0,805,66,788,0,0,0,0,0
11,1,1443,6534595,2808.1628706489,1443,187924,1355455,2303629,2880,431035,56078,78544,617940,0,0,430540,24247,191150,0,0,3,0,5,461,246,11,503,0,0,805,66,788,0,0,0,0,0
12,-1,1544,6194635,2662.06918779544,1544,187925,1441335,549342,3503,483714,64752,106398,721079,0,0,392697,24623,197410,0,0,2,0,2,599,272,45,717,0,0,922,77,871,0,0,0,0,0
12,1,1544,6194635,2662.06918779544,1544,187925,1441335,2540019,3503,483714,64752,106398,721079,0,0,392697,24623,197410,0,0,2,0,2,599,272,45,717,0,0,922,77,871,0,0,0,0,0
13,-1,1561,5926317.5,2546.76299957026,1561,187925,1455079,595364,3996,530497,62457,116233,743014,0,0,371641,36363,190238,0,0,0,0,0,797,261,73,843,0,0,1006,110,906,0,0,0,0,0
13,1,1561,5926317.5,2546.76299957026,1561,187925,1455079,2645807,3996,530497,62457,116233,743014,0,0,371641,36363,190238,0,0,0,0,0,797,261,73,843,0,0,1006,110,906,0,0,0,0,0
14,-1,1627,5503047.5,2364.86785560808,1627,187926,1516855,700407,4807,592132,65817,147147,773424,0,0,357942,95240,185560,0,0,0,0,0,1031,300,157,1091,0,0,1038,298,892,0,0,0,0,0
14,1,1627,5503047.5,2364.86785560808,1627,187926,1516855,2917669,4807,592132,65817,147147,773424,0,0,357942,95240,185560,0,0,0,0,0,1031,300,157,1091,0,0,1038,298,892,0,0,0,0,0
15,-1,1676,5085320,2185.35453373442,1676,187923,1547756,886798,6111,691576,65375,177177,747439,0,0,347627,222538,182822,0,0,0,0,0,1493,318,224,1325,0,0,1102,698,951,0,0,0,0,0
15,1,1676,5085320,2185.35453373442,1676,187923,1547756,3321352,6111,691576,65375,177177,747439,0,0,347627,222538,182822,0,0,0,0,0,1493,318,224,1325,0,0,1102,698,951,0,0,0,0,0
16,-1,1701,5625987.5,2417.69982810486,1701,187910,1576243,684464,5197,531698,49271,124702,586634,0,0,667172,143291,157939,0,0,0,0,0,1213,245,167,1168,0,0,1088,506,810,0,0,0,0,0
16,1,1701,5625987.5,2417.69982810486,1701,187910,1576243,2945171,5197,531698,49271,124702,586634,0,0,667172,143291,157939,0,0,0,0,0,1213,245,167,1168,0,0,1088,506,810,0,0,0,0,0
17,-1,1669,5969210,2565.19553072626,1669,187897,1552309,564713,4645,493584,41880,107205,510908,0,0,741391,85563,136490,0,0,1,0,0,1121,198,113,1073,0,0,1122,312,706,0,0,0,0,0
17,1,1669,5969210,2565.19553072626,1669,187897,1552309,2681735,4645,493584,41880,107205,510908,0,0,741391,85563,136490,0,0,1,0,0,1121,198,113,1073,0,0,1122,312,706,0,0,0,0,0
18,-1,1612,5733680,2463.97937258272,1612,187875,1496927,565610,4729,515156,37345,119912,507550,0,0,658456,87932,136186,0,0,0,0,0,1216,170,170,1057,0,0,1107,333,676,0,0,0,0,0
18,1,1612,5733680,2463.97937258272,1612,187875,1496927,2628147,4729,515156,37345,119912,507550,0,0,658456,87932,136186,0,0,0,0,0,1216,170,170,1057,0,0,1107,333,676,0,0,0,0,0
19,-1,1702,5492135,2360.17834121186,1702,187797,1562780,624738,5278,604147,36944,149757,516454,0,0,606822,139631,133763,0,0,0,0,0,1453,170,249,1208,0,0,1093,524,581,0,0,0,0,0
19,1,1702,5492135,2360.17834121186,1702,187797,1562780,2812256,5278,604147,36944,149757,516454,0,0,606822,139631,133763,0,0,0,0,0,1453,170,249,1208,0,0,1093,524,581,0,0,0,0,0
20,-1,1638,5348925,2298.6355822948,1638,187769,1509846,631615,5385,601112,35521,143242,504473,0,0,580562,147169,129382,0,0,0,0,0,1462,162,260,1286,0,0,1087,616,512,0,0,0,0,0
20,1,1638,5348925,2298.6355822948,1638,187769,1509846,2773076,5385,601112,35521,143242,504473,0,0,580562,147169,129382,0,0,0,0,0,1462,162,260,1286,0,0,1087,616,512,0,0,0,0,0
21,-1,1557,4436152.5,1906.38268156425,1557,187646,1436054,943805,7068,646779,35187,178007,509638,0,0,469320,398869,142056,0,0,0,3,0,1948,146,405,1388,0,0,973,1639,569,0,0,0,0,0
21,1,1557,4436152.5,1906.38268156425,1557,187646,1436054,3323664,7068,646779,35187,178007,509638,0,0,469320,398869,142056,0,0,0,3,0,1948,146,405,1388,0,0,973,1639,569,0,0,0,0,0
22,-1,1458,4184020,1798.03180060163,1458,187677,1334228,892278,6731,630805,29964,165765,446467,0,0,467070,363597,122837,0,0,1,0,0,1956,130,450,1274,0,0,844,1588,489,0,0,0,0,0
22,1,1458,4184020,1798.03180060163,1458,187677,1334228,3118784,6731,630805,29964,165765,446467,0,0,467070,363597,122837,0,0,1,0,0,1956,130,450,1274,0,0,844,1588,489,0,0,0,0,0
23,-1,1496,4092320,1758.6248388483,1496,187603,1388630,910249,6884,648501,32771,165130,402109,0,0,487582,448582,114204,0,0,0,0,0,2016,149,478,1153,0,0,638,2028,422,0,0,0,0,0
23,1,1496,4092320,1758.6248388483,1496,187603,1388630,3209128,6884,648501,32771,165130,402109,0,0,487582,448582,114204,0,0,0,0,0,2016,149,478,1153,0,0,638,2028,422,0,0,0,0,0
24,-1,1435,3906877.5,1678.93317576278,1435,187537,1331744,884354,6657,656634,27522,155940,368665,0,0,469776,421888,115672,0,0,0,1,0,2018,118,470,1052,0,0,547,1987,465,0,0,0,0,0
24,1,1435,3906877.5,1678.93317576278,1435,187537,1331744,3100452,6657,656634,27522,155940,368665,0,0,469776,421888,115672,0,0,0,1,0,2018,118,470,1052,0,0,547,1987,465,0,0,0,0,0
25,-1,1364,3419937.5,1469.67662226042,1364,187256,1279479,961518,7461,667951,29873,158721,366278,0,0,337595,570638,109867,0,0,71,3,0,1991,156,491,1064,0,0,511,2797,449,0,0,2,0,0
25,1,1364,3419937.5,1469.67662226042,1364,187256,1279479,3202515,7461,667951,29873,158721,366278,0,0,337595,570638,109867,0,0,71,3,0,1991,156,491,1064,0,0,511,2797,449,0,0,2,0,0
26,-1,1284,2739977.5,1177.47206703911,1177.47206703911,186585,1095955,991834,7813,681013,27860,151063,350382,0,0,90458,685888,101104,0,0,8,13,0,2043,141,484,1111,0,0,362,3245,427,0,0,0,0,0
26,1,1284,2739977.5,1177.47206703911,1177.47206703911,186585,1095955,3079623,7813,681013,27860,151063,350382,0,0,90458,685888,101104,0,0,8,13,0,2043,141,484,1111,0,0,362,3245,427,0,0,0,0,0
27,-1,1115,2523807.5,1084.57563386334,1084.57563386334,185450,1009510,910153,7018,675611,21056,142114,305529,0,0,78128,602279,94847,0,0,99,0,0,1948,81,454,944,0,0,316,2836,438,0,0,1,0,0
27,1,1115,2523807.5,1084.57563386334,1084.57563386334,185450,1009510,2829816,7018,675611,21056,142114,305529,0,0,78128,602279,94847,0,0,99,0,0,1948,81,454,944,0,0,316,2836,438,0,0,1,0,0
28,-1,1052,2390440,1027.2625698324,1027.2625698324,185144,956139,931939,6929,693661,21075,138686,281955,0,0,71227,593618,87856,0,0,0,0,0,2035,87,502,815,0,0,270,2799,421,0,0,0,0,0
28,1,1052,2390440,1027.2625698324,1027.2625698324,185144,956139,2820017,6929,693661,21075,138686,281955,0,0,71227,593618,87856,0,0,0,0,0,2035,87,502,815,0,0,270,2799,421,0,0,0,0,0
29,-1,921,2284630,981.792006875806,921,184823,890808,841420,6143,660885,18039,123372,262392,0,0,59658,532236,75646,0,0,0,0,0,1886,72,432,717,0,0,218,2471,347,0,0,0,0,0
29,1,921,2284630,981.792006875806,921,184823,890808,2573648,6143,660885,18039,123372,262392,0,0,59658,532236,75646,0,0,0,0,0,1886,72,432,717,0,0,218,2471,347,0,0,0,0,0
30,-1,871,2198232.5,944.663730124624,871,184158,839943,764970,5611,627635,17753,109869,255171,0,0,57384,464685,72416,0,0,0,0,0,1808,64,373,623,0,0,176,2217,350,0,0,0,0,0
30,1,871,2198232.5,944.663730124624,871,184158,839943,2369883,5611,627635,17753,109869,255171,0,0,57384,464685,72416,0,0,0,0,0,1808,64,373,623,0,0,176,2217,350,0,0,0,0,0
31,-1,792,2097995,901.587881392351,792,182782,763378,726516,5072,646788,17016,103371,232535,0,0,48834,376623,64727,0,0,0,0,0,1861,60,344,531,0,0,143,1822,311,0,0,0,0,0
31,1,792,2097995,901.587881392351,792,182782,763378,2216410,5072,646788,17016,103371,232535,0,0,48834,376623,64727,0,0,0,0,0,1861,60,344,531,0,0,143,1822,311,0,0,0,0,0
32,-1,764,2076320,892.2733132789,764,181590,723669,633762,4539,610052,14847,94017,216292,0,0,59820,302375,60028,0,0,0,0,0,1748,50,330,444,0,0,110,1550,307,0,0,0,0,0
32,1,764,2076320,892.2733132789,764,181590,723669,1991193,4539,610052,14847,94017,216292,0,0,59820,302375,60028,0,0,0,0,0,1748,50,330,444,0,0,110,1550,307,0,0,0,0,0
33,-1,750,1975745,849.052428018908,750,179546,721680,640914,4487,601801,14740,90445,208453,0,0,49625,343540,53990,0,0,0,0,0,1778,44,299,393,0,0,106,1607,260,0,0,0,0,0
33,1,750,1975745,849.052428018908,750,179546,721680,2003508,4487,601801,14740,90445,208453,0,0,49625,343540,53990,0,0,0,0,0,1778,44,299,393,0,0,106,1607,260,0,0,0,0,0
34,-1,744,1926607.5,827.936183927804,744,178455,708360,617653,4334,587484,12666,82964,207357,0,0,49075,335202,51265,0,0,0,0,0,1761,28,281,402,0,0,91,1537,234,0,0,0,0,0
34,1,744,1926607.5,827.936183927804,744,178455,708360,1943666,4334,587484,12666,82964,207357,0,0,49075,335202,51265,0,0,0,0,0,1761,28,281,402,0,0,91,1537,234,0,0,0,0,0
35,-1,709,1877290,806.742587021917,709,177970,687631,625368,4331,589244,15725,75925,208226,0,0,47019,329337,47523,0,0,0,0,0,1783,38,251,391,0,0,99,1531,238,0,0,0,0,0
35,1,709,1877290,806.742587021917,709,177970,687631,1938367,4331,589244,15725,75925,208226,0,0,47019,329337,47523,0,0,0,0,0,1783,38,251,391,0,0,99,1531,238,0,0,0,0,0
36,-1,669,1835190,788.650623119897,669,176666,641509,568847,3872,581638,15269,70696,200275,0,0,44176,254817,43485,0,0,0,0,0,1741,27,220,349,0,0,82,1242,211,0,0,0,0,0
36,1,669,1835190,788.650623119897,669,176666,641509,1779203,3872,581638,15269,70696,200275,0,0,44176,254817,43485,0,0,0,0,0,1741,27,220,349,0,0,82,1242,211,0,0,0,0,0
37,-1,662,1808877.5,777.343145681135,662,175695,635604,538406,3723,577108,12901,67569,203887,0,0,38998,237946,35601,0,0,0,0,0,1758,27,216,338,0,0,65,1141,178,0,0,0,0,0
37,1,662,1808877.5,777.343145681135,662,175695,635604,1712416,3723,577108,12901,67569,203887,0,0,38998,237946,35601,0,0,0,0,0,1758,27,216,338,0,0,65,1141,178,0,0,0,0,0
38,-1,677,1779890,764.886119467125,677,174376,654722,578105,3944,598302,14407,64545,211646,0,0,39343,270504,34080,0,0,0,0,0,1872,32,184,338,0,0,53,1308,157,0,0,0,0,0
38,1,677,1779890,764.886119467125,677,174376,654722,1810932,3944,598302,14407,64545,211646,0,0,39343,270504,34080,0,0,0,0,0,1872,32,184,338,0,0,53,1308,157,0,0,0,0,0
39,-1,636,1746932.5,750.723033949291,636,172800,612062,524143,3584,586804,14014,57771,207280,0,0,36174,206260,27902,0,0,0,0,0,1851,24,170,335,0,0,70,1008,126,0,0,0,0,0
39,1,636,1746932.5,750.723033949291,636,172800,612062,1660348,3584,586804,14014,57771,207280,0,0,36174,206260,27902,0,0,0,0,0,1851,24,170,335,0,0,70,1008,126,0,0,0,0,0
40,-1,625,1734885,745.54576708208,625,171425,607320,516567,3502,596276,13489,56811,201671,0,0,37193,189642,28805,0,0,0,0,0,1849,17,178,302,0,0,64,962,130,0,0,0,0,0
40,1,625,1734885,745.54576708208,625,171425,607320,1640454,3502,596276,13489,56811,201671,0,0,37193,189642,28805,0,0,0,0,0,1849,17,178,302,0,0,64,962,130,0,0,0,0,0
41,-1,608,2026285,870.77137945853,608,157931,572315,257726,2142,574300,14870,61509,41246,0,0,33483,70283,34350,0,0,0,0,0,1352,24,106,115,0,0,52,372,121,0,0,0,0,0
41,1,608,2026285,870.77137945853,608,157931,572315,1087767,2142,574300,14870,61509,41246,0,0,33483,70283,34350,0,0,0,0,0,1352,24,106,115,0,0,52,372,121,0,0,0,0,0
42,-1,620,2276155,978.149978513107,620,157455,601742,235978,1974,557433,12838,61346,43241,0,0,70878,64988,26996,0,0,0,0,0,1277,16,95,110,0,0,51,353,72,0,0,0,0,0
42,1,620,2276155,978.149978513107,620,157455,601742,1073698,1974,557433,12838,61346,43241,0,0,70878,64988,26996,0,0,0,0,0,1277,16,95,110,0,0,51,353,72,0,0,0,0,0
43,-1,640,2225120,956.218306832832,640,156687,614221,233224,2113,565590,10966,69889,45454,0,0,64548,63339,27659,0,0,0,0,0,1410,12,108,94,0,0,60,347,82,0,0,0,0,0
43,1,640,2225120,956.218306832832,640,156687,614221,1080669,2113,565590,10966,69889,45454,0,0,64548,63339,27659,0,0,0,0,0,1410,12,108,94,0,0,60,347,82,0,0,0,0,0
44,-1,629,2130107.5,915.387838418565,629,155488,595945,241489,2108,549370,11511,73226,52970,0,0,64594,56167,29596,0,0,0,0,0,1393,17,112,118,0,0,59,307,102,0,0,0,0,0
44,1,629,2130107.5,915.387838418565,629,155488,595945,1078923,2108,549370,11511,73226,52970,0,0,64594,56167,29596,0,0,0,0,0,1393,17,112,118,0,0,59,307,102,0,0,0,0,0
45,-1,623,2036302.5,875.076278470133,623,154246,594983,248843,2213,543261,12133,79128,58112,0,0,57133,65073,28986,0,0,0,0,0,1438,20,122,105,0,0,64,378,86,0,0,0,0,0
45,1,623,2036302.5,875.076278470133,623,154246,594983,1092669,2213,543261,12133,79128,58112,0,0,57133,65073,28986,0,0,0,0,0,1438,20,122,105,0,0,64,378,86,0,0,0,0,0
46,-1,648,1979560,850.691877954448,648,153160,635780,282520,2523,579652,11135,87209,60418,0,0,60765,90346,28775,0,0,0,0,0,1592,18,147,98,0,0,80,472,116,0,0,0,0,0
46,1,648,1979560,850.691877954448,648,153160,635780,1200820,2523,579652,11135,87209,60418,0,0,60765,90346,28775,0,0,0,0,0,1592,18,147,98,0,0,80,472,116,0,0,0,0,0
47,-1,627,1886127.5,810.540395358831,627,152077,612556,308950,2604,589260,12419,89332,64324,0,0,54186,83924,28061,0,0,0,0,0,1685,21,164,113,0,0,76,455,90,0,0,0,0,0
47,1,627,1886127.5,810.540395358831,627,152077,612556,1230456,2604,589260,12419,89332,64324,0,0,54186,83924,28061,0,0,0,0,0,1685,21,164,113,0,0,76,455,90,0,0,0,0,0
48,-1,647,1828245,785.666093682853,647,150293,616756,318292,2688,595709,11622,96418,64016,0,0,57127,85904,24252,0,0,0,0,0,1738,22,199,117,0,0,70,452,90,0,0,0,0,0
48,1,647,1828245,785.666093682853,647,150293,616756,1253340,2688,595709,11622,96418,64016,0,0,57127,85904,24252,0,0,0,0,0,1738,22,199,117,0,0,70,452,90,0,0,0,0,0
49,-1,610,1726247.5,741.833906317147,610,148508,582649,317530,2619,576961,9318,87695,70686,0,0,52491,79260,23768,0,0,0,0,0,1703,16,178,163,0,0,82,391,86,0,0,0,0,0
49,1,610,1726247.5,741.833906317147,610,148508,582649,1217709,2619,576961,9318,87695,70686,0,0,52491,79260,23768,0,0,0,0,0,1703,16,178,163,0,0,82,391,86,0,0,0,0,0
50,-1,593,1670692.5,717.959819510099,593,146542,564861,312580,2583,545767,10515,93607,69702,0,0,56917,80341,20592,0,0,0,0,0,1616,20,214,150,0,0,96,411,76,0,0,0,0,0
50,1,593,1670692.5,717.959819510099,593,146542,564861,1190021,2583,545767,10515,93607,69702,0,0,56917,80341,20592,0,0,0,0,0,1616,20,214,150,0,0,96,411,76,0,0,0,0,0
51,-1,593,1591887.5,684.094327460249,593,143677,573078,375283,2853,584271,11686,106397,74577,0,0,51787,97275,22368,0,0,0,0,0,1711,25,260,184,0,0,79,507,87,0,0,0,0,0
51,1,593,1591887.5,684.094327460249,593,143677,573078,1323644,2853,584271,11686,106397,74577,0,0,51787,97275,22368,0,0,0,0,0,1711,25,260,184,0,0,79,507,87,0,0,0,0,0
52,-1,596,1611325,692.447357112162,596,142357,576896,363491,2715,555998,9815,102801,85571,0,0,70801,90383,25018,0,0,0,0,0,1657,22,264,194,0,0,92,402,84,0,0,0,0,0
52,1,596,1611325,692.447357112162,596,142357,576896,1303878,2715,555998,9815,102801,85571,0,0,70801,90383,25018,0,0,0,0,0,1657,22,264,194,0,0,92,402,84,0,0,0,0,0
53,-1,591,1520177.5,653.277825526429,591,140239,574940,377060,2764,547557,9311,109905,84409,0,0,64963,113446,22409,0,0,0,0,0,1576,20,289,189,0,0,95,515,80,0,0,0,0,0
53,1,591,1520177.5,653.277825526429,591,140239,574940,1329060,2764,547557,9311,109905,84409,0,0,64963,113446,22409,0,0,0,0,0,1576,20,289,189,0,0,95,515,80,0,0,0,0,0
54,-1,573,1495740,642.776106574989,573,137433,555872,379595,2675,529387,10366,112401,86748,0,0,70325,106158,20082,0,0,0,0,0,1517,29,310,192,0,0,87,472,68,0,0,0,0,0
54,1,573,1495740,642.776106574989,573,137433,555872,1315062,2675,529387,10366,112401,86748,0,0,70325,106158,20082,0,0,0,0,0,1517,29,310,192,0,0,87,472,68,0,0,0,0,0
55,-1,531,1451627.5,623.81929522991,531,135820,519700,364349,2605,508634,10723,101942,84172,0,0,66200,93054,19324,0,0,0,0,0,1498,29,289,216,0,0,92,410,71,0,0,0,0,0
55,1,531,1451627.5,623.81929522991,531,135820,519700,1248398,2605,508634,10723,101942,84172,0,0,66200,93054,19324,0,0,0,0,0,1498,29,289,216,0,0,92,410,71,0,0,0,0,0
56,-1,498,1454422.5,625.020412548345,498,132399,486888,317025,2300,479047,7827,97126,77039,0,0,59933,66966,15975,0,0,0,0,0,1396,20,278,178,0,0,76,296,56,0,0,0,0,0
56,1,498,1454422.5,625.020412548345,498,132399,486888,1120938,2300,479047,7827,97126,77039,0,0,59933,66966,15975,0,0,0,0,0,1396,20,278,178,0,0,76,296,56,0,0,0,0,0
57,-1,518,1443995,620.539321014181,518,130622,511889,337272,2386,503317,8377,100516,79047,0,0,57003,84411,16490,0,0,0,0,0,1390,21,281,193,0,0,65,367,69,0,0,0,0,0
57,1,518,1443995,620.539321014181,518,130622,511889,1186433,2386,503317,8377,100516,79047,0,0,57003,84411,16490,0,0,0,0,0,1390,21,281,193,0,0,65,367,69,0,0,0,0,0
58,-1,489,1420867.5,610.600558659218,489,129343,475660,290691,2118,452855,7852,94381,74545,0,0,56806,65447,14465,0,0,0,0,0,1215,21,286,194,0,0,58,287,57,0,0,0,0,0
58,1,489,1420867.5,610.600558659218,489,129343,475660,1057042,2118,452855,7852,94381,74545,0,0,56806,65447,14465,0,0,0,0,0,1215,21,286,194,0,0,58,287,57,0,0,0,0,0
59,-1,492,1429850,614.460678985819,492,128215,477401,285452,2136,451014,7312,92159,75615,0,0,59060,63402,14291,0,0,0,0,0,1210,20,279,223,0,0,65,281,58,0,0,0,0,0
59,1,492,1429850,614.460678985819,492,128215,477401,1048305,2136,451014,7312,92159,75615,0,0,59060,63402,14291,0,0,0,0,0,1210,20,279,223,0,0,65,281,58,0,0,0,0,0
60,-1,490,1436262.5,617.216373012462,490,127213,477519,285257,2123,446128,7798,98688,76001,0,0,56949,63435,13777,0,0,0,0,0,1188,25,304,188,0,0,70,296,52,0,0,0,0,0
60,1,490,1436262.5,617.216373012462,490,127213,477519,1048033,2123,446128,7798,98688,76001,0,0,56949,63435,13777,0,0,0,0,0,1188,25,304,188,0,0,70,296,52,0,0,0,0,0
61,-1,499,1541362.5,662.381822088526,499,125930,496174,253813,2020,445760,7826,94242,74335,0,0,55631,57924,14269,0,0,0,0,0,1129,27,293,188,0,0,59,269,55,0,0,0,0,0
61,1,499,1541362.5,662.381822088526,499,125930,496174,1003800,2020,445760,7826,94242,74335,0,0,55631,57924,14269,0,0,0,0,0,1129,27,293,188,0,0,59,269,55,0,0,0,0,0
62,-1,512,1621185,696.684572410829,512,125306,482490,202248,1655,397396,8516,81574,78779,0,0,68998,39246,10229,0,0,0,0,0,954,27,212,168,0,0,67,201,26,0,0,0,0,0
62,1,512,1621185,696.684572410829,512,125306,482490,886986,1655,397396,8516,81574,78779,0,0,68998,39246,10229,0,0,0,0,0,954,27,212,168,0,0,67,201,26,0,0,0,0,0
63,-1,525,1606647.5,690.437258272454,525,122796,515916,243257,1917,424293,6808,92823,91026,0,0,73612,59151,11460,0,0,0,0,0,1069,20,253,194,0,0,59,289,33,0,0,0,0,0
63,1,525,1606647.5,690.437258272454,525,122796,515916,1002430,1917,424293,6808,92823,91026,0,0,73612,59151,11460,0,0,0,0,0,1069,20,253,194,0,0,59,289,33,0,0,0,0,0
64,-1,525,1596060,685.887408680705,525,122282,514270,253002,1913,428274,8151,92834,97225,0,0,71058,58375,11355,0,0,0,0,0,1074,25,249,188,0,0,66,269,42,0,0,0,0,0
64,1,525,1596060,685.887408680705,525,122282,514270,1020274,1913,428274,8151,92834,97225,0,0,71058,58375,11355,0,0,0,0,0,1074,25,249,188,0,0,66,269,42,0,0,0,0,0
65,-1,527,1597742.5,686.610442629996,527,122043,515813,249177,1941,428919,7464,97643,94457,0,0,76823,50430,9254,0,0,0,0,0,1104,25,300,186,0,0,68,228,30,0,0,0,0,0
65,1,527,1597742.5,686.610442629996,527,122043,515813,1014167,1941,428919,7464,97643,94457,0,0,76823,50430,9254,0,0,0,0,0,1104,25,300,186,0,0,68,228,30,0,0,0,0,0
66,-1,549,1585325,681.27417275462,549,121655,528369,251942,1954,438083,6217,93793,102303,0,0,76309,53305,10301,0,0,0,0,0,1104,22,271,200,0,0,69,250,38,0,0,0,0,0
66,1,549,1585325,681.27417275462,549,121655,528369,1032253,1954,438083,6217,93793,102303,0,0,76309,53305,10301,0,0,0,0,0,1104,22,271,200,0,0,69,250,38,0,0,0,0,0
67,-1,563,1568892.5,674.212505371723,563,121445,552119,304935,2252,475466,5840,101574,113718,0,0,79038,71394,10024,0,0,0,0,0,1254,24,311,257,0,0,62,309,35,0,0,0,0,0
67,1,563,1568892.5,674.212505371723,563,121445,552119,1161989,2252,475466,5840,101574,113718,0,0,79038,71394,10024,0,0,0,0,0,1254,24,311,257,0,0,62,309,35,0,0,0,0,0
68,-1,564,1507315,647.750322303395,564,121157,542052,300707,2098,466980,6304,99868,114892,0,0,77901,68999,7815,0,0,0,0,0,1147,21,289,250,0,0,65,302,24,0,0,0,0,0
68,1,564,1507315,647.750322303395,564,121157,542052,1143466,2098,466980,6304,99868,114892,0,0,77901,68999,7815,0,0,0,0,0,1147,21,289,250,0,0,65,302,24,0,0,0,0,0
69,-1,574,1500500,644.821658788139,574,121084,554149,346326,2283,491938,7122,105493,121734,0,0,84943,80423,8822,0,0,0,0,0,1242,29,307,268,0,0,71,329,37,0,0,0,0,0
69,1,574,1500500,644.821658788139,574,121084,554149,1246801,2283,491938,7122,105493,121734,0,0,84943,80423,8822,0,0,0,0,0,1242,29,307,268,0,0,71,329,37,0,0,0,0,0
70,-1,549,1467945,630.831542758917,549,120807,528583,327212,2234,472092,4754,103848,113567,0,0,81750,70942,8842,0,0,0,0,0,1198,19,326,264,0,0,83,305,39,0,0,0,0,0
70,1,549,1467945,630.831542758917,549,120807,528583,1183007,2234,472092,4754,103848,113567,0,0,81750,70942,8842,0,0,0,0,0,1198,19,326,264,0,0,83,305,39,0,0,0,0,0
71,-1,511,1474557.5,633.673184357542,511,119485,493859,270587,1964,432963,3410,86527,102288,0,0,78716,53381,7161,0,0,0,0,0,1140,11,246,243,0,0,72,231,21,0,0,0,0,0
71,1,511,1474557.5,633.673184357542,511,119485,493859,1035033,1964,432963,3410,86527,102288,0,0,78716,53381,7161,0,0,0,0,0,1140,11,246,243,0,0,72,231,21,0,0,0,0,0
72,-1,506,1564595,672.36570691878,506,119507,502172,255534,1893,408307,4042,85525,114194,0,0,88566,49509,7563,0,0,0,0,0,1056,16,259,254,0,0,73,207,28,0,0,0,0,0
72,1,506,1564595,672.36570691878,506,119507,502172,1013240,1893,408307,4042,85525,114194,0,0,88566,49509,7563,0,0,0,0,0,1056,16,259,254,0,0,73,207,28,0,0,0,0,0
73,-1,487,1590977.5,683.703266007735,487,119236,466750,200223,1573,364634,3035,70681,106630,0,0,80577,34769,6647,0,0,0,0,0,904,14,196,229,0,0,52,155,23,0,0,0,0,0
73,1,487,1590977.5,683.703266007735,487,119236,466750,867196,1573,364634,3035,70681,106630,0,0,80577,34769,6647,0,0,0,0,0,904,14,196,229,0,0,52,155,23,0,0,0,0,0
74,-1,489,1639630,704.611087236786,489,119189,465308,197885,1487,366014,2797,66134,106841,0,0,87101,28112,6194,0,0,0,0,0,873,11,166,224,0,0,73,120,20,0,0,0,0,0
74,1,489,1639630,704.611087236786,489,119189,465308,861078,1487,366014,2797,66134,106841,0,0,87101,28112,6194,0,0,0,0,0,873,11,166,224,0,0,73,120,20,0,0,0,0,0
75,-1,514,1659842.5,713.297163730125,514,119133,488609,208177,1559,385773,2597,71465,110987,0,0,87927,32644,5393,0,0,0,0,0,896,11,188,235,0,0,67,144,18,0,0,0,0,0
75,1,514,1659842.5,713.297163730125,514,119133,488609,904963,1559,385773,2597,71465,110987,0,0,87927,32644,5393,0,0,0,0,0,896,11,188,235,0,0,67,144,18,0,0,0,0,0
76,-1,532,1657857.5,712.444134078212,532,119121,497330,202354,1565,378938,1898,72151,113442,0,0,92482,34483,6290,0,0,0,0,0,905,6,177,237,0,0,63,153,24,0,0,0,0,0
76,1,532,1657857.5,712.444134078212,532,119121,497330,902038,1565,378938,1898,72151,113442,0,0,92482,34483,6290,0,0,0,0,0,905,6,177,237,0,0,63,153,24,0,0,0,0,0
77,-1,524,1636230,703.149978513107,524,119012,490729,186818,1505,374679,1403,68908,111443,0,0,91382,25317,4415,0,0,0,0,0,886,5,169,248,0,0,70,114,13,0,0,0,0,0
77,1,524,1636230,703.149978513107,524,119012,490729,864365,1505,374679,1403,68908,111443,0,0,91382,25317,4415,0,0,0,0,0,886,5,169,248,0,0,70,114,13,0,0,0,0,0
78,-1,515,1634487.5,702.401160292222,515,119004,486970,201983,1551,376483,2576,70965,106237,0,0,93553,32948,6191,0,0,0,0,0,899,10,188,230,0,0,73,127,24,0,0,0,0,0
78,1,515,1634487.5,702.401160292222,515,119004,486970,890936,1551,376483,2576,70965,106237,0,0,93553,32948,6191,0,0,0,0,0,899,10,188,230,0,0,73,127,24,0,0,0,0,0
79,-1,525,1637325,703.620541469703,525,119084,491114,218915,1692,393748,3720,69320,115436,0,0,92562,30449,4794,0,0,0,0,0,998,11,182,287,0,0,74,126,14,0,0,0,0,0
79,1,525,1637325,703.620541469703,525,119084,491114,928944,1692,393748,3720,69320,115436,0,0,92562,30449,4794,0,0,0,0,0,998,11,182,287,0,0,74,126,14,0,0,0,0,0
80,-1,527,1631617.5,701.167812634293,527,119174,524458,250452,1845,423164,1920,78535,120038,0,0,94594,51629,5030,0,0,0,0,0,1045,10,200,279,0,0,89,205,17,0,0,0,0,0
80,1,527,1631617.5,701.167812634293,527,119174,524458,1025362,1845,423164,1920,78535,120038,0,0,94594,51629,5030,0,0,0,0,0,1045,10,200,279,0,0,89,205,17,0,0,0,0,0
81,-1,509,1539632.5,661.63837559089,509,119049,499159,248449,1862,408155,1838,80521,115244,0,0,88323,48972,4555,0,0,0,0,0,1053,7,231,294,0,0,67,196,14,0,0,0,0,0
81,1,509,1539632.5,661.63837559089,509,119049,499159,996057,1862,408155,1838,80521,115244,0,0,88323,48972,4555,0,0,0,0,0,1053,7,231,294,0,0,67,196,14,0,0,0,0,0
82,-1,478,1475535,634.0932531156,478,118399,475759,254342,1896,402876,1220,69510,112214,0,0,88289,51526,4466,0,0,0,0,0,1069,4,214,315,0,0,86,193,15,0,0,0,0,0
82,1,478,1475535,634.0932531156,478,118399,475759,984443,1896,402876,1220,69510,112214,0,0,88289,51526,4466,0,0,0,0,0,1069,4,214,315,0,0,86,193,15,0,0,0,0,0
83,-1,491,1427357.5,613.389557370004,491,117687,475752,250898,1908,403886,4175,66874,109087,0,0,86064,51741,4823,0,0,0,0,0,1078,13,211,301,0,0,68,215,22,0,0,0,0,0
83,1,491,1427357.5,613.389557370004,491,117687,475752,977548,1908,403886,4175,66874,109087,0,0,86064,51741,4823,0,0,0,0,0,1078,13,211,301,0,0,68,215,22,0,0,0,0,0
84,-1,486,1365805,586.938117748174,486,116948,463117,263747,1966,410737,1773,65258,108381,0,0,84741,52221,3753,0,0,0,0,0,1107,4,255,299,0,0,76,204,21,0,0,0,0,0
84,1,486,1365805,586.938117748174,486,116948,463117,990611,1966,410737,1773,65258,108381,0,0,84741,52221,3753,0,0,0,0,0,1107,4,255,299,0,0,76,204,21,0,0,0,0,0
85,-1,471,1339835,575.777825526429,471,115970,452182,254782,1894,407823,1234,59058,99850,0,0,84272,50708,4019,0,0,0,0,0,1076,4,231,266,0,0,84,212,21,0,0,0,0,0
85,1,471,1339835,575.777825526429,471,115970,452182,961746,1894,407823,1234,59058,99850,0,0,84272,50708,4019,0,0,0,0,0,1076,4,231,266,0,0,84,212,21,0,0,0,0,0
86,-1,446,1319422.5,567.005801461109,446,114846,436272,243217,1873,395988,2616,54622,96057,0,0,78793,47159,4254,0,0,0,0,0,1068,7,199,284,0,0,82,209,24,0,0,0,0,0
86,1,446,1319422.5,567.005801461109,446,114846,436272,922706,1873,395988,2616,54622,96057,0,0,78793,47159,4254,0,0,0,0,0,1068,7,199,284,0,0,82,209,24,0,0,0,0,0
87,-1,432,1324617.5,569.238289643318,432,113550,427946,224678,1802,384141,180,51865,88392,0,0,78135,46853,3058,0,0,0,0,0,1070,1,179,261,0,0,74,205,12,0,0,0,0,0
87,1,432,1324617.5,569.238289643318,432,113550,427946,877302,1802,384141,180,51865,88392,0,0,78135,46853,3058,0,0,0,0,0,1070,1,179,261,0,0,74,205,12,0,0,0,0,0
88,-1,426,1309250,562.63429308122,426,112494,422923,215647,1729,390854,171,49570,86526,0,0,67715,40450,3284,0,0,0,0,0,1053,1,166,250,0,0,73,169,17,0,0,0,0,0
88,1,426,1309250,562.63429308122,426,112494,422923,854217,1729,390854,171,49570,86526,0,0,67715,40450,3284,0,0,0,0,0,1053,1,166,250,0,0,73,169,17,0,0,0,0,0
89,-1,434,1318002.5,566.395573700043,434,111673,427681,207991,1700,385159,134,47565,88831,0,0,69932,41297,2754,0,0,0,0,0,994,1,151,281,0,0,72,186,15,0,0,0,0,0
89,1,434,1318002.5,566.395573700043,434,111673,427681,843663,1700,385159,134,47565,88831,0,0,69932,41297,2754,0,0,0,0,0,994,1,151,281,0,0,72,186,15,0,0,0,0,0
90,-1,425,1276935,548.747314138376,425,110669,417963,196923,1665,387015,158,44605,81317,0,0,59792,39253,2746,0,0,0,0,0,1027,2,155,242,0,0,50,176,13,0,0,0,0,0
90,1,425,1276935,548.747314138376,425,110669,417963,811809,1665,387015,158,44605,81317,0,0,59792,39253,2746,0,0,0,0,0,1027,2,155,242,0,0,50,176,13,0,0,0,0,0
91,-1,427,1272162.5,546.696390201977,427,109274,417471,198798,1629,389549,69,41920,79500,0,0,63420,39131,2680,0,0,0,0,0,1010,0,154,224,0,0,56,174,11,0,0,0,0,0
91,1,427,1272162.5,546.696390201977,427,109274,417471,815067,1629,389549,69,41920,79500,0,0,63420,39131,2680,0,0,0,0,0,1010,0,154,224,0,0,56,174,11,0,0,0,0,0
92,-1,440,1247630,536.153846153846,440,108428,422879,189348,1554,387915,91,42466,87377,0,0,57071,35331,1976,0,0,0,0,0,955,2,144,240,0,0,45,159,9,0,0,0,0,0
92,1,440,1247630,536.153846153846,440,108428,422879,801575,1554,387915,91,42466,87377,0,0,57071,35331,1976,0,0,0,0,0,955,2,144,240,0,0,45,159,9,0,0,0,0,0
93,-1,435,1213420,521.45251396648,435,107374,430317,221793,1741,410198,133,45005,85107,0,0,64148,45583,1936,0,0,0,0,0,1076,1,165,228,0,0,54,209,8,0,0,0,0,0
93,1,435,1213420,521.45251396648,435,107374,430317,873903,1741,410198,133,45005,85107,0,0,64148,45583,1936,0,0,0,0,0,1076,1,165,228,0,0,54,209,8,0,0,0,0,0
94,-1,414,1167272.5,501.621186076493,414,106145,398642,198315,1618,388420,83,38689,80284,0,0,52956,33963,2562,0,0,0,0,0,1042,1,141,226,0,0,46,152,10,0,0,0,0,0
94,1,414,1167272.5,501.621186076493,414,106145,398642,795272,1618,388420,83,38689,80284,0,0,52956,33963,2562,0,0,0,0,0,1042,1,141,226,0,0,46,152,10,0,0,0,0,0
95,-1,385,1164295,500.341641598625,385,105089,381554,174639,1513,362797,150,34748,71029,0,0,52231,33363,1875,0,0,0,0,0,986,1,114,208,0,0,42,152,10,0,0,0,0,0
95,1,385,1164295,500.341641598625,385,105089,381554,730832,1513,362797,150,34748,71029,0,0,52231,33363,1875,0,0,0,0,0,986,1,114,208,0,0,42,152,10,0,0,0,0,0
96,-1,392,1169970,502.780403953588,392,103902,384881,174043,1513,369985,56,33412,73672,0,0,47234,32959,1606,0,0,0,0,0,996,0,108,196,0,0,43,164,6,0,0,0,0,0
96,1,392,1169970,502.780403953588,392,103902,384881,732967,1513,369985,56,33412,73672,0,0,47234,32959,1606,0,0,0,0,0,996,0,108,196,0,0,43,164,6,0,0,0,0,0
97,-1,389,1153197.5,495.572625698324,389,102581,381408,167655,1435,362708,63,33623,69578,0,0,48870,32392,1829,0,0,0,0,0,939,0,114,197,0,0,34,143,8,0,0,0,0,0
97,1,389,1153197.5,495.572625698324,389,102581,381408,716718,1435,362708,63,33623,69578,0,0,48870,32392,1829,0,0,0,0,0,939,0,114,197,0,0,34,143,8,0,0,0,0,0
98,-1,377,1128602.5,485.003223033949,377,101201,371894,158298,1398,354582,61,31905,68239,0,0,43330,30743,1332,0,0,0,0,0,943,0,93,179,0,0,35,141,7,0,0,0,0,0
98,1,377,1128602.5,485.003223033949,377,101201,371894,688490,1398,354582,61,31905,68239,0,0,43330,30743,1332,0,0,0,0,0,943,0,93,179,0,0,35,141,7,0,0,0,0,0
99,-1,381,1122065,482.193811774817,381,99850,374241,154656,1302,351831,53,30406,65631,0,0,47322,32750,904,0,0,0,0,0,860,0,84,170,0,0,33,153,2,0,0,0,0,0
99,1,381,1122065,482.193811774817,381,99850,374241,683553,1302,351831,53,30406,65631,0,0,47322,32750,904,0,0,0,0,0,860,0,84,170,0,0,33,153,2,0,0,0,0,0
100,-1,380,1081097.5,464.588525999141,380,98299,367877,170522,1380,368236,59,28715,66994,0,0,38137,34795,1463,0,0,0,0,0,964,0,69,168,0,0,22,152,5,0,0,0,0,0
100,1,380,1081097.5,464.588525999141,380,98299,367877,708921,1380,368236,59,28715,66994,0,0,38137,34795,1463,0,0,0,0,0,964,0,69,168,0,0,22,152,5,0,0,0,0,0
101,-1,343,886627.5,381.017404383326,343,96950,336318,220446,1609,357124,229,36104,68085,0,0,42409,51738,1075,0,0,0,0,0,1074,1,105,179,0,0,21,223,6,0,0,0,0,0
101,1,343,886627.5,381.017404383326,343,96950,336318,777210,1609,357124,229,36104,68085,0,0,42409,51738,1075,0,0,0,0,0,1074,1,105,179,0,0,21,223,6,0,0,0,0,0
102,-1,310,781297.5,335.753115599484,310,96200,302881,231577,1638,343087,411,38983,62973,0,0,34525,53009,1470,0,0,0,0,0,1094,4,86,188,0,0,25,231,10,0,0,0,0,0
102,1,310,781297.5,335.753115599484,310,96200,302881,766035,1638,343087,411,38983,62973,0,0,34525,53009,1470,0,0,0,0,0,1094,4,86,188,0,0,25,231,10,0,0,0,0,0
103,-1,309,734717.5,315.735926085088,309,95592,292788,256097,1734,340951,61,47855,65317,0,0,35877,58263,561,0,0,0,0,0,1154,0,119,209,0,0,19,231,2,0,0,0,0,0
103,1,309,734717.5,315.735926085088,309,95592,292788,804982,1734,340951,61,47855,65317,0,0,35877,58263,561,0,0,0,0,0,1154,0,119,209,0,0,19,231,2,0,0,0,0,0
104,-1,296,713427.5,306.586807047701,296,94969,282538,249669,1690,335196,142,46415,59281,0,0,34516,55968,689,0,0,0,0,0,1163,1,105,180,0,0,22,216,3,0,0,0,0,0
104,1,296,713427.5,306.586807047701,296,94969,282538,781876,1690,335196,142,46415,59281,0,0,34516,55968,689,0,0,0,0,0,1163,1,105,180,0,0,22,216,3,0,0,0,0,0
105,-1,291,696645,299.374731413838,291,94382,276757,260838,1729,334185,218,48771,51909,0,0,35873,66044,595,0,0,0,0,0,1126,1,128,182,0,0,27,264,1,0,0,0,0,0
105,1,291,696645,299.374731413838,291,94382,276757,798433,1729,334185,218,48771,51909,0,0,35873,66044,595,0,0,0,0,0,1126,1,128,182,0,0,27,264,1,0,0,0,0,0
106,-1,287,689997.5,296.518048990116,287,93788,273650,252781,1669,329744,63,51008,51610,0,0,31122,61732,1152,0,0,0,0,0,1103,0,137,164,0,0,27,231,7,0,0,0,0,0
106,1,287,689997.5,296.518048990116,287,93788,273650,779212,1669,329744,63,51008,51610,0,0,31122,61732,1152,0,0,0,0,0,1103,0,137,164,0,0,27,231,7,0,0,0,0,0
107,-1,268,692110,297.425870219166,268,93208,265813,249179,1649,317399,64,52367,46453,0,0,31103,67333,273,0,0,0,0,0,1037,0,144,178,0,0,20,270,0,0,0,0,0,0
107,1,268,692110,297.425870219166,268,93208,265813,764171,1649,317399,64,52367,46453,0,0,31103,67333,273,0,0,0,0,0,1037,0,144,178,0,0,20,270,0,0,0,0,0,0
108,-1,254,696322.5,299.236140954018,254,92523,255134,238214,1554,325291,231,48418,42142,0,0,25822,50832,612,0,0,0,0,0,1044,2,138,152,0,0,15,201,2,0,0,0,0,0
108,1,254,696322.5,299.236140954018,254,92523,255134,731562,1554,325291,231,48418,42142,0,0,25822,50832,612,0,0,0,0,0,1044,2,138,152,0,0,15,201,2,0,0,0,0,0
109,-1,256,704437.5,302.723463687151,256,91894,256935,235586,1499,320189,75,51779,34994,0,0,25760,59219,505,0,0,0,0,0,987,1,144,115,0,0,17,232,3,0,0,0,0,0
109,1,256,704437.5,302.723463687151,256,91894,256935,728107,1499,320189,75,51779,34994,0,0,25760,59219,505,0,0,0,0,0,987,1,144,115,0,0,17,232,3,0,0,0,0,0
110,-1,244,710752.5,305.437258272454,244,91306,242393,210271,1392,300585,61,47936,33044,0,0,21610,48888,540,0,0,0,0,0,928,0,143,102,0,0,5,212,2,0,0,0,0,0
110,1,244,710752.5,305.437258272454,244,91306,242393,662935,1392,300585,61,47936,33044,0,0,21610,48888,540,0,0,0,0,0,928,0,143,102,0,0,5,212,2,0,0,0,0,0
111,-1,230,723522.5,310.925010743446,230,89899,215733,161671,1086,258305,52,39688,28488,0,0,21191,29357,323,0,0,0,0,0,757,0,111,89,0,0,11,117,1,0,0,0,0,0
111,1,230,723522.5,310.925010743446,230,89899,215733,539075,1086,258305,52,39688,28488,0,0,21191,29357,323,0,0,0,0,0,757,0,111,89,0,0,11,117,1,0,0,0,0,0
112,-1,241,759260,326.282767511818,241,89616,225713,156350,1085,259373,52,41333,30896,0,0,19331,30283,795,0,0,0,0,0,777,0,104,62,0,0,8,132,2,0,0,0,0,0
112,1,241,759260,326.282767511818,241,89616,225713,538413,1085,259373,52,41333,30896,0,0,19331,30283,795,0,0,0,0,0,777,0,104,62,0,0,8,132,2,0,0,0,0,0
113,-1,235,730582.5,313.958960034379,235,88955,217313,160316,1084,264803,127,42275,20303,0,0,21458,28284,379,0,0,0,0,0,797,1,106,64,0,0,5,109,2,0,0,0,0,0
113,1,235,730582.5,313.958960034379,235,88955,217313,537945,1084,264803,127,42275,20303,0,0,21458,28284,379,0,0,0,0,0,797,1,106,64,0,0,5,109,2,0,0,0,0,0
114,-1,229,727480,312.625698324022,229,88552,215039,170548,1139,269592,48,42930,20637,0,0,20640,31463,277,0,0,0,0,0,800,0,119,70,0,0,11,139,0,0,0,0,0,0
114,1,229,727480,312.625698324022,229,88552,215039,556135,1139,269592,48,42930,20637,0,0,20640,31463,277,0,0,0,0,0,800,0,119,70,0,0,11,139,0,0,0,0,0,0
115,-1,224,715660,307.54619681994,224,88162,210861,158884,1109,263335,51,39529,15293,0,0,20656,30691,190,0,0,0,0,0,797,0,100,71,0,0,8,132,1,0,0,0,0,0
115,1,224,715660,307.54619681994,224,88162,210861,528629,1109,263335,51,39529,15293,0,0,20656,30691,190,0,0,0,0,0,797,0,100,71,0,0,8,132,1,0,0,0,0,0
116,-1,229,713227.5,306.50085947572,229,87775,211518,164306,1104,268840,46,40862,13677,0,0,20415,31815,169,0,0,0,0,0,788,0,115,59,0,0,10,131,1,0,0,0,0,0
116,1,229,713227.5,306.50085947572,229,87775,211518,540130,1104,268840,46,40862,13677,0,0,20415,31815,169,0,0,0,0,0,788,0,115,59,0,0,10,131,1,0,0,0,0,0
117,-1,236,688960,296.072195960464,236,86443,234087,189952,1356,293088,66,47353,12169,0,0,22713,48403,247,0,0,0,0,0,926,1,156,55,0,0,10,206,2,0,0,0,0,0
117,1,236,688960,296.072195960464,236,86443,234087,613991,1356,293088,66,47353,12169,0,0,22713,48403,247,0,0,0,0,0,926,1,156,55,0,0,10,206,2,0,0,0,0,0
118,-1,243,654602.5,281.307477438762,243,86095,240245,216377,1534,309247,45,55106,10696,0,0,19129,62247,152,0,0,0,0,0,1020,0,208,44,0,0,8,253,1,0,0,0,0,0
118,1,243,654602.5,281.307477438762,243,86095,240245,672999,1534,309247,45,55106,10696,0,0,19129,62247,152,0,0,0,0,0,1020,0,208,44,0,0,8,253,1,0,0,0,0,0
119,-1,239,647662.5,278.325096691018,239,85850,237046,209767,1502,309587,264,50301,9118,0,0,20023,57439,81,0,0,0,0,0,1024,2,175,43,0,0,4,254,0,0,0,0,0,0
119,1,239,647662.5,278.325096691018,239,85850,237046,656580,1502,309587,264,50301,9118,0,0,20023,57439,81,0,0,0,0,0,1024,2,175,43,0,0,4,254,0,0,0,0,0,0
120,-1,223,638040,274.189944134078,223,85626,218488,196044,1393,287872,42,50896,7916,0,0,16090,51643,73,0,0,0,0,0,925,0,206,32,0,0,2,228,0,0,0,0,0,0
120,1,223,638040,274.189944134078,223,85626,218488,610576,1393,287872,42,50896,7916,0,0,16090,51643,73,0,0,0,0,0,925,0,206,32,0,0,2,228,0,0,0,0,0,0
121,-1,237,898130,385.960464116889,237,85436,233260,89177,829,249920,171,32900,4901,0,0,15116,19350,79,0,0,0,0,0,594,1,124,19,0,0,6,84,1,0,0,0,0,0
121,1,237,898130,385.960464116889,237,85436,233260,411614,829,249920,171,32900,4901,0,0,15116,19350,79,0,0,0,0,0,594,1,124,19,0,0,6,84,1,0,0,0,0,0
122,-1,248,996007.5,428.022131499785,248,85191,244651,84861,837,258578,39,31413,4975,0,0,12010,21944,553,0,0,0,0,0,590,0,121,20,0,0,7,97,2,0,0,0,0,0
122,1,248,996007.5,428.022131499785,248,85191,244651,414373,837,258578,39,31413,4975,0,0,12010,21944,553,0,0,0,0,0,590,0,121,20,0,0,7,97,2,0,0,0,0,0
123,-1,262,962405,413.581865062312,262,84648,259939,99064,935,278828,43,34461,5108,0,0,14499,26012,52,0,0,0,0,0,661,0,122,23,0,0,6,123,0,0,0,0,0,0
123,1,262,962405,413.581865062312,262,84648,259939,458067,935,278828,43,34461,5108,0,0,14499,26012,52,0,0,0,0,0,661,0,122,23,0,0,6,123,0,0,0,0,0,0
124,-1,274,888785,381.944563816072,274,83971,263015,112047,1008,290910,42,36123,5337,0,0,13706,28889,55,0,0,0,0,0,727,0,124,20,0,0,2,135,0,0,0,0,0,0
124,1,274,888785,381.944563816072,274,83971,263015,487109,1008,290910,42,36123,5337,0,0,13706,28889,55,0,0,0,0,0,727,0,124,20,0,0,2,135,0,0,0,0,0,0
125,-1,260,824967.5,354.519767941556,260,83417,245030,110486,1038,274256,44,36128,4277,0,0,12765,27749,297,0,0,0,0,0,763,0,127,16,0,0,4,127,1,0,0,0,0,0
125,1,260,824967.5,354.519767941556,260,83417,245030,466002,1038,274256,44,36128,4277,0,0,12765,27749,297,0,0,0,0,0,763,0,127,16,0,0,4,127,1,0,0,0,0,0
126,-1,269,796945,342.477438762355,269,82806,265342,144561,1239,307273,145,40727,4712,0,0,12162,44585,299,0,0,0,0,0,869,1,138,17,0,0,5,208,1,0,0,0,0,0
126,1,269,796945,342.477438762355,269,82806,265342,554464,1239,307273,145,40727,4712,0,0,12162,44585,299,0,0,0,0,0,869,1,138,17,0,0,5,208,1,0,0,0,0,0
127,-1,255,765827.5,329.105070906747,255,82216,253980,140715,1238,289971,54,42896,4100,0,0,12280,44809,585,0,0,0,0,0,864,0,153,10,0,0,6,202,3,0,0,0,0,0
127,1,255,765827.5,329.105070906747,255,82216,253980,535410,1238,289971,54,42896,4100,0,0,12280,44809,585,0,0,0,0,0,864,0,153,10,0,0,6,202,3,0,0,0,0,0
128,-1,256,745945,320.560807907177,256,81609,251892,138469,1237,292654,48,41872,3537,0,0,10141,42075,34,0,0,0,0,0,890,0,147,12,0,0,2,186,0,0,0,0,0,0
128,1,256,745945,320.560807907177,256,81609,251892,528830,1237,292654,48,41872,3537,0,0,10141,42075,34,0,0,0,0,0,890,0,147,12,0,0,2,186,0,0,0,0,0,0
129,-1,246,714615,307.097120756339,246,80743,241760,136301,1204,282184,171,39281,3567,0,0,10514,42308,36,0,0,0,0,0,847,1,142,14,0,0,4,196,0,0,0,0,0,0
129,1,246,714615,307.097120756339,246,80743,241760,514362,1204,282184,171,39281,3567,0,0,10514,42308,36,0,0,0,0,0,847,1,142,14,0,0,4,196,0,0,0,0,0,0
130,-1,245,691700,297.249677696605,245,79663,237085,139251,1192,279963,124,42338,2532,0,0,8727,42621,31,0,0,0,0,0,816,1,166,7,0,0,3,199,0,0,0,0,0,0
130,1,245,691700,297.249677696605,245,79663,237085,515587,1192,279963,124,42338,2532,0,0,8727,42621,31,0,0,0,0,0,816,1,166,7,0,0,3,199,0,0,0,0,0,0
131,-1,228,661527.5,284.283412118608,228,78443,224535,131008,1134,261971,260,42203,2640,0,0,9538,38899,32,0,0,0,0,0,785,2,164,9,0,0,1,173,0,0,0,0,0,0
131,1,228,661527.5,284.283412118608,228,78443,224535,486551,1134,261971,260,42203,2640,0,0,9538,38899,32,0,0,0,0,0,785,2,164,9,0,0,1,173,0,0,0,0,0,0
132,-1,210,630627.5,271.004512247529,210,76985,211335,136677,1087,256343,49,39017,2301,0,0,8607,41663,32,0,0,0,0,0,761,0,143,5,0,0,4,174,0,0,0,0,0,0
132,1,210,630627.5,271.004512247529,210,76985,211335,484689,1087,256343,49,39017,2301,0,0,8607,41663,32,0,0,0,0,0,761,0,143,5,0,0,4,174,0,0,0,0,0,0
133,-1,197,599877.5,257.790073055436,197,75311,200840,131468,1036,240589,79,38514,2886,0,0,7714,42495,31,0,0,0,0,0,713,1,131,12,0,0,5,174,0,0,0,0,0,0
133,1,197,599877.5,257.790073055436,197,75311,200840,463776,1036,240589,79,38514,2886,0,0,7714,42495,31,0,0,0,0,0,713,1,131,12,0,0,5,174,0,0,0,0,0,0
134,-1,189,572155,245.876665234207,189,73672,192305,136326,1044,238386,48,38006,2408,0,0,7285,42468,30,0,0,0,0,0,714,0,142,10,0,0,3,175,0,0,0,0,0,0
134,1,189,572155,245.876665234207,189,73672,192305,464957,1044,238386,48,38006,2408,0,0,7285,42468,30,0,0,0,0,0,714,0,142,10,0,0,3,175,0,0,0,0,0,0
135,-1,186,539217.5,231.722174473571,186,71877,184975,137410,1029,225425,46,41403,2700,0,0,6721,46061,29,0,0,0,0,0,669,0,155,8,0,0,1,196,0,0,0,0,0,0
135,1,186,539217.5,231.722174473571,186,71877,184975,459795,1029,225425,46,41403,2700,0,0,6721,46061,29,0,0,0,0,0,669,0,155,8,0,0,1,196,0,0,0,0,0,0
136,-1,181,508542.5,218.539965620971,181,70119,176902,129565,1007,218072,46,40155,2167,0,0,5958,40039,30,0,0,0,0,0,676,0,150,8,0,0,2,171,0,0,0,0,0,0
136,1,181,508542.5,218.539965620971,181,70119,176902,436032,1007,218072,46,40155,2167,0,0,5958,40039,30,0,0,0,0,0,676,0,150,8,0,0,2,171,0,0,0,0,0,0
137,-1,184,483442.5,207.753545337344,184,68433,182834,161451,1059,235367,48,43407,2090,0,0,6994,56102,277,0,0,0,0,0,671,0,147,8,0,0,5,226,2,0,0,0,0,0
137,1,184,483442.5,207.753545337344,184,68433,182834,505736,1059,235367,48,43407,2090,0,0,6994,56102,277,0,0,0,0,0,671,0,147,8,0,0,5,226,2,0,0,0,0,0
138,-1,171,448097.5,192.564460678986,171,66866,170089,155340,1071,220251,50,42226,2465,0,0,4822,55587,28,0,0,0,0,0,681,0,146,15,0,0,3,226,0,0,0,0,0,0
138,1,171,448097.5,192.564460678986,171,66866,170089,480769,1071,220251,50,42226,2465,0,0,4822,55587,28,0,0,0,0,0,681,0,146,15,0,0,3,226,0,0,0,0,0,0
139,-1,156,431472.5,185.420068758058,156,65310,159073,145577,1035,198912,321,44593,1426,0,0,4751,54619,28,0,0,0,0,0,614,2,173,6,0,0,3,237,0,0,0,0,0,0
139,1,156,431472.5,185.420068758058,156,65310,159073,450227,1035,198912,321,44593,1426,0,0,4751,54619,28,0,0,0,0,0,614,2,173,6,0,0,3,237,0,0,0,0,0,0
