<?xml version="1.0" encoding="UTF-8"?>
<metadata>
  <idinfo>
    <citation>
      <citeinfo>
        <origin>U.S. Geological Survey Department of the Interior</origin>
        <pubdate>199808</pubdate>
        <title>Isle Royale National Park Vegetation Inventory Project - Field Plot Points</title>
        <geoform>Database</geoform>
        <serinfo>
          <sername>NPS Vegetation Inventory Program</sername>
          <issue>Isle Royale National Park</issue>
        </serinfo>
        <pubinfo>
          <pubplace>Fort Collins, Colorado</pubplace>
          <publish>National Park Service, Inventory and Monitoring Division</publish>
        </pubinfo>
        <othercit>Created in part by Environmental Systems Research Institute, Inc. Redlands, CA under contract from USGS/BRD/CBI.</othercit>
        <onlink>http://science.nature.nps.gov/im/inventory/veg/products.cfm</onlink>
        <onlink>http://dx.doi.org/10.5066/F7TD9V8J</onlink>
      </citeinfo>
    </citation>
    <descript>
      <abstract>Vegetation field plots at Isle Royale National Park were visited, described, and documented in a digital database.  The database consists of 2 parts - (1) Physical Descriptive Data and (2) Species Listings.</abstract>
      <purpose>The vegetation plots were used to describe the vegetation in and around Wind Cave National Park and to assist in developing a final mapping classification system.
Provide National Parks with the necessary tools to effectively manage their natural resources.  Plot data are collected and analyzed to develop a classification (using the Standardized National Vegetation Classification System) and description of vegetation types in preparation for photointerpretation and mapping of the Park's vegetation types.</purpose>
      <supplinf>Isle Royale National Park was authorized on March 3, 1931; it was formally established in 1940, and officially dedicated in 1946.  Most of the park's land area (98%) was designated as a Wilderness area in October 1976, and later additions increased the total Wilderness to 99% of the park. The park was designated an International
Biosphere Reserve in 1980.</supplinf>
    </descript>
    <timeperd>
      <timeinfo>
        <rngdates>
          <begdate>199706</begdate>
          <enddate>199709</enddate>
        </rngdates>
      </timeinfo>
      <current>Ground Condition and as written in report: Plot sampling was conducted from June 4, 1997 to September 23, 1997.</current>
    </timeperd>
    <status>
      <progress>Complete</progress>
      <update>None Planned</update>
    </status>
    <spdom>
      <descgeog>Isle Royale National Park, Michigan and environs. Isle Royale National Park is an archipelago of islands located in the northwestern region of Lake Superior close to the United States-Canada border. The park is located about 60 miles northwest of Michigan?s Keweenaw Peninsula, about 22 miles east of Grand Portage, Minnesota, and about 35 miles southeast of Thunder Bay, Ontario.</descgeog>
      <bounding>
        <westbc>-89.215952</westbc>
        <eastbc>-88.334334</eastbc>
        <northbc>48.235836</northbc>
        <southbc>47.823991</southbc>
      </bounding>
    </spdom>
    <keywords>
      <theme>
        <themekt>None</themekt>
        <themekey>National Park Service</themekey>
        <themekey>U.S. Geological Service</themekey>
        <themekey>The Nature Conservancy</themekey>
        <themekey>Aerial Information Systems</themekey>
        <themekey>Environmental System Research Institute</themekey>
        <themekey>association</themekey>
        <themekey>vegetation classification</themekey>
        <themekey>sampling plots</themekey>
        <themekey>alliance</themekey>
        <themekey>land cover</themekey>
        <themekey>vegetation</themekey>
        <themekey>community</themekey>
        <themekey>land use</themekey>
        <themekey>vegetation plots</themekey>
      </theme>
      <place>
        <placekt>None</placekt>
        <placekey>Michigan</placekey>
        <placekey>Lake Superior</placekey>
        <placekey>Isle Royale National Park</placekey>
      </place>
    </keywords>
    <taxonomy>
      <keywtax>
        <taxonkt>None</taxonkt>
        <taxonkey>vegetation classification</taxonkey>
        <taxonkey>Standardized National Vegetation Classification System</taxonkey>
        <taxonkey>alliance</taxonkey>
        <taxonkey>community association</taxonkey>
        <taxonkey>plant communities</taxonkey>
      </keywtax>
      <taxonsys>
        <classsys>
          <classcit>
            <citeinfo>
              <origin>United States Department of the Interior, National Biological Survey and National Park Service</origin>
              <pubdate>19941101</pubdate>
              <title>Standardized National Vegetation Classification System</title>
              <edition>Version 1</edition>
              <geoform>Document - Classification System</geoform>
              <serinfo>
                <sername>NBS/NPS Vegetation Mapping Program</sername>
                <issue>Final Draft</issue>
              </serinfo>
              <pubinfo>
                <pubplace>Redlands, California</pubplace>
                <publish>ESRI</publish>
              </pubinfo>
              <othercit>Created under contract to the USGS-BRD-CBI by The Nature Conservancy.</othercit>
            </citeinfo>
          </classcit>
        </classsys>
        <taxonpro>Vegetation associations were identified; no specimens nor vouchers were collected as a part of this process.</taxonpro>
        <taxoncom>Conforms with FGDC standardized vegetation classification system.</taxoncom>
      </taxonsys>
      <taxoncl>
        <taxonrn>Kingdom</taxonrn>
        <taxonrv>Plantae</taxonrv>
        <common>s: Plants</common>
      </taxoncl>
    </taxonomy>
    <accconst>None</accconst>
    <useconst>Those using the spatial database should understand the data and determine for themselves the fitness of the data prior to use. 2) Mention of trade names or commercial products in this metadata report does not constitute endorsement or recommendation for use by the U.S. Department of the Interior, National Park Service.</useconst>
    <ptcontac>
      <cntinfo>
        <cntorgp>
          <cntorg>National Park Service/Inventory and Monitoring Division/Vegetation Inventory Program</cntorg>
          <cntper>Vegetation Inventory Program Manager</cntper>
        </cntorgp>
        <cntaddr>
          <addrtype>mailing and physical address</addrtype>
          <address>NPS Vegetation Inventory Program</address>
          <address>Inventory and Monitoring Division</address>
          <address>1201 Oakridge Drive Ste. 150</address>
          <city>Fort Collins</city>
          <state>Colorado</state>
          <postal>80525</postal>
        </cntaddr>
        <cntvoice>(970) 267-7201</cntvoice>
        <cntemail>irma@nps.gov</cntemail>
      </cntinfo>
    </ptcontac>
    <browse>
      <browsen>http://science.nature.nps.gov/im/inventory/veg/products.cfm</browsen>
      <browsed>Locations of vegetation plot samples; low resolution for web browsing.</browsed>
      <browset>PDF</browset>
    </browse>
    <crossref>
      <citeinfo>
        <origin>U.S. Geological Survey, Department of the Interior</origin>
        <pubdate>19990909</pubdate>
        <title>Isle Royale National Park, Plot Database</title>
        <geoform>Database</geoform>
        <serinfo>
          <sername>USGS-NPS Vegetation Mapping Program</sername>
          <issue>Isle Royale National Park</issue>
        </serinfo>
        <pubinfo>
          <pubplace>Denver, CO</pubplace>
          <publish>USGS, Biological Resources Division, Center for Biological Informatics</publish>
        </pubinfo>
        <othercit>Created in large part by Environmental Research Institute, Inc. Redlands, CA under contract from USGS/BRD/CBI.</othercit>
        <onlink>http://science.nature.nps.gov/im/inventory/veg/products.cfm</onlink>
      </citeinfo>
    </crossref>
    <crossref>
      <citeinfo>
        <origin>U.S. Geological Survey, Department of the Interior</origin>
        <pubdate>200009</pubdate>
        <title>Isle Royale National Park, Accuracy Assessment</title>
        <geoform>Database</geoform>
        <serinfo>
          <sername>USGS-NPS Vegetation Mapping Program</sername>
          <issue>Isle Royale National Park</issue>
        </serinfo>
        <pubinfo>
          <pubplace>Denver, CO</pubplace>
          <publish>USGS, Biological Resources Division, Center for Biological Informatics</publish>
        </pubinfo>
        <othercit>Created in large part by Environmental Systems Research Institute, Inc., Redlands, CA under contract from USGS/BRD/CBI.</othercit>
        <onlink>http://science.nature.nps.gov/im/inventory/veg/products.cfm</onlink>
      </citeinfo>
    </crossref>
  </idinfo>
  <dataqual>
    <attracc>
      <attraccr>Physical description - Descriptive plot data were collected for 182 sites whose vegetation represents a full spectrum of alliance types present within Isle Royale National Park and its immediate surroundings. Attributes collected for each site include: a unique plot identification code, park name, quad name, UTM coordinates, UTM projection, plot survey date, surveyor's name, length, width, photo type, elevation, slope aspect, topographic position, landform, surface geology, Cowardin System category, hydrology, surface material description, soil texture, soil drainage, leaf phenology, leaf type, and physiognomy. Species - Descriptive plot data were collected for 182 sites whose vegetation represents a full spectrum of alliance types present within Isle Royale National Park. Species - this database, is the second of two databases containing plot field data, delineates species and stratum information.  Individual species described at each of 182 plots is listed, one line per species, with the following information: Plot Identification Code, Numeric Species Code, Species Name, Species Cover Plantcode, and Strata Code, height, cover, and an alpha-numeric strata code.</attraccr>
    </attracc>
    <logic>Physical description - Entries for each of the listed attributes are in the form of consistent groupings of either textual or numerical descriptors. Species - Entries for each of the listed attributes are in the form of consistent groupings of either textual or numerical descriptors, as defined above under "Attribute Accuracy Report".</logic>
    <complete>Physical description - Descriptive entries for each of the 182 plots are complete for each of the applicable attributes listed in the database. Species - One species is entered per line, by plot code, with multiple species listed for each plot, one per row.  Plot codes and species names are complete for each row, but some species codes, cover and strata information is missing (because it was not present on the original field forms).</complete>
    <posacc>
      <horizpa>
        <horizpar>X,Y UTM coordinates representing each of the 71 plots were collected via GPS under selective availability with post processing for differential correction. The differentially correted GPS coordinates have accuracies in the X and Y direction of +/- 2 to 5 meters.</horizpar>
      </horizpa>
      <vertacc>
        <vertaccr>Elevations for plots were obtained from the USGS 24,000 quad maps for Isle Royale, and are estimated to be +/- 15 m.</vertaccr>
      </vertacc>
    </posacc>
    <lineage>
      <method>
        <methtype>Field</methtype>
        <methodid>
          <methkt>None</methkt>
          <methkey>releve</methkey>
          <methkey>plot</methkey>
          <methkey>sampling</methkey>
        </methodid>
        <methdesc>Field sampling using releve plots</methdesc>
      </method>
      <srcinfo>
        <srccite>
          <citeinfo>
            <origin>National Biological Survey (Now USGS/Biological Resources Division)</origin>
            <origin>and National Park Service</origin>
            <pubdate>199411</pubdate>
            <title>Standardized National Vegetation Classification System; protocol document for the USGS-NPS Vegetation mapping Program</title>
            <edition>Final Draft</edition>
            <geoform>protocol document</geoform>
            <serinfo>
              <sername>USGS-NPS Vegetation Mapping Program</sername>
              <issue>Protocol documents</issue>
            </serinfo>
            <pubinfo>
              <pubplace>Denver, CO</pubplace>
              <publish>USGS/BRD, Center for Biological Informatics</publish>
            </pubinfo>
            <othercit>Report prepared under contract by The Nature Conservancy, 1815 N. Lynn Street, Arlington, Virginia  22209 and Environmental Systems Research Institute, 380 New York Street, Redlands, California  92373</othercit>
            <onlink>http://www.fgdc.gov/standards/projects/FGDC-standards-projects/vegetation/NVCS_V2_FINAL_2008-02.pdf</onlink>
          </citeinfo>
        </srccite>
        <typesrc>Online</typesrc>
        <srctime>
          <timeinfo>
            <rngdates>
              <begdate>199411</begdate>
              <enddate>2010</enddate>
            </rngdates>
          </timeinfo>
          <srccurr>Publication Date and indefinitely</srccurr>
        </srctime>
        <srccitea>SNVCS protocol document</srccitea>
        <srccontr>This document describes and defines the vegetation classification system which is to be used for describing and mapping the vegetation at Isle Royale National Park</srccontr>
      </srcinfo>
      <srcinfo>
        <srccite>
          <citeinfo>
            <origin>USGSBRD, Center for Biological Informatics</origin>
            <pubdate>20000909</pubdate>
            <title>Classification of the Vegetation of Isle Royale National Park</title>
            <geoform>isro classification document</geoform>
            <serinfo>
              <sername>USGS-NPS Vegetation Mapping Program</sername>
              <issue>Isle Royale National Park</issue>
            </serinfo>
            <pubinfo>
              <pubplace>Denver, CO</pubplace>
              <publish>USGS/BRD, Center for Biological Informatics</publish>
            </pubinfo>
            <othercit>This report was generated by The Nature Conservancy under contract to the USGS/BRD, Center for Biological Informatics</othercit>
            <onlink>http://science.nature.nps.gov/im/inventory/veg/products.cfm</onlink>
          </citeinfo>
        </srccite>
        <typesrc>Online</typesrc>
        <srctime>
          <timeinfo>
            <rngdates>
              <begdate>199706</begdate>
              <enddate>199709</enddate>
            </rngdates>
          </timeinfo>
          <srccurr>Ground Condition, summer 1997</srccurr>
        </srctime>
        <srccitea>isro sample and classification</srccitea>
        <srccontr>Report summarizing plot data collection effort</srccontr>
      </srcinfo>
      <srcinfo>
        <srccite>
          <citeinfo>
            <origin>United States Dept. of the Interior, National Biological Survey (now USGS Biological Resources Division) and the National Park Service</origin>
            <pubdate>199412</pubdate>
            <title>Field Methods for Vegetation Mapping</title>
            <geoform>report</geoform>
            <pubinfo>
              <pubplace>Denver, CO</pubplace>
              <publish>USGS/Biological Resources Division, Center for Biological Informatics</publish>
            </pubinfo>
            <othercit>This report was generated by The Nature Conservancy under contract to the USGS/BRD, CBI</othercit>
            <onlink>http://science.nature.nps.gov/im/inventory/veg/guidance.cfm</onlink>
          </citeinfo>
        </srccite>
        <typesrc>Online</typesrc>
        <srctime>
          <timeinfo>
            <rngdates>
              <begdate>199412</begdate>
              <enddate>2010</enddate>
            </rngdates>
          </timeinfo>
          <srccurr>Publication Date and indefinitely</srccurr>
        </srctime>
        <srccitea>field methods protocol document</srccitea>
        <srccontr>This document defines the methods and protocols for field data collection to be used as part of the USGS-NPS Vegetation Mapping Program</srccontr>
      </srcinfo>
      <procstep>
        <procdesc>The following describes the tasks performed by The Nature Conservancy to produce descriptive data for 182 vegetation sampling plots in two separate database files.  The second of the three contains listings of individual species found in each plot, along with height and cover estimates, and strata delineations.  The SPECIES LISTING database contains line entries for each species including the Plot Code, Numeric species code, full scientific species name, cover estimate, a unique alphnumeric species identifier (plant code), listings of individual strata found in each plot, along with cover estimates and height (strata) delineations. The STRATA LISTING database contains line entries for each strata including the Plot Code, full species name, height, cover, and Strata delineation.   Plot sites were selected subjectively because of the heterogeneity of the vegetation and the small number of samples per type.  Since aerial photos were not available at the time of plot selection, visual reconnaissance was conducted at  the summit of the bluff to examine vegetation patterns for the purpose of plot placement.  Plot data were manually recorded on field forms on-site, and subsequently keyed into the database files described herein.  Information in the plot database was then used to develop the classification system and plant identification keys contained in the ISLE ROYALE SAMPLING AND CLASSIFICATION REPORT.</procdesc>
        <srcused>SNVCS protocol document</srcused>
        <srcused>Field Methods for Vegetation Mapping</srcused>
        <procdate>19990909</procdate>
        <srcprod>isro sample and classification</srcprod>
        <srcprod>isro Vegetation Descriptions</srcprod>
        <proccont>
          <cntinfo>
            <cntperp>
              <cntper>Jim Drake</cntper>
              <cntorg>The Association for Biodiversity Information</cntorg>
            </cntperp>
            <cntpos>Vegetation Program Manager</cntpos>
            <cntaddr>
              <addrtype>Physical Address</addrtype>
              <address>1313 5th Street  SE</address>
              <address>Suite 314</address>
              <city>Minneapolis</city>
              <state>MN</state>
              <postal>55414</postal>
              <country>USA</country>
            </cntaddr>
            <cntvoice>(612)331-0729</cntvoice>
            <cntemail>jdrake@tnc.org</cntemail>
          </cntinfo>
        </proccont>
      </procstep>
    </lineage>
    <cloud>0</cloud>
  </dataqual>
  <spdoinfo>
    <direct>vector</direct>
    <ptvctinf>
      <sdtsterm>
        <sdtstype>Entity point</sdtstype>
        <ptvctcnt>187</ptvctcnt>
      </sdtsterm>
    </ptvctinf>
  </spdoinfo>
  <spref>
    <horizsys>
      <planar>
        <gridsys>
          <gridsysn>Universal Transverse Mercator</gridsysn>
          <utm>
            <utmzone>16</utmzone>
            <transmer>
              <sfctrmer>0.999600</sfctrmer>
              <longcm>-87.000000</longcm>
              <latprjo>0.000000</latprjo>
              <feast>500000.000000</feast>
              <fnorth>0.000000</fnorth>
            </transmer>
          </utm>
        </gridsys>
        <planci>
          <plance>Coordinate pair</plance>
          <coordrep>
            <absres>100</absres>
            <ordres>100</ordres>
          </coordrep>
          <plandu>Meters</plandu>
        </planci>
      </planar>
      <geodetic>
        <horizdn>North American Datum of 1983</horizdn>
        <ellips>Geodedic Reference System 80</ellips>
        <semiaxis>6378137.000000</semiaxis>
        <denflat>298.257222</denflat>
      </geodetic>
    </horizsys>
  </spref>
  <eainfo>
    <detailed>
      <enttyp>
        <enttypl>isroplot</enttypl>
        <enttypd>Shapefile attribute table</enttypd>
        <enttypds>USGS</enttypds>
      </enttyp>
      <attr>
        <attrlabl>FID</attrlabl>
        <attrdef>Internal feature number.</attrdef>
        <attrdefs>ESRI</attrdefs>
        <attrdomv>
          <udom>Sequential unique whole numbers that are automatically generated.</udom>
        </attrdomv>
      </attr>
      <attr>
        <attrlabl>Shape</attrlabl>
        <attrdef>Feature geometry.</attrdef>
        <attrdefs>ESRI.</attrdefs>
        <attrdomv>
          <udom>Coordinates defining the features.</udom>
        </attrdomv>
      </attr>
      <attr>
        <attrlabl>AREA</attrlabl>
        <attrdef>Area of feature in internal units squared.</attrdef>
        <attrdefs>ESRI.</attrdefs>
        <attrdomv>
          <udom>Area is always zero for point coverages. Values are automatically generated.</udom>
        </attrdomv>
      </attr>
      <attr>
        <attrlabl>PERIMETER</attrlabl>
        <attrdef>Perimeter of feature in internal units.</attrdef>
        <attrdefs>ESRI.</attrdefs>
        <attrdomv>
          <udom>Perimeter is always zero for point coverages. Values are automatically generated.</udom>
        </attrdomv>
      </attr>
      <attr>
        <attrlabl>PLOTS_</attrlabl>
        <attrdef>Internal feature number.</attrdef>
        <attrdefs>ESRI.</attrdefs>
        <attrdomv>
          <udom>Sequential unique whole numbers that are automatically generated.</udom>
        </attrdomv>
      </attr>
      <attr>
        <attrlabl>PLOTS_ID</attrlabl>
        <attrdef>User-defined feature number.</attrdef>
        <attrdefs>ESRI.</attrdefs>
        <attrdomv>
          <udom>Sequential unique whole numbers that are automatically generated.</udom>
        </attrdomv>
      </attr>
      <attr>
        <attrlabl>ISRO_PLOT</attrlabl>
        <attrdef>Vegetation plot number</attrdef>
        <attrdefs>USGS</attrdefs>
        <attrdomv>
          <udom>Plot number.</udom>
        </attrdomv>
      </attr>
      <attr>
        <attrlabl>PROV_NAME</attrlabl>
        <attrdef>Provisional Community Name.</attrdef>
        <attrdefs>USGS</attrdefs>
        <attrdomv>
          <udom>Textual Provisional community name.</udom>
        </attrdomv>
      </attr>
      <attr>
        <attrlabl>CLASS_NAME</attrlabl>
        <attrdef>Classified community name (NVCS association)</attrdef>
        <attrdefs>NatureServe</attrdefs>
        <attrdomv>
          <udom>Textual classified community name.</udom>
        </attrdomv>
      </attr>
      <attr>
        <attrlabl>ELCODE</attrlabl>
        <attrdef>Community Element Global code.</attrdef>
        <attrdefs>USGS</attrdefs>
        <attrdomv>
          <udom>Textual and numerical code.</udom>
        </attrdomv>
      </attr>
      <attr>
        <attrlabl>LOC_CODE</attrlabl>
        <attrdef>Name of Park Location.</attrdef>
        <attrdefs>USGS</attrdefs>
        <attrdomv>
          <udom>Park Location Name.</udom>
        </attrdomv>
      </attr>
      <attr>
        <attrlabl>SUBLOCATIO</attrlabl>
        <attrdef>Location in reference to ISRO units.</attrdef>
        <attrdefs>USGS</attrdefs>
        <attrdomv>
          <udom>Project-derived location descriptions providing general location in and around ISRO.</udom>
        </attrdomv>
      </attr>
      <attr>
        <attrlabl>QUAD_NAME</attrlabl>
        <attrdef>USGS 7.5-minute quadrangle (1:24,000-scale) of the field site location.</attrdef>
        <attrdefs>USGS</attrdefs>
        <attrdomv>
          <udom>Quad name.</udom>
        </attrdomv>
      </attr>
      <attr>
        <attrlabl>QUAD_CODE</attrlabl>
        <attrdef>USGS 7.5-minute quadrangle (1:24,000-scale) code.</attrdef>
        <attrdefs>USGS</attrdefs>
        <attrdomv>
          <udom>Numerical Quad code.</udom>
        </attrdomv>
      </attr>
      <attr>
        <attrlabl>GPS_TECH</attrlabl>
        <attrdef>Error Value of the GPS Point</attrdef>
        <attrdefs>USGS</attrdefs>
        <attrdomv>
          <udom>Numerical GPS error value.</udom>
        </attrdomv>
      </attr>
      <attr>
        <attrlabl>X_EASTING</attrlabl>
        <attrdef>Easting coordinate of site location.</attrdef>
        <attrdefs>USGS</attrdefs>
        <attrdomv>
          <udom>Easting coordinate.</udom>
        </attrdomv>
      </attr>
      <attr>
        <attrlabl>Y_NORTHING</attrlabl>
        <attrdef>Northing coordinate of site location.</attrdef>
        <attrdefs>USGS</attrdefs>
        <attrdomv>
          <udom>Northing coordinate.</udom>
        </attrdomv>
      </attr>
      <attr>
        <attrlabl>UTM_ZONE</attrlabl>
        <attrdef>UTM Zone</attrdef>
        <attrdefs>USGS</attrdefs>
        <attrdomv>
          <udom>UTM Zone 16.</udom>
        </attrdomv>
      </attr>
      <attr>
        <attrlabl>DATE</attrlabl>
        <attrdef>Date of Data Collection</attrdef>
        <attrdefs>USGS</attrdefs>
        <attrdomv>
          <udom>Numerical of the date the plot was observed.</udom>
        </attrdomv>
      </attr>
      <attr>
        <attrlabl>SURVEYORS</attrlabl>
        <attrdef>Names of the Surveyors Who Collected the Data</attrdef>
        <attrdefs>USGS</attrdefs>
        <attrdomv>
          <udom>Textual surveyors initials.</udom>
        </attrdomv>
      </attr>
      <attr>
        <attrlabl>X_DIM</attrlabl>
        <attrdef>X Dimension of Field Plot</attrdef>
        <attrdefs>USGS</attrdefs>
        <attrdomv>
          <udom>Numerical of X dimension (whole numbers).</udom>
        </attrdomv>
      </attr>
      <attr>
        <attrlabl>Y_DIM</attrlabl>
        <attrdef>Y Dimension of Field Plot</attrdef>
        <attrdefs>USGS</attrdefs>
        <attrdomv>
          <udom>Numerical of Y dimension (whole numbers).</udom>
        </attrdomv>
      </attr>
      <attr>
        <attrlabl>PLOT_SHAPE</attrlabl>
        <attrdef>Shape of vegetation plots.</attrdef>
        <attrdefs>USGS</attrdefs>
        <attrdomv>
          <udom>Textual plot shape.</udom>
        </attrdomv>
      </attr>
      <attr>
        <attrlabl>REPRESENT</attrlabl>
        <attrdef>Description of How Representative the Point is of the Surrounding Vegetation or Polygon</attrdef>
        <attrdefs>USGS</attrdefs>
        <attrdomv>
          <udom>Textual of representiveness description.</udom>
        </attrdomv>
      </attr>
      <attr>
        <attrlabl>ELEVATION</attrlabl>
        <attrdef>Elevation of the Point as Recorded by the GPS Unit</attrdef>
        <attrdefs>USGS</attrdefs>
        <attrdomv>
          <udom>Numerical code.</udom>
        </attrdomv>
      </attr>
      <attr>
        <attrlabl>SLOPE</attrlabl>
        <attrdef>Degree of Slope in the Plot</attrdef>
        <attrdefs>USGS</attrdefs>
        <attrdomv>
          <udom>Textual of slope in degrees.</udom>
        </attrdomv>
      </attr>
      <attr>
        <attrlabl>ASPECT</attrlabl>
        <attrdef>General Aspect of the Point in Degrees</attrdef>
        <attrdefs>USGS</attrdefs>
        <attrdomv>
          <udom>Textual of aspect type.</udom>
        </attrdomv>
      </attr>
      <attr>
        <attrlabl>TOPO_POS</attrlabl>
        <attrdef>General Position of the Plot on the Landscape</attrdef>
        <attrdefs>USGS</attrdefs>
        <attrdomv>
          <udom>Textual of topology position type description.</udom>
        </attrdomv>
      </attr>
      <attr>
        <attrlabl>LANDFORM</attrlabl>
        <attrdef>General Landform that the Plot Occurs On</attrdef>
        <attrdefs>USGS</attrdefs>
        <attrdomv>
          <udom>Textual of landform description.</udom>
        </attrdomv>
      </attr>
      <attr>
        <attrlabl>GEOLOGY</attrlabl>
        <attrdef>Presence of any Geological Features</attrdef>
        <attrdefs>USGS</attrdefs>
        <attrdomv>
          <udom>Textual description of the geology surface.</udom>
        </attrdomv>
      </attr>
      <attr>
        <attrlabl>COWARDIN</attrlabl>
        <attrdef>General Wetland Description</attrdef>
        <attrdefs>USGS</attrdefs>
        <attrdomv>
          <udom>Textual cowadrin classification description.</udom>
        </attrdomv>
      </attr>
      <attr>
        <attrlabl>HYDRO</attrlabl>
        <attrdef>Comments on the Hydrology of the Soils in the Plot</attrdef>
        <attrdefs>USGS</attrdefs>
        <attrdomv>
          <udom>Textual hydrology type description.</udom>
        </attrdomv>
      </attr>
      <attr>
        <attrlabl>ENVIRO</attrlabl>
        <attrdef>General Environmental Comments about the Point</attrdef>
        <attrdefs>USGS</attrdefs>
        <attrdomv>
          <udom>Textual of environment description.</udom>
        </attrdomv>
      </attr>
      <attr>
        <attrlabl>LANDSCAPE</attrlabl>
        <attrdef>General Landscape Comments about the Plot</attrdef>
        <attrdefs>USGS</attrdefs>
        <attrdomv>
          <udom>Textual of landform description.</udom>
        </attrdomv>
      </attr>
      <attr>
        <attrlabl>SOIL_TAXON</attrlabl>
        <attrdef>Field used for either identifying soils keyed, or to describe if large rocks or outcrops are present on the surface</attrdef>
        <attrdefs>USGS</attrdefs>
        <attrdomv>
          <udom>Textual of soil taxonomy.</udom>
        </attrdomv>
      </attr>
      <attr>
        <attrlabl>SOIL_TEXT</attrlabl>
        <attrdef>Soil Texture in the Plot</attrdef>
        <attrdefs>USGS</attrdefs>
        <attrdomv>
          <udom>Textual of soil texture description.</udom>
        </attrdomv>
      </attr>
      <attr>
        <attrlabl>SOIL_DEPTH</attrlabl>
        <attrdef>Soil Depth in the Plot</attrdef>
        <attrdefs>USGS</attrdefs>
        <attrdomv>
          <udom>Numerical of soil depth.</udom>
        </attrdomv>
      </attr>
      <attr>
        <attrlabl>SOIL_DRAIN</attrlabl>
        <attrdef>Comments on the Soil Drainage within the Plot</attrdef>
        <attrdefs>USGS</attrdefs>
        <attrdomv>
          <udom>Soil drainage description type.</udom>
        </attrdomv>
      </attr>
      <attr>
        <attrlabl>PHENOLOGY</attrlabl>
        <attrdef>Phenology of the Dominant Stratum in the Plot</attrdef>
        <attrdefs>USGS</attrdefs>
        <attrdomv>
          <udom>Textual of leaf phenology type description.</udom>
        </attrdomv>
      </attr>
      <attr>
        <attrlabl>LEAF_TYPE</attrlabl>
        <attrdef>General Leaf Type of the Dominant Stratum</attrdef>
        <attrdefs>USGS</attrdefs>
        <attrdomv>
          <udom>Textual of leaf type description.</udom>
        </attrdomv>
      </attr>
      <attr>
        <attrlabl>PHYSIO</attrlabl>
        <attrdef>Physiognomic Description of the Dominant Stratum</attrdef>
        <attrdefs>USGS</attrdefs>
        <attrdomv>
          <udom>Textual of physiology class type description.</udom>
        </attrdomv>
      </attr>
      <attr>
        <attrlabl>UPDATE</attrlabl>
        <attrdef>Date of any revisions to the record.</attrdef>
        <attrdefs>USGS</attrdefs>
        <attrdomv>
          <udom>Numerical of the date.</udom>
        </attrdomv>
      </attr>
      <attr>
        <attrlabl>USER</attrlabl>
        <attrdef>Names of the User's Who Revised the Data</attrdef>
        <attrdefs>USGS</attrdefs>
        <attrdomv>
          <udom>Textual user's initials.</udom>
        </attrdomv>
      </attr>
      <attr>
        <attrlabl>POLYGONID</attrlabl>
        <attrdef>Unknown field created by originator but not documented</attrdef>
        <attrdefs>USGS</attrdefs>
        <attrdomv>
          <udom>Numerical.</udom>
        </attrdomv>
      </attr>
      <attr>
        <attrlabl>SCALE</attrlabl>
        <attrdef>Unknown field created by originator but not documented.</attrdef>
        <attrdefs>USGS</attrdefs>
        <attrdomv>
          <udom>Numerical.</udom>
        </attrdomv>
      </attr>
      <attr>
        <attrlabl>ANGLE</attrlabl>
        <attrdef>Unknown field created by originator but not documented.</attrdef>
        <attrdefs>USGS</attrdefs>
        <attrdomv>
          <udom>Numerical.</udom>
        </attrdomv>
      </attr>
    </detailed>
    <overview>
      <eaover>Each of 182 vegetation plots has attributes for physical  description, species and strata. Physical description - (Plot  number, plot code, common name, scientific name, state, park  name, quad name, utm zone, map project, gps file, raw utm x, raw  utm y, corrected utm x, corrected utm y, surveyors date, surveyors, length, width, photos, permenant, elevation, slope,  aspect, topographical position, landform, surficial geology, cowardin system type, hydrography, bedrock, large rock, small  rock, sand, litter duff, wood, bare soil, other soil, soil texture, soil drainage, leaf phenology, leaf type, and  physiololgy). Species - (sp_code is a project specific code for each species found, species is the scientific name for that  species, spcover is the species present and the percent cover for each species, plant code is the first two letters of the  genus and first two letters of the species. If the code are not unique a number is added to make the code unique). Strata -  (height and cover are average percent cover of that particular species, 1 = 0-10%, 2 = 10-25%, 3 = 25-60% and 4 = 60-100%, pstrata is the type of vegetation, T1 = emergent, T2 = canopy, T3  = sub-canopy, S1 = tall shrub, S2 = short shrub, H = herbaceous, N = non-vascular, V = vine/liana, and E = epiphyte).</eaover>
      <eadetcit>Field Methods for Vegetation mapping, December 1994.  Prepared for: the United States Department of the Interior, National Biological Survey (now the USGS Biological Resources Division) and the National Park Service.  Prepared by:  The Nature Conservancy, and Environmental Systems Research Institute. http://science.nature.nps.gov/im/inventory/veg/guidance.cfm.</eadetcit>
    </overview>
  </eainfo>
  <distinfo>
    <distrib>
      <cntinfo>
        <cntorgp>
          <cntorg>National Park Service/Inventory and Monitoring Division/Vegetation Inventory Program</cntorg>
          <cntper>Vegetation Inventory Program Manager</cntper>
        </cntorgp>
        <cntaddr>
          <addrtype>mailing and physical address</addrtype>
          <address>NPS Vegetation Inventory Program</address>
          <address>Inventory and Monitoring Division</address>
          <address>1201 Oakridge Drive Ste. 150</address>
          <city>Fort Collins</city>
          <state>Colorado</state>
          <postal>80525</postal>
        </cntaddr>
        <cntvoice>(970) 267-7201</cntvoice>
        <cntemail>irma@nps.gov</cntemail>
      </cntinfo>
    </distrib>
    <resdesc>Downloadable Data</resdesc>
    <distliab>The National Park Service shall not be held liable for improper or incorrect use of the data described and/or contained herein.  These data and related graphics (if available) are not legal documents and are not intended to be used as such.
The information contained in these data is dynamic and may change over time.  The data are not better than the original sources from which they were derived.  It is the responsibility of the data user to use the data appropriately and consistent within the limitations of geospatial data in general and these data in particular.  Any related graphics (if available) are intended to aid the data user in acquiring relevant data; it is not approriate to use the related graphics as data.
The National Park Service gives no warranty, expressed or implied, as to the accuracy, reliability, or completeness of these data.  It is strongly recommended that these data are directly acquired from a National Park Service server and not indirectly through other sources which may have changed the data in some way.  Although these data have been processed successfully on a computer system at the National Park Service, no warranty expressed or implied is made regarding the utility of the data on another system or for general or scientific purposes, nor shall the act of distribution constitute any such warranty. This disclaimer applies both to individual use of the data and aggregate use with other data. It is also strongly recommended that careful attention be paid to the contents of the metadata file associated with these data. Mention of trade names or commercial products in this metadata report does not constitute endorsement or recommendation for use by the U. S. Department of the Interior, National Park Service.</distliab>
    <stdorder>
      <digform>
        <digtinfo>
          <formname>HTML</formname>
        </digtinfo>
        <digtopt>
          <onlinopt>
            <computer>
              <networka>
                <networkr>http://science.nature.nps.gov/im/inventory/veg/products.cfm</networkr>
              </networka>
            </computer>
            <accinstr>Internet Access</accinstr>
          </onlinopt>
        </digtopt>
      </digform>
      <fees>None</fees>
    </stdorder>
  </distinfo>
  <metainfo>
    <metd>20010222</metd>
    <metrd>20100601</metrd>
    <metc>
      <cntinfo>
        <cntorgp>
          <cntorg>National Park Service/Inventory and Monitoring Division/Vegetation Inventory Program</cntorg>
          <cntper>Vegetation Inventory Program Manager</cntper>
        </cntorgp>
        <cntaddr>
          <addrtype>mailing and physical address</addrtype>
          <address>NPS Vegetation Inventory Program</address>
          <address>Inventory and Monitoring Division</address>
          <address>1201 Oakridge Drive Ste. 150</address>
          <city>Fort Collins</city>
          <state>Colorado</state>
          <postal>80525</postal>
        </cntaddr>
        <cntvoice>(970) 267-7201</cntvoice>
        <cntemail>irma@nps.gov</cntemail>
      </cntinfo>
    </metc>
    <metstdn>FGDC Biological Data Profile of the Content Standard for Digital Geospatial Metadata</metstdn>
    <metstdv>FGDC-STD-001.1-1999</metstdv>
  </metainfo>
</metadata>
