<?xml version="1.0" encoding="ISO-8859-1"?>
<metadata>
  <idinfo>
    <citation>
      <citeinfo>
        <origin>Environmental Systems Research Institute (ESRI)</origin>
        <pubdate>200007</pubdate>
        <title>Isle Royale National Park Vegetation Inventory Project - Spatial Vegetation Data</title>
        <geoform>Map</geoform>
        <serinfo>
          <sername>NPS Vegetation Inventory Program</sername>
          <issue>Isle Royale National Park</issue>
        </serinfo>
        <pubinfo>
          <pubplace>Fort Collins, Colorado</pubplace>
          <publish>National Park Service, Inventory and Monitoring Division</publish>
        </pubinfo>
        <othercit>Created under contract to the USGS, BRD, CBI (Center for Biological Informatics)</othercit>
        <onlink>http://science.nature.nps.gov/im/inventory/veg/products.cfm</onlink>
        <onlink>http://dx.doi.org/10.5066/F7PN93KN</onlink>
      </citeinfo>
    </citation>
    <descript>
      <abstract>The National Park Service (NPS), in conjunction with the Biological Resources Division (BRD) of the U.S. Geological Survey (USGS), has implemented a program to "develop a uniform hierarchical vegetation methodology" at a national level.  The program will also create a geographic information system (GIS) database for the parks under its management.  The purpose of the data is to document the state of vegetation within the NPS service area during the 1990's, thereby providing a baseline study for further analysis at the Regional or Service-wide level.  The vegetation units of this map were determined through stereoscopic interpretation of aerial photographs supported by field sampling and ecological analysis.  The vegetation boundaries were identified on the photographs by means of the photographic signatures and collateral information on slope, hydrology, geography, and vegetation in accordance with the Standardized National Vegetation Classification System (October 1995). The mapped vegetation reflects conditions that existed during the specific year and season that the aerial photographs were taken (spring - 1996 and fall - 1994). There is an inherent margin of error in the use of aerial photography for vegetation delineation and classification.</abstract>
      <purpose>The purpose of this spatial data is to provide the National Park Service the necessary tools to wisely manage the natural resources within this park system.  Several parks, representing different regions, environmental conditions, and vegetation types, were chosen by BRD to be part of the prototype phase of the program.  The initial goal of the prototype phase is to "develop, test, refine, and finalize the standards and protocols" to be used during the production phase of the project.  This includes the development of a standardized vegetation classification system for each park and the establishment of photointerpretation, field, and accuracy assessment procedures. Isle Royale National Park was initially identified as one of the prototypes within the National Park System for the USGS-NPS Vegetation Mapping Program. Isle Royale National Park was established March 3, 1931 and was also designated as an International Biosphere Reserve in 1980. The park contains approximately 571,790 acres of land and water (893 square miles) of which 133,782 acres is land and the rest is open water of Lake Superior as well as inland lakes and ponds. Isle Royale National Park is an archipelago of islands located in the northwestern region of Lake Superior close to the United States-Canada border.  The main island, Isle Royale, consists of a series of ridges and valleys running the length of the island and is surrounded by approximately 200 smaller islands.  The primary methods of transportation on the island are hiking and boating.</purpose>
      <supplinf>Isle Royale National Park was authorized on March 3, 1931; it was formally established in 1940, and officially dedicated in 1946.  Most of the park's land area (98%) was designated as a Wilderness area in October 1976, and later additions increased the total Wilderness to 99% of the park. The park was designated an International Biosphere Reserve in 1980.</supplinf>
    </descript>
    <timeperd>
      <timeinfo>
        <mdattim>
          <sngdate>
            <caldate>19940826</caldate>
          </sngdate>
          <sngdate>
            <caldate>19960425</caldate>
          </sngdate>
        </mdattim>
      </timeinfo>
      <current>ground condition / date of photo acquisition</current>
    </timeperd>
    <status>
      <progress>Complete</progress>
      <update>None Planned</update>
    </status>
    <spdom>
      <descgeog>Isle Royale National Park is an archipelago of islands located in the northwestern region of Lake Superior close to the United States-Canada border. The park is located about 60 miles northwest of Michigan�s Keweenaw Peninsula, about 22 miles east of Grand Portage, Minnesota, and about 35 miles southeast of Thunder Bay, Ontario.</descgeog>
      <bounding>
        <westbc>-89.297943</westbc>
        <eastbc>-88.298959</eastbc>
        <northbc>48.252074</northbc>
        <southbc>47.792865</southbc>
      </bounding>
    </spdom>
    <keywords>
      <theme>
        <themekt>None</themekt>
        <themekey>National Park Service</themekey>
        <themekey>U.S. Geological Service</themekey>
        <themekey>The Nature Conservancy</themekey>
        <themekey>Aerial Information Systems</themekey>
        <themekey>Center for Biological Informatics</themekey>
        <themekey>land cover</themekey>
        <themekey>vegetation</themekey>
        <themekey>community</themekey>
        <themekey>association</themekey>
        <themekey>land use</themekey>
        <themekey>Environmental System Research Institute</themekey>
      </theme>
      <place>
        <placekt>None</placekt>
        <placekey>Isle Royale National Park</placekey>
        <placekey>Michigan</placekey>
        <placekey>Lake Superior</placekey>
      </place>
      <temporal>
        <tempkt>None</tempkt>
        <tempkey>Data Represents May 1996 and August 1994</tempkey>
      </temporal>
    </keywords>
    <taxonomy>
      <keywtax>
        <taxonkt>None</taxonkt>
        <taxonkey>Standard National Vegetation Classification System</taxonkey>
        <taxonkey>plant communities</taxonkey>
      </keywtax>
      <taxongen>Vegetation Alliances of the National Vegetation Classification System (October 1995)</taxongen>
      <taxoncl>
        <taxonrn>Kingdom</taxonrn>
        <taxonrv>Plantae</taxonrv>
        <common>Plants</common>
      </taxoncl>
    </taxonomy>
    <accconst>None</accconst>
    <useconst>Those using the spatial database should understand the data and determine for themselves the fitness of the data prior to use. 2) Mention of trade names or commercial products in this metadata report does not constitute endorsement or recommendation for use by the U.S. Department of the Interior, National Park Service.</useconst>
    <ptcontac>
      <cntinfo>
        <cntorgp>
          <cntorg>National Park Service/Inventory and Monitoring Division/Vegetation Inventory Program</cntorg>
          <cntper>Vegetation Inventory Program Manager</cntper>
        </cntorgp>
        <cntaddr>
          <addrtype>mailing and physical address</addrtype>
          <address>NPS Vegetation Inventory Program</address>
          <address>Inventory and Monitoring Division</address>
          <address>1201 Oakridge Drive Ste. 150</address>
          <city>Fort Collins</city>
          <state>Colorado</state>
          <postal>80525</postal>
        </cntaddr>
        <cntvoice>(970) 267-7201</cntvoice>
        <cntemail>irma@nps.gov</cntemail>
      </cntinfo>
    </ptcontac>
    <browse>
      <browsen>http://science.nature.nps.gov/im/inventory/veg/products.cfm</browsen>
      <browsed>vegetation distribution of Isle Royale National Park and environs; low resolution for web browser.</browsed>
      <browset>PDF</browset>
    </browse>
    <secinfo>
      <secsys>None</secsys>
      <secclass>None</secclass>
      <sechandl>None</sechandl>
    </secinfo>
  </idinfo>
  <dataqual>
    <attracc>
      <attraccr>Code verification involved running each
coverage attribute file through a series of ARC/INFO commands that checked for invalid codes.  These commands produced listings that aided in identifying abnormal codes.  The errors were checked against the vegetation delineation and attribute overlays.  Corrections were made to the listings and input into the database.   ESRI produced a plot of the converted spatial data and sequence numbers (label I.D.s) for the manuscript. The plot was checked by AIS for cartographic quality of the arcs defining the polygon features and the accuracy of the label I.D. assignments. The plot was overlaid to the manuscript map to verify that the scanned data was not distorted beyond .02 map inches.  Other problems were noted on the plots, such as overshoots and undershoots, missing lines, premature convergence of polygon boundary lines that intersected arcs at acute angles, and incorrect sequence number assignments. ESRI produced code verification plots of the community association codes, height and density codes, and land use code attributes.  The plots were checked for coding errors that may have occurred during the polygon attribute encoding step.  The plots were overlaid on the manuscript map with attached corresponding code attribute overlay created in the manual rectification step. Code changes were noted on the plot.  The edited plots were delivered back to ESRI for correction of the attribute files.   Processors conducted interactive ARCEDIT sessions to make the necessary corrections to the coverages.</attraccr>
    </attracc>
    <logic>All polygon features are checked for topology using the ARC/INFO software.  Each polygon begins and ends at the same point with the node feature. All nodes are checked for error so that there are no dangling features.  There are no duplicate lines or polygons.  All nodes will snap together and close polygons based on a specific tolerance. If the node is not within the tolerance, it is adjusted manually.  The test for logical consistency are performed in ARC/INFO.</logic>
    <complete>All data that can be photointerpreted is also digitized.  This includes association/community classes, surface water, and unvegetated/landuse.</complete>
    <posacc>
      <horizpa>
        <horizpar>Unknown.  The positional accuracy of the base topographic quadrangles is not known.  It is assumed the map meets National Map Accuracy Standards.</horizpar>
      </horizpa>
      <vertacc>
        <vertaccr>Unknown.  The positional accuracy of the base topographic quadrangles is not known.  It is assumed the map meets National Map Accuracy Standards.</vertaccr>
      </vertacc>
    </posacc>
    <lineage>
      <srcinfo>
        <srccite>
          <citeinfo>
            <origin>USFWS</origin>
            <pubdate>19960425</pubdate>
            <title>1996 Aerial Photography</title>
            <geoform>image</geoform>
          </citeinfo>
        </srccite>
        <srcscale>15,840</srcscale>
        <typesrc>Prints and diapositives</typesrc>
        <srctime>
          <timeinfo>
            <sngdate>
              <caldate>19960425</caldate>
            </sngdate>
          </timeinfo>
          <srccurr>date of photo acquisition</srccurr>
        </srctime>
        <srccitea>1996 Aerial Photography</srccitea>
        <srccontr>This set of aerial photography provided the basis for photointerpretation of the vegetation community types.</srccontr>
      </srcinfo>
      <srcinfo>
        <srccite>
          <citeinfo>
            <origin>USFWS</origin>
            <pubdate>19940826</pubdate>
            <title>1994 Aerial Photography</title>
            <geoform>image</geoform>
          </citeinfo>
        </srccite>
        <srcscale>15,840</srcscale>
        <typesrc>Prints and diapositives</typesrc>
        <srctime>
          <timeinfo>
            <sngdate>
              <caldate>19940826</caldate>
            </sngdate>
          </timeinfo>
          <srccurr>date of photo acquisition</srccurr>
        </srctime>
        <srccitea>1994 Aerial Photography</srccitea>
        <srccontr>This set of aerial photographs was considered a supplemental set, provided to assist in labeling community types for the gap areas in the 1996 flight lines.</srccontr>
      </srcinfo>
      <srcinfo>
        <srccite>
          <citeinfo>
            <origin>United States Department of Interior, National Biological Survey and National Park Service</origin>
            <pubdate>199412</pubdate>
            <title>Field Methods for Vegetation Mapping</title>
            <geoform>document</geoform>
            <othercit>This report was generated by The Nature Conservancy and Environmental Systems Research Institute under contract to the United States Department of Interior, National Biological Survey and National Park Service.</othercit>
            <onlink>http://science.nature.nps.gov/im/inventory/veg/guidance.cfm</onlink>
          </citeinfo>
        </srccite>
        <typesrc>document</typesrc>
        <srctime>
          <timeinfo>
            <sngdate>
              <caldate>199412</caldate>
            </sngdate>
          </timeinfo>
          <srccurr>publication date</srccurr>
        </srctime>
        <srccitea>Methods for Vegetation Mapping Report</srccitea>
        <srccontr>This report provides a standardized methodology for The NPS Vegetation Mapping Program.</srccontr>
      </srcinfo>
      <srcinfo>
        <srccite>
          <citeinfo>
            <origin>U.S. Geological Survey</origin>
            <pubdate>199412</pubdate>
            <title>Photo Interpretation and Map Generation Procedures, Isle Royale National Park, MI, Aerial Information Systems Project Report</title>
            <geoform>document</geoform>
            <othercit>This report was generated by Aerial Information Systems under contract to the U.S. Geological Survey, Center for Biological Informatics.</othercit>
            <onlink>http://science.nature.nps.gov/im/inventory/veg/products.cfm</onlink>
          </citeinfo>
        </srccite>
        <typesrc>document</typesrc>
        <srctime>
          <timeinfo>
            <sngdate>
              <caldate>20000619</caldate>
            </sngdate>
          </timeinfo>
          <srccurr>publication date</srccurr>
        </srctime>
        <srccitea>ISRO PI Report</srccitea>
        <srccontr>This report outlines and describes the project timeline, PI methodologies, mapping criteria and data conversion procedures implemented in creating the final vegetation map for Isle Royale National Park.</srccontr>
      </srcinfo>
      <procstep>
        <procdesc>The normal process in vegetation mapping is to conduct an initial field reconnaissance, map the vegetation units through photointerpretation, and then conduct field verification. The field reconnaissance visit serves two major functions.
First, the photointerpreter keys the signature on the aerial photos to the vegetation on the ground at each signature site. Second, the photointerpreter becomes familiar with the flora, vegetation communities and local ecology that occur in the study area. Park and/or TNC field biologists that are familiar with the local vegetation and ecology of the park are present to help the photointerpreter understand these elements and their relationship with the geography of the park.
Upon completion of the field reconnaissance, photo interpreters delineate vegetation units on mylar sheets that overlay the 9"x9" aerial photographs. This effort is conducted in accordance with the TNC vegetation classification and criteria for defining each community or alliance. The initial mapping is then followed by a field verification session, designed to confirm that the vegetation units were mapped correctly. Any photointerpretation related questions are also addressed during the visit.
The vegetation mapping at Isle Royale National Park did not follow the normal mapping procedure as outlined above. Because of logistical limitations (short field season, overall general inaccessibility and difficulty in reaching a large number of photo signatures within a relatively short period of time), field verification was not conducted on the island. In lieu of field verification, a TNC ecologist would meet with the photointerpreters at AIS to review the delineations and PI signature calls as they relate to the preliminary classification. (See page 13 � TNC/AIS Classification Crosswalk Meeting). The photointerpreters would also provide the ecologist with photo overlays identifying polygons with PI questions and polygons for verification that the ecologist could answer in the field while conducting the classification field sampling.
The Complete Process ran from 199606 to 200006.
See "Photo Interpretation and Map Generation Procedures, Isle Royale National Park, MI, Aerial Information Systems Project Report", By Aerial Information Systems &amp; Environmental Systems Research Institute, June 19, 2000, at: http://science.nature.nps.gov/im/inventory/veg/products.cfm for a complete description of the procedures.</procdesc>
        <srcused>1996 Aerial Photography</srcused>
        <srcused>1994 Aerial Photography</srcused>
        <srcused>Methods for Vegetation Mapping Report</srcused>
        <procdate>199606 through 200006</procdate>
        <srcprod>ISRO PI Report</srcprod>
      </procstep>
    </lineage>
  </dataqual>
  <spdoinfo>
    <direct>Vector</direct>
    <ptvctinf>
      <sdtsterm>
        <sdtstype>G-polygon</sdtstype>
        <ptvctcnt>19072</ptvctcnt>
      </sdtsterm>
    </ptvctinf>
  </spdoinfo>
  <spref>
    <horizsys>
      <planar>
        <gridsys>
          <gridsysn>Universal Transverse Mercator</gridsysn>
          <utm>
            <utmzone>16</utmzone>
            <transmer>
              <sfctrmer>0.999600</sfctrmer>
              <longcm>-87.000000</longcm>
              <latprjo>0.000000</latprjo>
              <feast>500000.000000</feast>
              <fnorth>0.000000</fnorth>
            </transmer>
          </utm>
        </gridsys>
        <planci>
          <plance>coordinate pair</plance>
          <coordrep>
            <absres>1</absres>
            <ordres>1</ordres>
          </coordrep>
          <plandu>meters</plandu>
        </planci>
      </planar>
      <geodetic>
        <horizdn>North American Datum of 1983</horizdn>
        <ellips>Geodedic Reference System 80</ellips>
        <semiaxis>6378137.000000</semiaxis>
        <denflat>298.257222</denflat>
      </geodetic>
    </horizsys>
    <vertdef>
      <altsys>
        <altdatum>North American Vertical Datum of 1988</altdatum>
        <altres>1</altres>
        <altunits>feet</altunits>
        <altenc>Attribute values</altenc>
      </altsys>
    </vertdef>
  </spref>
  <eainfo>
    <detailed>
      <enttyp>
        <enttypl>isroveg</enttypl>
        <enttypd>Shapefile attribute table</enttypd>
        <enttypds>ESRI</enttypds>
      </enttyp>
      <attr>
        <attrlabl>FID</attrlabl>
        <attrdef>Internal feature number.</attrdef>
        <attrdefs>ESRI</attrdefs>
        <attrdomv>
          <udom>Sequential unique whole numbers that are automatically generated.</udom>
        </attrdomv>
      </attr>
      <attr>
        <attrlabl>Shape</attrlabl>
        <attrdef>Feature geometry.</attrdef>
        <attrdefs>ESRI</attrdefs>
        <attrdomv>
          <udom>Coordinates defining the features.</udom>
        </attrdomv>
      </attr>
      <attr>
        <attrlabl>AREA</attrlabl>
        <attrdef>Area of feature in internal units squared.</attrdef>
        <attrdefs>ESRI</attrdefs>
        <attrdomv>
          <udom>Positive real numbers that are automatically generated.</udom>
        </attrdomv>
      </attr>
      <attr>
        <attrlabl>PERIMETER</attrlabl>
        <attrdef>Perimeter of feature in internal units.</attrdef>
        <attrdefs>ESRI</attrdefs>
        <attrdomv>
          <udom>Positive real numbers that are automatically generated.</udom>
        </attrdomv>
      </attr>
      <attr>
        <attrlabl>VEG_</attrlabl>
        <attrdef>Internal feature number.</attrdef>
        <attrdefs>ESRI.</attrdefs>
        <attrdomv>
          <udom>Sequential unique whole numbers that are automatically generated.</udom>
        </attrdomv>
      </attr>
      <attr>
        <attrlabl>VEG_ID</attrlabl>
        <attrdef>User-defined feature number.</attrdef>
        <attrdefs>ESRI.</attrdefs>
        <attrdomv>
          <udom>Sequential unique whole numbers that are automatically generated.</udom>
        </attrdomv>
      </attr>
      <attr>
        <attrlabl>SEQNO</attrlabl>
        <attrdef>Sequence Number.</attrdef>
        <attrdefs>ESRI.</attrdefs>
        <attrdomv>
          <udom>Defines AIS internal sequence number.</udom>
        </attrdomv>
      </attr>
      <attr>
        <attrlabl>MOD</attrlabl>
        <attrdef>Module Code</attrdef>
        <attrdefs>ESRI.</attrdefs>
        <attrdomv>
          <udom>Defines the module name abbreviation, corresponds generally to the north or south half of a USGS topographic quad sheet.</udom>
        </attrdomv>
      </attr>
      <attr>
        <attrlabl>MOD_DESCRI</attrlabl>
        <attrdef>Module Description Name</attrdef>
        <attrdefs>ESRI.</attrdefs>
        <attrdomv>
          <udom>Defines the module description name, corresponds generally to the north or south half of a USGS topographic quad sheet.</udom>
        </attrdomv>
      </attr>
      <attr>
        <attrlabl>PI</attrlabl>
        <attrdef>Phot Interpretation Code</attrdef>
        <attrdefs>ESRI.</attrdefs>
        <attrdomv>
          <udom>Defines the PI signature number.</udom>
        </attrdomv>
      </attr>
      <attr>
        <attrlabl>PI_DESCRIP</attrlabl>
        <attrdef>Phot Interpretation Description</attrdef>
        <attrdefs>ESRI.</attrdefs>
        <attrdomv>
          <udom>Defines the PI signature name.</udom>
        </attrdomv>
      </attr>
      <attr>
        <attrlabl>HEIGHT</attrlabl>
        <attrdef>Height Code.</attrdef>
        <attrdefs>ESRI</attrdefs>
        <attrdomv>
          <udom>Numerical height code.</udom>
        </attrdomv>
      </attr>
      <attr>
        <attrlabl>HEIGHT_DES</attrlabl>
        <attrdef>Height Description.</attrdef>
        <attrdefs>ESRI</attrdefs>
        <attrdomv>
          <udom>Height description with meters.</udom>
        </attrdomv>
      </attr>
      <attr>
        <attrlabl>DENSITY</attrlabl>
        <attrdef>Density Code.</attrdef>
        <attrdefs>ESRI</attrdefs>
        <attrdomv>
          <udom>Numerical density code.</udom>
        </attrdomv>
      </attr>
      <attr>
        <attrlabl>DENSITY_DESCRI</attrlabl>
        <attrdef>Density Description.</attrdef>
        <attrdefs>ESRI</attrdefs>
        <attrdomv>
          <udom>Density description with percentage.</udom>
        </attrdomv>
      </attr>
      <attr>
        <attrlabl>LANDUSE</attrlabl>
        <attrdef>Land Use</attrdef>
        <attrdefs>ESRI</attrdefs>
        <attrdomv>
          <udom>Numerical land use.</udom>
        </attrdomv>
      </attr>
      <attr>
        <attrlabl>LANDUSE_DE</attrlabl>
        <attrdef>Landuse Description</attrdef>
        <attrdefs>ESRI</attrdefs>
        <attrdomv>
          <udom>Textual landuse description.</udom>
        </attrdomv>
      </attr>
      <attr>
        <attrlabl>TNC</attrlabl>
        <attrdef>TNC Map Class Code</attrdef>
        <attrdefs>BOR</attrdefs>
        <attrdomv>
          <udom>Textual map code.</udom>
        </attrdomv>
      </attr>
      <attr>
        <attrlabl>SYM</attrlabl>
        <attrdef>Sym</attrdef>
        <attrdefs>ESRI</attrdefs>
        <attrdomv>
          <udom>Numerical sym.</udom>
        </attrdomv>
      </attr>
      <attr>
        <attrlabl>TNC_DESCRI</attrlabl>
        <attrdef>TNC Map Class Description Name</attrdef>
        <attrdefs>USGS UMESC</attrdefs>
        <attrdomv>
          <udom>Textual map description.</udom>
        </attrdomv>
      </attr>
      <attr>
        <attrlabl>ECO_GROUP</attrlabl>
        <attrdef>Ecosystem Formation Group</attrdef>
        <attrdefs>FGDC</attrdefs>
        <attrdomv>
          <udom>National Vegetation Classification Group name.</udom>
        </attrdomv>
      </attr>
      <attr>
        <attrlabl>PATTERN</attrlabl>
        <attrdef>Pattern Code.</attrdef>
        <attrdefs>ESRI</attrdefs>
        <attrdomv>
          <udom>Numerical pattern code.</udom>
        </attrdomv>
      </attr>
      <attr>
        <attrlabl>PATTERN_DE</attrlabl>
        <attrdef>Pattern Description.</attrdef>
        <attrdefs>ESRI</attrdefs>
        <attrdomv>
          <udom>Textual pattern description.</udom>
        </attrdomv>
      </attr>
    </detailed>
    <overview>
      <eaover>The system is organized hierarchically to support conservation and resource stewardship application across multiple scales.  The upper levels of the hierarchy are based on the physical form or structure of the vegetation (physiognomy) and have been refined from the international standards developed by the United Nations Educational Scientific, and Cultural Organization (UNESCO). The two most detailed levels of the hierarchy are based on the species composition of the existing vegetation (floristics) and reflect the phyto-sociological standards that were originally developed by European ecologists.  The vegetation classification is continually advanced through the collection and analysis of new field data and will be greatly strengthened during the course of the USGS-NPS mapping efforts.  USGS-NPS VEGETATION MAPPING PROGRAM Classification of the Vegetation of Isle Royale National September 9, 1999.
Defines PhotoInterpretation Signature Type Name and Number:
1 Jack pine - black spruce / feathermoss forest (forest phase),
2 Spruce - fir / feathermoss forest,
3 White cedar - boreal conifer mesic forest,
4 White cedar - (mixed conifer) / alder swamp (open phase),
5 Black spruce / dwarf-shrub swamp complex,
6 White cedar - (mixed conifer) / alder swamp (closed phase),
8 Maple - yellow birch - northern hardwoods forest (sugar maple phase),
9 Maple - yellow birch - northern hardwoods forest (mixed phase),
10A Maple - yellow birch - northern hardwoods forest (yellow birch phase),
11 Red oak - sugar maple forest,
12 Paper birch / bush honeysuckle - fir forest,
13 Aspen - birch / boreal conifer forest (mixed aspen - birch phase),
15 Aspen - birch / sugar maple - mixed hardwoods forest (mixed phase),
16A Aspen - birch / sugar maple - mixed hardwoods forest (aspen phase),
16B Aspen - birch / boreal conifer forest (aspen phase),
16C Aspen - red maple forest,
17 Black ash - mixed hardwood swamp complex,
17A Black ash (cedar) - mixed hardwoods swamp complex,
18 Northern tamarack rich swamp,
19 Balsam fir / paper birch forest, 19A Balsam fir - aspen - paper birch forest,
19B Balsam fir / Canada yew - devil's club forest,
20 White spruce - balsam fir - aspen forest,
21 White cedar - yellow birch forest (cedar - birch phase),
22 Jack pine - black spruce / feathermoss forest (woodland phase),
23 White spruce woodland alliance,
25 Aspen - birch / boreal conifer forest (sparse canopy phase),
25A Aspen - red maple rocky woodland,
26 Common juniper rocky krummholz,
27 Boreal rocky shrubland,
28 Speckled alder swamp,
29 Dwarf shrub fen complex,
30 Poverty grass barrens,
31 Bluejoint eastern meadow,
32 Sedge meadow complex,
32A Sedge / sphagnum meadow complex,
49 Red maple - ash - birch swamp forest,
50 Yellow birch - (spruce) forest,
50A White cedar - yellow birch forest (mixed phase),
51 Boreal pine rocky woodland,
53 Aspen - birch / boreal conifer forest (woodland phase),
53A Spruce - fir - aspen open forest,
54 Spruce - fir and sugar maple - yellow birch mosaic,
55 Aspen - birch / sugar maple - mixed hardwoods forest (paper birch phase),
56 White pine - aspen - birch forest,
60 Northern (laurentian) igneous / metamorphic moist cliff scrub,
61 Great Lakes bedrock lakeshore,
63 Great Lakes cobble/gravel shore,
65 Great Lakes non-alkaline cobble/gravel shore,
67 Great Lakes bedrock lakeshore (undifferentiated bedrock),
67A Great Lakes cobble/gravel lakeshore (undifferentiated gravel),
70 Balsam poplar - paper birch / speckled alder forest,
71 Paper birch - white spruce - balsam fir forest,
75 Mountain ash - mountain maple forest,
83 White cedar - balsam fir / leatherleaf / black crowberry krummholz,
88 Canada yew mixed shrubland,
90 Balsam fir woodland, 98 Water,
99 Not applicable (urban/built-up).
TNC (Defines TNC project code and community common name):
1 Spruce - fir / feathermoss forest,
2 Balsam fir / Canada yew - devil's club forest,
3 White pine - aspen - birch forest,
4 White cedar - boreal conifer mesic forest,
5 Black spruce / feathermoss forest,
6 Jack pine - black spruce / feathermoss forest,
7 White cedar - (mixed conifer) / alder swamp,
8 Aspen - birch - red maple forest,
9 Maple - yellow birch - northern hardwoods forest,
10 Red oak - sugar maple forest,
12 Northern (laurentian) igneous / metamorphic moist cliff scrub,
13 Mountain ash - mountain maple forest,
14 Aspen - balsam poplar lowland forest,
16 White cedar - yellow birch forest,
18 White cedar - black ash swamp,
19 White spruce woodland,
22 Balsam fir / Canada yew woodland,
23 Spruce - fir - aspen forest (open variant),
25 Black spruce / Labrador tea poor swamp,
26 Black ash - mixed hardwood swamp,
27 Red maple - ash - birch swamp forest,
28 Great Lakes boreal talus woodland,
29 Boreal rocky shrubland,
31 Common juniper rocky krummholz,
32 Thimbleberry shrubland,
33 Great Lakes basalt/diabase cobble-gravel lakeshore, shrub zone,
34 White cedar - balsam fir / leatherleaf / black crowberry krummholz,
35 Canada yew mixed shrubland,
36 Speckled alder swamp,
37 Sweet gale shrub fen,
38 Poverty grass barrens,
39 Great Lakes basalt/diabase cobble-gravel lakeshore,
40 Bluejoint eastern meadow,
41 Northern sedge wet meadow,
42 Northern poor fen,
44 Boreal calcareous seepage fen,
45 Great Lakes shoreline bulrush - cattail marsh,
46 Midwest mixed emergent deep marsh,
47 Water horsetail - spikerush marsh,
48 Twig rush wet meadow,
49 Midwest pondweed submerged aquatic wetland,
50 Northern water lily aquatic wetland,
51 Great Lakes basalt (conglomerate) bedrock lakeshore,
52 Great Lakes basalt/diabase cliff,
53 Paper birch / bush honeysuckle - fir forest,
54a Aspen - birch / boreal conifer forest,
54b Aspen - birch / sugar maple - mixed hardwoods forest,
55 Spruce - fir - aspen forest,
56 Spruce - fir and sugar maple - yellow birch mosaic,
58 Sedge meadow complex,
59 Sedge / sphagnum meadow complex,
60 White cedar - sweet gale scrub fen,
62 Spruce - fir basalt bedrock glade,
63 Boreal pine rocky woodland,
65 Northern tamarack rich swamp,
66 Black spruce / alder rich swamp,
67 Leatherleaf - sweet gale shore fen,
70 Leatherleaf bog,
72 Timothy - (bluejoint) seminatural meadow,
74 Yellow birch - (spruce) forest,
98 Water,
99 Urban/Built-up,
100 Wooded peatland complex,
200 Black ash (white cedar) - mixed hardwoods swamp complex,
300 White spruce woodland alliance.
HEIGHT:
1 = &lt; 0.5 meters,
2 = 0.5 - 2 meters,
3 = 2 - 5 meters,
4 = 5 - 15 meters,
5 = 15 - 35 meters,
6 = 35 - 50 meters,
7 = &gt; 50 meters,
9 = Not Applicable.
DENSITY:
1 = Closed/Continuous &lt; 60%,
2 = Discontinuous 40% - 60%,
3 = Dispersed 25% - 40%,
4 = Sparse 10% - 25%,
5 = Rare 2% - 10%,
9 = Not Applicable.
LANDUSE:
100 = Urban/Built-up,
200 = Agriculture,
300 = Mining,
400 = National Park Facilities,
401 = Rock Harbor park facilities,
402 = Windigo park facilities,
403 = Mott Island park headquarter facilities,
404 = Campground,
800 = Water,
900 = Vacant.</eaover>
      <eadetcit>Grossman, D. Et al. 1994.  National Park Service Vegetation Mapping Project, Standardized National Vegetation Classificatrion System 209 pp.</eadetcit>
    </overview>
  </eainfo>
  <distinfo>
    <distrib>
      <cntinfo>
        <cntorgp>
          <cntorg>National Park Service/Inventory and Monitoring Division/Vegetation Inventory Program</cntorg>
          <cntper>Vegetation Inventory Program Manager</cntper>
        </cntorgp>
        <cntaddr>
          <addrtype>mailing and physical address</addrtype>
          <address>NPS Vegetation Inventory Program</address>
          <address>Inventory and Monitoring Division</address>
          <address>1201 Oakridge Drive Ste. 150</address>
          <city>Fort Collins</city>
          <state>Colorado</state>
          <postal>80525</postal>
        </cntaddr>
        <cntvoice>(970) 267-7201</cntvoice>
        <cntemail>irma@nps.gov</cntemail>
      </cntinfo>
    </distrib>
    <resdesc>Downloadable Data</resdesc>
    <distliab>The National Park Service shall not be held liable for improper or incorrect use of the data described and/or contained herein.  These data and related graphics (if available) are not legal documents and are not intended to be used as such.
The information contained in these data is dynamic and may change over time.  The data are not better than the original sources from which they were derived.  It is the responsibility of the data user to use the data appropriately and consistent within the limitations of geospatial data in general and these data in particular.  Any related graphics (if available) are intended to aid the data user in acquiring relevant data; it is not approriate to use the related graphics as data.
The National Park Service gives no warranty, expressed or implied, as to the accuracy, reliability, or completeness of these data.  It is strongly recommended that these data are directly acquired from a National Park Service server and not indirectly through other sources which may have changed the data in some way.  Although these data have been processed successfully on a computer system at the National Park Service, no warranty expressed or implied is made regarding the utility of the data on another system or for general or scientific purposes, nor shall the act of distribution constitute any such warranty. This disclaimer applies both to individual use of the data and aggregate use with other data. It is also strongly recommended that careful attention be paid to the contents of the metadata file associated with these data. Mention of trade names or commercial products in this metadata report does not constitute endorsement or recommendation for use by the U. S. Department of the Interior, National Park Service.</distliab>
    <stdorder>
      <digform>
        <digtinfo>
          <formname>HTML</formname>
        </digtinfo>
        <digtopt>
          <onlinopt>
            <computer>
              <networka>
                <networkr>http://science.nature.nps.gov/im/inventory/veg/products.cfm</networkr>
              </networka>
            </computer>
            <accinstr>Internet Access</accinstr>
          </onlinopt>
        </digtopt>
      </digform>
      <fees>None</fees>
    </stdorder>
  </distinfo>
  <metainfo>
    <metd>20000719</metd>
    <metrd>20100601</metrd>
    <metc>
      <cntinfo>
        <cntorgp>
          <cntorg>National Park Service/Inventory and Monitoring Division/Vegetation Inventory Program</cntorg>
          <cntper>Vegetation Inventory Program Manager</cntper>
        </cntorgp>
        <cntaddr>
          <addrtype>mailing and physical address</addrtype>
          <address>NPS Vegetation Inventory Program</address>
          <address>Inventory and Monitoring Division</address>
          <address>1201 Oakridge Drive Ste. 150</address>
          <city>Fort Collins</city>
          <state>Colorado</state>
          <postal>80525</postal>
        </cntaddr>
        <cntvoice>(970) 267-7201</cntvoice>
        <cntemail>irma@nps.gov</cntemail>
      </cntinfo>
    </metc>
    <metstdn>FGDC Biological Data Profile of the Content Standard for Digital Geospatial Metadata</metstdn>
    <metstdv>FGDC-STD-001.1-1999</metstdv>
  </metainfo>
</metadata>
