Time,Month,ClimateRegionName,ClimateRegionIndex,NumSites,Precipitation,AirTemp,AvgTotalNPP_C,AvgHeteroRespiration,AvgSoilRespiration,avgNEE,Ndep,StreamN,SoilWaterContent,AnaerobicEffect,
1, 7, eco1, 1, 140433, 13.4, 18.9, 73.43, 55.52, 55.92, -17.91, 0.06, 0.02, 8.45, 0.88, 
1, 8, eco1, 1, 140433, 8.7, 18, 32.1, 44.34, 39.55, 12.24, 0.06, 0, 8.48, 0.83, 
1, 9, eco1, 1, 140433, 7.4, 14, 20.62, 26.22, 23.55, 5.6, 0.06, 0, 9.44, 0.64, 
1, 10, eco1, 1, 140433, 5.2, 5.9, 15.6, 8.3, 8.62, -7.3, 0.06, 0, 10.38, 0.14, 
1, 11, eco1, 1, 140433, 2.9, 2.9, 1.16, 5.65, 2.54, 4.5, 0.06, 0, 9.3, 0.02, 
1, 12, eco1, 1, 140433, 3, -5.1, 0.39, 12.43, 10.55, 12.04, 0.06, 0, 8.45, 1, 
1, 1, eco1, 1, 140433, 6.8, -10.3, 0.18, 9.09, 7.72, 8.91, 0.06, 0, 8.22, 1, 
1, 2, eco1, 1, 140433, 4.3, -4.5, 0.42, 12.85, 10.96, 12.43, 0.06, 0, 8.37, 1, 
1, 3, eco1, 1, 140433, 1.9, -1.5, 0.86, 15.43, 13.27, 14.57, 0.06, 0, 10.63, 1, 
1, 4, eco1, 1, 140433, 5.1, 4.5, 4.7, 5.77, 3.74, 1.07, 0.06, 0, 17.87, 0.01, 
1, 5, eco1, 1, 140433, 11.3, 10.3, 14.72, 8.76, 8.53, -5.96, 0.06, 0.01, 21.84, 0.06, 
1, 6, eco1, 1, 140433, 6.5, 14.1, 34.04, 22.83, 26.22, -11.21, 0.06, 0.02, 14.28, 0.58, 
2, 7, eco1, 1, 140433, 4.5, 15.8, 25.59, 31.57, 32.28, 5.98, 0.06, 0, 10.83, 0.8, 
2, 8, eco1, 1, 140433, 4.6, 17.5, 33.51, 34.77, 37.21, 1.26, 0.06, 0, 10.72, 0.8, 
2, 9, eco1, 1, 140433, 3.3, 13.2, 17.55, 25.9, 26.27, 8.35, 0.06, 0, 10.02, 0.76, 
2, 10, eco1, 1, 140433, 3.9, 8.4, 22.73, 14.25, 17.77, -8.48, 0.06, 0, 11.16, 0.49, 
2, 11, eco1, 1, 140433, 8.9, 0.1, 1.05, 16.86, 15.18, 15.81, 0.06, 0, 10.88, 1, 
2, 12, eco1, 1, 140433, 5.8, -12.2, 0.21, 8.05, 7.19, 7.85, 0.06, 0, 10.27, 1, 
2, 1, eco1, 1, 140433, 3.7, -9.6, 0.28, 9.43, 8.41, 9.16, 0.06, 0, 9.82, 1, 
2, 2, eco1, 1, 140433, 2.6, -4.7, 0.55, 12.75, 11.38, 12.2, 0.06, 0, 10.09, 1, 
2, 3, eco1, 1, 140433, 5.3, 1.5, 1.4, 18.54, 16.66, 17.14, 0.06, 0.01, 15.5, 1, 
2, 4, eco1, 1, 140433, 4.1, 2.5, 3.38, 4.62, 3.22, 1.24, 0.06, 0, 18.04, 0.01, 
2, 5, eco1, 1, 140433, 5.2, 9.4, 11.95, 8.38, 8.32, -3.57, 0.06, 0.01, 21.15, 0.1, 
2, 6, eco1, 1, 140433, 10.8, 11.3, 22.13, 15.94, 18.49, -6.19, 0.06, 0.02, 17.57, 0.41, 
3, 7, eco1, 1, 140433, 5.8, 15.8, 38.75, 30.27, 34.81, -8.47, 0.06, 0, 12.63, 0.74, 
3, 8, eco1, 1, 140433, 8.7, 19.4, 42.13, 38.68, 43.07, -3.45, 0.06, 0.01, 12.67, 0.76, 
3, 9, eco1, 1, 140433, 4.4, 13, 21.78, 25.73, 27.48, 3.95, 0.06, 0, 11.07, 0.73, 
3, 10, eco1, 1, 140433, 8.2, 6.6, 18.63, 6.62, 9.18, -12, 0.06, 0, 15.01, 0.06, 
3, 11, eco1, 1, 140433, 7.6, 4.5, 1.91, 5.41, 3.24, 3.49, 0.06, 0, 17.17, 0.01, 
3, 12, eco1, 1, 140433, 4.6, -3.2, 0.81, 14.45, 13.02, 13.64, 0.06, 0, 14.15, 1, 
3, 1, eco1, 1, 140433, 5.2, -6.2, 0.53, 12.07, 10.83, 11.54, 0.06, 0, 12.98, 1, 
3, 2, eco1, 1, 140433, 5.8, -10.4, 0.29, 9.36, 8.36, 9.07, 0.06, 0, 12.08, 1, 
3, 3, eco1, 1, 140433, 1.9, -2.9, 0.8, 14.78, 13.24, 13.98, 0.06, 0, 13.01, 1, 
3, 4, eco1, 1, 140433, 17.7, 4.5, 3.94, 5.5, 3.83, 1.55, 0.06, 0.01, 27.75, 0.01, 
3, 5, eco1, 1, 140433, 10.9, 9, 11.09, 7.38, 7.04, -3.71, 0.06, 0, 25.57, 0.03, 
3, 6, eco1, 1, 140433, 9, 13.1, 29.66, 20.18, 23.84, -9.47, 0.06, 0.02, 18.86, 0.47, 
4, 7, eco1, 1, 140433, 5.8, 19.1, 49.87, 41.61, 47.7, -8.26, 0.06, 0, 13.26, 0.8, 
4, 8, eco1, 1, 140433, 9, 18.1, 49.99, 36.69, 43.51, -13.29, 0.06, 0.01, 13.57, 0.74, 
4, 9, eco1, 1, 140433, 11.4, 13.8, 35.04, 23.64, 28.03, -11.4, 0.06, 0.01, 15.05, 0.54, 
4, 10, eco1, 1, 140433, 9, 3.1, 11.45, 6.75, 7.47, -4.7, 0.06, 0, 12.11, 0.15, 
4, 11, eco1, 1, 140433, 1.6, -2.3, 0.71, 15.99, 14.26, 15.28, 0.06, 0, 11.42, 1, 
4, 12, eco1, 1, 140433, 2.8, -4.7, 0.51, 13.86, 12.32, 13.35, 0.06, 0, 10.89, 1, 
4, 1, eco1, 1, 140433, 1.8, -5.6, 0.43, 13.12, 11.64, 12.68, 0.06, 0, 10.47, 1, 
4, 2, eco1, 1, 140433, 4.9, -4.5, 0.56, 14.05, 12.46, 13.49, 0.06, 0, 10.59, 1, 
4, 3, eco1, 1, 140433, 5.6, -6.4, 0.42, 12.58, 11.13, 12.16, 0.06, 0, 10.21, 1, 
4, 4, eco1, 1, 140433, 7.7, 2.7, 3.7, 5.41, 3.67, 1.72, 0.06, 0, 17.81, 0.01, 
4, 5, eco1, 1, 140433, 5.3, 5.9, 6.46, 6.58, 5.08, 0.13, 0.06, 0, 23.54, 0.01, 
4, 6, eco1, 1, 140433, 7.4, 13.2, 31.11, 20.86, 24.23, -10.25, 0.06, 0.03, 19.24, 0.44, 
5, 7, eco1, 1, 140433, 7.7, 16.3, 47.39, 33.94, 39.91, -13.45, 0.06, 0.01, 13.89, 0.71, 
5, 8, eco1, 1, 140433, 3.7, 18.3, 36.93, 42.81, 45.75, 5.88, 0.06, 0, 10.83, 0.82, 
5, 9, eco1, 1, 140433, 7.5, 13.2, 39.52, 25.83, 31.51, -13.68, 0.06, 0, 13.17, 0.6, 
5, 10, eco1, 1, 140433, 5.5, 6.4, 23.19, 11.25, 14.46, -11.95, 0.06, 0, 13.05, 0.27, 
5, 11, eco1, 1, 140433, 4.8, -0.9, 0.97, 18.18, 16.08, 17.21, 0.06, 0, 11.57, 1, 
5, 12, eco1, 1, 140433, 4.3, -4.1, 0.65, 15.04, 13.26, 14.39, 0.06, 0, 11.23, 1, 
5, 1, eco1, 1, 140433, 2.9, -10, 0.28, 10.51, 9.23, 10.23, 0.06, 0, 10.7, 1, 
5, 2, eco1, 1, 140433, 2.7, -12, 0.21, 9.36, 8.19, 9.15, 0.06, 0, 10.28, 1, 
5, 3, eco1, 1, 140433, 4.5, -4.8, 0.53, 14.45, 12.66, 13.92, 0.06, 0, 9.94, 1, 
5, 4, eco1, 1, 140433, 4.7, 2, 3.42, 5.66, 3.65, 2.23, 0.06, 0, 16.22, 0.01, 
5, 5, eco1, 1, 140433, 10.1, 8.5, 8.99, 8.44, 6.67, -0.54, 0.06, 0, 25.26, 0.02, 
5, 6, eco1, 1, 140433, 4.4, 11.9, 28.71, 23.47, 26.51, -5.24, 0.06, 0.01, 15.02, 0.56, 
6, 7, eco1, 1, 140433, 7.3, 15.7, 62.33, 36.1, 45.83, -26.23, 0.06, 0, 12.93, 0.75, 
6, 8, eco1, 1, 140433, 7.6, 15.4, 60.45, 34.44, 44.1, -26.01, 0.06, 0, 12.75, 0.72, 
6, 9, eco1, 1, 140433, 6.5, 14.2, 53.59, 32.28, 40.07, -21.32, 0.06, 0, 12.43, 0.68, 
6, 10, eco1, 1, 140433, 10.3, 7, 20.07, 9.1, 10.55, -10.97, 0.06, 0, 16.31, 0.06, 
6, 11, eco1, 1, 140433, 2.6, 1.5, 1.38, 22.27, 19.43, 20.89, 0.06, 0, 12.82, 1, 
6, 12, eco1, 1, 140433, 7.8, -7.8, 0.41, 12.67, 10.99, 12.26, 0.06, 0, 11.68, 1, 
6, 1, eco1, 1, 140433, 5.4, -13.4, 0.19, 9.07, 7.84, 8.88, 0.06, 0, 11.07, 1, 
6, 2, eco1, 1, 140433, 3.6, -5.7, 0.51, 14.48, 12.52, 13.97, 0.06, 0, 10.59, 1, 
6, 3, eco1, 1, 140433, 5.3, -1.7, 0.98, 18.4, 15.96, 17.43, 0.06, 0, 13.25, 1, 
6, 4, eco1, 1, 140433, 5.4, 2.8, 3.58, 6.61, 4.09, 3.03, 0.06, 0, 19.25, 0.01, 
6, 5, eco1, 1, 140433, 10.9, 6.3, 6.41, 8.14, 5.68, 1.73, 0.06, 0.01, 26.27, 0.01, 
6, 6, eco1, 1, 140433, 4.9, 12.9, 33.66, 25.8, 28.91, -7.86, 0.06, 0.02, 17.66, 0.52, 
7, 7, eco1, 1, 140433, 3.5, 16.7, 64.65, 42.72, 51.88, -21.93, 0.06, 0, 12.24, 0.8, 
7, 8, eco1, 1, 140433, 4.6, 17.3, 79.61, 44.24, 57.38, -35.38, 0.06, 0, 11.72, 0.79, 
7, 9, eco1, 1, 140433, 7.7, 14.8, 60.89, 34.14, 42.78, -26.75, 0.06, 0, 12.96, 0.64, 
7, 10, eco1, 1, 140433, 12.5, 7.9, 20.35, 10.11, 10.96, -10.24, 0.06, 0, 17.81, 0.03, 
7, 11, eco1, 1, 140433, 9, -0.4, 1.23, 20.74, 17.94, 19.51, 0.06, 0, 15.01, 1, 
7, 12, eco1, 1, 140433, 5.5, -5.7, 0.62, 15.06, 12.97, 14.44, 0.06, 0, 13.68, 1, 
7, 1, eco1, 1, 140433, 6.5, -10.8, 0.31, 11.08, 9.51, 10.77, 0.06, 0, 12.66, 1, 
7, 2, eco1, 1, 140433, 3.4, -5.5, 0.58, 15.25, 13.1, 14.67, 0.06, 0, 11.87, 1, 
7, 3, eco1, 1, 140433, 1.6, -4.1, 0.74, 16.56, 14.23, 15.82, 0.06, 0, 12.92, 1, 
7, 4, eco1, 1, 140433, 2.8, 5.3, 5.28, 8.42, 5.45, 3.15, 0.06, 0, 21.96, 0.01, 
7, 5, eco1, 1, 140433, 9.2, 7.3, 10.26, 9.41, 7.5, -0.85, 0.06, 0, 23.07, 0.02, 
7, 6, eco1, 1, 140433, 11.1, 13.8, 34.75, 26.57, 28.73, -8.19, 0.06, 0.03, 18.87, 0.46, 
8, 7, eco1, 1, 140433, 6.2, 18.5, 69.9, 49.06, 57.97, -20.84, 0.06, 0, 13.01, 0.78, 
8, 8, eco1, 1, 140433, 3.3, 17.6, 55.52, 47.73, 54.15, -7.8, 0.06, 0, 10.64, 0.82, 
8, 9, eco1, 1, 140433, 5.8, 11.9, 40.48, 28.69, 33.8, -11.8, 0.06, 0, 12.28, 0.62, 
8, 10, eco1, 1, 140433, 4.9, 4.8, 17.2, 9.05, 9.81, -8.15, 0.06, 0, 13.05, 0.07, 
8, 11, eco1, 1, 140433, 3.3, 1.1, 1.34, 23.02, 19.93, 21.68, 0.06, 0, 11.72, 1, 
8, 12, eco1, 1, 140433, 5.7, -3, 0.8, 17.9, 15.46, 17.1, 0.06, 0, 11.42, 1, 
8, 1, eco1, 1, 140433, 3.1, -3.5, 0.75, 17.34, 14.97, 16.59, 0.06, 0, 11.3, 1, 
8, 2, eco1, 1, 140433, 3.6, -8.7, 0.36, 12.68, 10.9, 12.32, 0.06, 0, 10.73, 1, 
8, 3, eco1, 1, 140433, 4.3, -1.1, 1.11, 20.06, 17.32, 18.95, 0.06, 0, 13.26, 1, 
8, 4, eco1, 1, 140433, 2.8, 6.1, 6.44, 9.01, 6.21, 2.57, 0.06, 0, 19.79, 0.01, 
8, 5, eco1, 1, 140433, 11.1, 9.8, 17.23, 13.11, 12.51, -4.12, 0.06, 0.01, 21.53, 0.11, 
8, 6, eco1, 1, 140433, 5.2, 13.4, 33.66, 31.13, 33.31, -2.54, 0.06, 0.01, 14.04, 0.62, 
9, 7, eco1, 1, 140433, 3, 17.1, 30.31, 46.56, 46.24, 16.25, 0.06, 0, 10.3, 0.82, 
9, 8, eco1, 1, 140433, 3.9, 16.7, 82.86, 45.18, 59.36, -37.68, 0.06, 0, 10.87, 0.81, 
9, 9, eco1, 1, 140433, 15.5, 13.1, 24.65, 21.31, 21.09, -3.33, 0.06, 0.02, 18.17, 0.29, 
9, 10, eco1, 1, 140433, 16.8, 8.4, 16.6, 10.34, 10.17, -6.26, 0.06, 0, 22.79, 0.01, 
9, 11, eco1, 1, 140433, 2.1, -1.8, 1.11, 19.27, 16.83, 18.16, 0.06, 0, 16.31, 1, 
9, 12, eco1, 1, 140433, 6.7, -7.5, 0.53, 13.67, 11.88, 13.14, 0.06, 0, 14.72, 1, 
9, 1, eco1, 1, 140433, 3.4, -7.5, 0.5, 13.67, 11.86, 13.17, 0.06, 0, 13.51, 1, 
9, 2, eco1, 1, 140433, 2.2, -11.2, 0.3, 10.95, 9.47, 10.65, 0.06, 0, 12.58, 1, 
9, 3, eco1, 1, 140433, 4.7, -1.2, 1.15, 19.92, 17.31, 18.77, 0.06, 0, 14.91, 1, 
9, 4, eco1, 1, 140433, 5.5, 2.9, 3.85, 7.41, 4.75, 3.56, 0.06, 0, 19.94, 0.01, 
9, 5, eco1, 1, 140433, 4.8, 9.9, 14.06, 14.04, 12.55, -0.02, 0.06, 0.01, 21.47, 0.15, 
9, 6, eco1, 1, 140433, 6.9, 13.4, 37.24, 30.29, 33.76, -6.94, 0.06, 0.01, 14.97, 0.6, 
10, 7, eco1, 1, 140433, 6.7, 16, 72.76, 42.28, 53.89, -30.48, 0.06, 0, 12.75, 0.78, 
10, 8, eco1, 1, 140433, 3.8, 16.8, 82.15, 45.69, 59.52, -36.46, 0.06, 0, 11.22, 0.8, 
10, 9, eco1, 1, 140433, 8.8, 12.6, 41.41, 29.09, 33.62, -12.32, 0.06, 0.01, 13.58, 0.56, 
10, 10, eco1, 1, 140433, 4.5, 6.7, 26.27, 16.98, 19.58, -9.29, 0.06, 0, 12.37, 0.39, 
10, 11, eco1, 1, 140433, 6.3, -0.7, 1.09, 21.28, 18.28, 20.19, 0.06, 0, 11.34, 1, 
10, 12, eco1, 1, 140433, 7.3, -10.9, 0.28, 11.48, 9.81, 11.21, 0.06, 0, 10.77, 1, 
10, 1, eco1, 1, 140433, 4.1, -8.8, 0.35, 13.03, 11.12, 12.68, 0.06, 0, 10.33, 1, 
10, 2, eco1, 1, 140433, 2.1, -10.1, 0.29, 12.03, 10.25, 11.74, 0.06, 0, 9.97, 1, 
10, 3, eco1, 1, 140433, 2.7, -5.5, 0.52, 15.88, 13.53, 15.36, 0.06, 0, 9.69, 1, 
10, 4, eco1, 1, 140433, 7.7, 3.3, 4.18, 8.29, 5.2, 4.12, 0.06, 0, 18.38, 0.01, 
10, 5, eco1, 1, 140433, 7, 6.5, 7.47, 10.02, 7.07, 2.55, 0.06, 0, 24.51, 0.01, 
10, 6, eco1, 1, 140433, 10.9, 12.9, 28.03, 23.74, 24.33, -4.29, 0.06, 0.03, 21.12, 0.36, 
11, 7, eco1, 1, 140433, 5.7, 13.5, 32.91, 34.17, 35.78, 1.26, 0.06, 0, 13.81, 0.69, 
11, 8, eco1, 1, 140433, 9.7, 15.3, 66.16, 37.63, 47.39, -28.53, 0.06, 0.01, 14.05, 0.68, 
11, 9, eco1, 1, 140433, 3.5, 15, 69.97, 41.89, 52.57, -28.08, 0.06, 0, 11.28, 0.78, 
11, 10, eco1, 1, 140433, 9.2, 4.3, 12.16, 8.97, 8.06, -3.19, 0.06, 0, 16.34, 0.01, 
11, 11, eco1, 1, 140433, 3.4, 3.4, 1.91, 8.52, 4.77, 6.61, 0.06, 0, 13.56, 0.02, 
11, 12, eco1, 1, 140433, 6.7, -8.2, 0.44, 13.61, 11.68, 13.18, 0.06, 0, 11.9, 1, 
11, 1, eco1, 1, 140433, 4.3, -13.4, 0.21, 9.93, 8.48, 9.72, 0.06, 0, 11.25, 1, 
11, 2, eco1, 1, 140433, 4.2, -9.2, 0.35, 12.76, 10.89, 12.41, 0.06, 0, 10.74, 1, 
11, 3, eco1, 1, 140433, 4.3, -4.5, 0.69, 16.99, 14.53, 16.3, 0.06, 0, 11.38, 1, 
11, 4, eco1, 1, 140433, 7.8, 2.1, 3.56, 7.81, 4.85, 4.26, 0.06, 0, 17.35, 0.01, 
11, 5, eco1, 1, 140433, 4.5, 6.5, 7.06, 10.12, 7.07, 3.05, 0.06, 0, 23.26, 0.02, 
11, 6, eco1, 1, 140433, 6.2, 11, 23.56, 23.32, 23.71, -0.24, 0.06, 0.02, 17.96, 0.43, 
12, 7, eco1, 1, 140433, 5.2, 18.2, 76.63, 50.71, 60.52, -25.92, 0.06, 0, 12.45, 0.78, 
12, 8, eco1, 1, 140433, 4.9, 18.7, 98.29, 53.47, 69.95, -44.83, 0.06, 0, 11.37, 0.81, 
12, 9, eco1, 1, 140433, 10.7, 10.5, 26.39, 20.94, 21.96, -5.45, 0.06, 0.01, 15.45, 0.34, 
12, 10, eco1, 1, 140433, 4.1, 7.4, 28.86, 17.04, 20, -11.82, 0.06, 0, 13.13, 0.33, 
12, 11, eco1, 1, 140433, 7.6, 0.3, 1.34, 22.96, 19.72, 21.62, 0.06, 0, 12.57, 1, 
12, 12, eco1, 1, 140433, 3.3, -7.8, 0.46, 14.06, 12.01, 13.6, 0.06, 0, 11.7, 1, 
12, 1, eco1, 1, 140433, 2.2, -8.4, 0.41, 13.52, 11.53, 13.11, 0.06, 0, 11.07, 1, 
12, 2, eco1, 1, 140433, 0.9, -6.7, 0.49, 14.94, 12.73, 14.45, 0.06, 0, 10.59, 1, 
12, 3, eco1, 1, 140433, 1, 2.1, 1.72, 8.03, 4.44, 6.32, 0.06, 0, 14.18, 0.01, 
12, 4, eco1, 1, 140433, 2.9, 6.3, 8.3, 10.98, 8.21, 2.68, 0.06, 0, 15.89, 0.06, 
12, 5, eco1, 1, 140433, 3.6, 10.3, 30.05, 27.31, 29.76, -2.74, 0.06, 0, 12.28, 0.62, 
12, 6, eco1, 1, 140433, 9.3, 12.4, 40.64, 30.21, 34.57, -10.43, 0.06, 0.01, 13.62, 0.6, 
13, 7, eco1, 1, 140433, 7.1, 18.1, 96.1, 50.82, 66.13, -45.28, 0.06, 0, 11.96, 0.78, 
13, 8, eco1, 1, 140433, 5, 18.8, 99.55, 54.14, 70.46, -45.4, 0.06, 0, 10.94, 0.81, 
13, 9, eco1, 1, 140433, 6.5, 14.2, 62.71, 37.22, 45.24, -25.49, 0.06, 0, 12.03, 0.64, 
13, 10, eco1, 1, 140433, 5.4, 9.2, 38.73, 22.72, 27.33, -16.01, 0.06, 0, 12.13, 0.44, 
13, 11, eco1, 1, 140433, 3.6, 2, 1.47, 26.11, 22.1, 24.63, 0.06, 0, 10.54, 1, 
13, 12, eco1, 1, 140433, 4.1, -4.4, 0.65, 17.72, 14.95, 17.07, 0.06, 0, 9.99, 1, 
13, 1, eco1, 1, 140433, 4.8, -6.9, 0.45, 15.14, 12.75, 14.69, 0.06, 0, 9.65, 1, 
13, 2, eco1, 1, 140433, 1.9, -4.5, 0.61, 17.49, 14.73, 16.88, 0.06, 0, 9.38, 1, 
13, 3, eco1, 1, 140433, 2.6, -0.3, 1.23, 22.42, 18.98, 21.19, 0.06, 0, 11.46, 1, 
13, 4, eco1, 1, 140433, 8.7, 4.3, 4.75, 9.85, 6.25, 5.1, 0.06, 0, 20.7, 0.01, 
13, 5, eco1, 1, 140433, 7.4, 8.2, 12.19, 13.29, 10.73, 1.1, 0.06, 0, 20.21, 0.07, 
13, 6, eco1, 1, 140433, 9.3, 11.9, 28.55, 26.51, 27.39, -2.03, 0.06, 0.02, 16.72, 0.46, 
14, 7, eco1, 1, 140433, 9.5, 20.1, 88.11, 56.02, 67, -32.09, 0.06, 0.02, 13.76, 0.74, 
14, 8, eco1, 1, 140433, 5.7, 19.8, 93.74, 58.2, 72.18, -35.55, 0.06, 0, 11.3, 0.82, 
14, 9, eco1, 1, 140433, 5.3, 15.4, 75.73, 41.76, 52.7, -33.97, 0.06, 0, 11.76, 0.7, 
14, 10, eco1, 1, 140433, 9, 7.3, 24.39, 12.65, 13.91, -11.73, 0.06, 0, 15.19, 0.05, 
14, 11, eco1, 1, 140433, 5, 0.9, 1.52, 24.41, 20.78, 22.89, 0.06, 0, 12.98, 1, 
14, 12, eco1, 1, 140433, 3.6, -2.9, 0.94, 19.3, 16.4, 18.35, 0.06, 0, 12.45, 1, 
14, 1, eco1, 1, 140433, 4.6, -4.1, 0.8, 17.86, 15.16, 17.06, 0.06, 0, 12.18, 1, 
14, 2, eco1, 1, 140433, 2.7, -0.8, 1.26, 21.74, 18.5, 20.49, 0.06, 0, 13.33, 1, 
14, 3, eco1, 1, 140433, 5, 6.1, 2.6, 11.09, 6.34, 8.49, 0.06, 0, 19.57, 0.01, 
14, 4, eco1, 1, 140433, 5.1, 5.8, 6.77, 10.68, 7.47, 3.91, 0.06, 0, 18.3, 0.01, 
14, 5, eco1, 1, 140433, 10.3, 9.7, 19.89, 17.21, 16.71, -2.68, 0.06, 0.01, 18.85, 0.2, 
14, 6, eco1, 1, 140433, 8.9, 14.8, 51.73, 34.96, 39.88, -16.77, 0.06, 0.02, 15.38, 0.57, 
15, 7, eco1, 1, 140433, 12.2, 16.4, 71.49, 41.28, 51.27, -30.21, 0.06, 0.02, 14.71, 0.67, 
15, 8, eco1, 1, 140433, 4.9, 17.5, 90.29, 49.9, 64.68, -40.38, 0.06, 0, 11.58, 0.81, 
15, 9, eco1, 1, 140433, 6.6, 14.7, 66.24, 38.21, 47.09, -28.03, 0.06, 0, 12.73, 0.64, 
15, 10, eco1, 1, 140433, 8.5, 8.6, 32.2, 18.22, 21.29, -13.98, 0.06, 0, 14.51, 0.26, 
15, 11, eco1, 1, 140433, 5.4, 0.7, 1.44, 24.18, 20.58, 22.74, 0.06, 0, 12.28, 1, 
15, 12, eco1, 1, 140433, 7.8, -8.3, 0.44, 14.03, 11.88, 13.59, 0.06, 0, 11.39, 1, 
15, 1, eco1, 1, 140433, 5.6, -5.7, 0.6, 16.4, 13.87, 15.8, 0.06, 0, 10.83, 1, 
15, 2, eco1, 1, 140433, 3.5, -6.1, 0.55, 15.98, 13.5, 15.43, 0.06, 0, 10.38, 1, 
15, 3, eco1, 1, 140433, 4.4, -1.6, 1.12, 20.82, 17.66, 19.7, 0.06, 0, 12.68, 1, 
15, 4, eco1, 1, 140433, 10, 2.9, 3.83, 9.32, 5.86, 5.49, 0.06, 0, 20.34, 0.01, 
15, 5, eco1, 1, 140433, 9.1, 7.4, 7.88, 12.19, 8.59, 4.3, 0.06, 0.01, 27.74, 0.01, 
15, 6, eco1, 1, 140433, 7.4, 13.3, 37.48, 29.23, 31.45, -8.24, 0.06, 0.03, 19.45, 0.46, 
16, 7, eco1, 1, 140433, 8.7, 14.7, 50.36, 38.12, 42.97, -12.23, 0.06, 0.01, 14.95, 0.68, 
16, 8, eco1, 1, 140433, 9.8, 16, 73.54, 41.31, 52.01, -32.24, 0.06, 0.01, 14.32, 0.69, 
16, 9, eco1, 1, 140433, 6, 12, 44.54, 32.99, 38.14, -11.56, 0.06, 0, 12.82, 0.67, 
16, 10, eco1, 1, 140433, 6.9, 5.8, 20.04, 12.71, 13.3, -7.33, 0.06, 0, 14.78, 0.12, 
16, 11, eco1, 1, 140433, 6.5, -4.7, 0.72, 17.36, 14.77, 16.63, 0.06, 0, 11.87, 1, 
16, 12, eco1, 1, 140433, 6.4, -5.5, 0.63, 16.52, 14.03, 15.89, 0.06, 0, 11.24, 1, 
16, 1, eco1, 1, 140433, 5, -15.3, 0.17, 9.14, 7.72, 8.97, 0.06, 0, 10.74, 1, 
16, 2, eco1, 1, 140433, 4.1, -14, 0.2, 9.9, 8.34, 9.7, 0.06, 0, 10.34, 1, 
16, 3, eco1, 1, 140433, 3.8, -8.3, 0.39, 13.92, 11.73, 13.53, 0.06, 0, 10.03, 1, 
16, 4, eco1, 1, 140433, 8.6, 0.5, 2.74, 23.74, 20.51, 21, 0.06, 0.01, 17.16, 1, 
16, 5, eco1, 1, 140433, 8, 8, 7.49, 12.84, 8.79, 5.35, 0.06, 0.01, 29.16, 0.01, 
16, 6, eco1, 1, 140433, 9.5, 11.8, 25.5, 23.75, 23.64, -1.75, 0.06, 0.03, 21.76, 0.34, 
17, 7, eco1, 1, 140433, 6.1, 16.4, 57.58, 43.6, 48.59, -13.97, 0.06, 0.01, 14.19, 0.71, 
17, 8, eco1, 1, 140433, 7.9, 16.9, 85.52, 46.37, 59.85, -39.14, 0.06, 0, 13.38, 0.76, 
17, 9, eco1, 1, 140433, 4.6, 15.8, 81.71, 44.21, 56.7, -37.5, 0.06, 0, 12.1, 0.74, 
17, 10, eco1, 1, 140433, 7.7, 7.4, 27.09, 15.53, 17.57, -11.56, 0.06, 0, 14.57, 0.18, 
17, 11, eco1, 1, 140433, 7.6, 2.9, 1.95, 9.56, 5.53, 7.61, 0.06, 0, 13.49, 0.01, 
17, 12, eco1, 1, 140433, 11.2, -1.4, 1.2, 21.18, 18.06, 19.97, 0.06, 0, 13.33, 1, 
17, 1, eco1, 1, 140433, 2.7, -9.8, 0.4, 12.72, 10.78, 12.32, 0.06, 0, 12.35, 1, 
17, 2, eco1, 1, 140433, 2.6, -14.8, 0.2, 9.41, 7.94, 9.21, 0.06, 0, 11.59, 1, 
17, 3, eco1, 1, 140433, 2, -2.9, 1, 19.27, 16.35, 18.28, 0.06, 0, 13.21, 1, 
17, 4, eco1, 1, 140433, 5.1, 3.2, 4.23, 9.67, 6.23, 5.45, 0.06, 0, 19, 0.01, 
17, 5, eco1, 1, 140433, 9.7, 8.2, 9.74, 12.95, 9.65, 3.21, 0.06, 0, 25, 0.02, 
17, 6, eco1, 1, 140433, 6.2, 11.2, 26.78, 26.26, 26.97, -0.52, 0.06, 0.02, 16.38, 0.48, 
18, 7, eco1, 1, 140433, 8.7, 17.8, 84.46, 48.64, 60.13, -35.82, 0.06, 0.01, 13.78, 0.73, 
18, 8, eco1, 1, 140433, 6.8, 18.6, 100.47, 53.46, 69.9, -47.01, 0.06, 0, 12.29, 0.79, 
18, 9, eco1, 1, 140433, 12.7, 15.1, 59.36, 34.25, 40.64, -25.1, 0.06, 0.02, 15.86, 0.48, 
18, 10, eco1, 1, 140433, 5.4, 8, 34, 20.46, 24.25, -13.54, 0.06, 0, 13.23, 0.39, 
18, 11, eco1, 1, 140433, 10.2, 3.2, 2.06, 9.88, 5.75, 7.83, 0.06, 0, 13.98, 0.01, 
18, 12, eco1, 1, 140433, 10.3, -6.6, 0.61, 15.6, 13.24, 14.99, 0.06, 0, 12.39, 1, 
18, 1, eco1, 1, 140433, 6.3, -7.5, 0.52, 14.77, 12.51, 14.25, 0.06, 0, 11.64, 1, 
18, 2, eco1, 1, 140433, 6.5, -7.2, 0.52, 15.04, 12.72, 14.52, 0.06, 0, 11.05, 1, 
18, 3, eco1, 1, 140433, 4.7, -0.4, 1.48, 22.59, 19.22, 21.11, 0.06, 0.01, 16.75, 1, 
18, 4, eco1, 1, 140433, 4.9, 2.4, 3.54, 9.3, 5.86, 5.75, 0.06, 0.01, 22.03, 0.01, 
18, 5, eco1, 1, 140433, 6.5, 9.5, 10.61, 14.21, 10.62, 3.61, 0.06, 0, 27.25, 0.02, 
18, 6, eco1, 1, 140433, 13.2, 13.5, 33.82, 26.12, 27.2, -7.7, 0.06, 0.03, 22, 0.33, 
19, 7, eco1, 1, 140433, 5.7, 16.6, 58.34, 44.82, 50.41, -13.52, 0.06, 0.01, 13.95, 0.72, 
19, 8, eco1, 1, 140433, 10.2, 16.4, 83.07, 42.65, 55.99, -40.42, 0.06, 0.01, 14.23, 0.7, 
19, 9, eco1, 1, 140433, 15.2, 14.5, 46.93, 30.76, 34.56, -16.17, 0.06, 0.03, 18.12, 0.42, 
19, 10, eco1, 1, 140433, 13.7, 7.8, 19.39, 12.8, 12.79, -6.59, 0.06, 0, 20.58, 0.02, 
19, 11, eco1, 1, 140433, 4.5, -1.5, 1.31, 21.04, 18.13, 19.74, 0.06, 0, 15.86, 1, 
19, 12, eco1, 1, 140433, 7.7, -9.1, 0.49, 13.29, 11.38, 12.8, 0.06, 0, 14.45, 1, 
19, 1, eco1, 1, 140433, 5.5, -6.4, 0.65, 15.6, 13.35, 14.95, 0.06, 0, 13.37, 1, 
19, 2, eco1, 1, 140433, 6.4, -5.2, 0.74, 16.81, 14.37, 16.07, 0.06, 0, 12.52, 1, 
19, 3, eco1, 1, 140433, 2.5, -2.8, 1.07, 19.27, 16.5, 18.2, 0.06, 0, 14.3, 1, 
19, 4, eco1, 1, 140433, 10.5, 4, 4.51, 9.97, 6.62, 5.46, 0.06, 0.01, 23.31, 0.01, 
19, 5, eco1, 1, 140433, 9.7, 7.9, 9.24, 12.56, 9.48, 3.33, 0.06, 0.01, 28.39, 0.01, 
19, 6, eco1, 1, 140433, 12.1, 13.3, 32.41, 26.19, 27.38, -6.21, 0.06, 0.03, 22.48, 0.36, 
20, 7, eco1, 1, 140433, 8.1, 16.6, 58.6, 42.6, 48.62, -15.99, 0.06, 0.02, 15.4, 0.68, 
20, 8, eco1, 1, 140433, 8.2, 16.7, 89.2, 45.59, 60.79, -43.61, 0.06, 0, 13.74, 0.76, 
20, 9, eco1, 1, 140433, 12.3, 13.2, 43.32, 29.1, 33.27, -14.22, 0.06, 0.02, 16.72, 0.45, 
20, 10, eco1, 1, 140433, 12.6, 4.7, 11.43, 10.41, 9.06, -1.01, 0.06, 0, 19.87, 0.01, 
20, 11, eco1, 1, 140433, 7.1, -3.1, 1.09, 19, 16.38, 17.91, 0.06, 0, 15.82, 1, 
20, 12, eco1, 1, 140433, 5.5, -4.8, 0.85, 17.13, 14.72, 16.27, 0.06, 0, 14.41, 1, 
20, 1, eco1, 1, 140433, 3.6, -9.1, 0.47, 13.19, 11.29, 12.72, 0.06, 0, 13.32, 1, 
20, 2, eco1, 1, 140433, 5.5, -9.9, 0.41, 12.56, 10.72, 12.15, 0.06, 0, 12.46, 1, 
20, 3, eco1, 1, 140433, 0.9, -3.4, 1, 18.65, 15.96, 17.64, 0.06, 0, 13.83, 1, 
20, 4, eco1, 1, 140433, 3.9, 0.4, 2.76, 23.3, 20.34, 20.54, 0.06, 0.01, 17.97, 1, 
20, 5, eco1, 1, 140433, 4.9, 8.9, 9.61, 13.53, 10.12, 3.92, 0.06, 0.01, 24.97, 0.02, 
20, 6, eco1, 1, 140433, 9.2, 12.6, 32.8, 28.42, 30.22, -4.38, 0.06, 0.03, 17.75, 0.48, 
21, 7, eco1, 1, 140433, 9.9, 17.1, 78.5, 45.23, 56.2, -33.28, 0.06, 0.01, 14.55, 0.71, 
21, 8, eco1, 1, 140433, 7.6, 16.5, 89.79, 45.14, 60.42, -44.65, 0.06, 0, 12.93, 0.76, 
21, 9, eco1, 1, 140433, 11.3, 13.2, 48.81, 30.58, 36.03, -18.23, 0.06, 0.02, 15.37, 0.49, 
21, 10, eco1, 1, 140433, 7.8, 6.1, 21.99, 13.51, 14.6, -8.48, 0.06, 0, 15.19, 0.14, 
21, 11, eco1, 1, 140433, 6.7, -2.3, 1.11, 20.13, 17.2, 19.02, 0.06, 0, 12.68, 1, 
21, 12, eco1, 1, 140433, 10.4, -6.1, 0.65, 15.92, 13.55, 15.27, 0.06, 0, 11.9, 1, 
21, 1, eco1, 1, 140433, 5.3, -11.2, 0.33, 11.72, 9.94, 11.4, 0.06, 0, 11.29, 1, 
21, 2, eco1, 1, 140433, 8.7, -10.4, 0.35, 12.35, 10.44, 12, 0.06, 0, 10.8, 1, 
21, 3, eco1, 1, 140433, 4.5, -3.6, 0.96, 18.5, 15.7, 17.54, 0.06, 0, 12.89, 1, 
21, 4, eco1, 1, 140433, 9.7, 2.7, 3.76, 9.5, 6.06, 5.74, 0.06, 0.01, 22.72, 0.01, 
21, 5, eco1, 1, 140433, 7.4, 6.9, 7.04, 12.17, 8.49, 5.13, 0.06, 0.01, 29.36, 0.01, 
21, 6, eco1, 1, 140433, 6.1, 12.1, 26.26, 25.01, 25.04, -1.24, 0.06, 0.03, 21.57, 0.37, 
