<metadata><idinfo><citation><citeinfo><origin>USGS, Center for Biological Informatics</origin><pubdate>20030714</pubdate><title>Isle Royale National Park Vegetation Inventory Project - Park Boundary</title><geoform>vector digital data</geoform><onlink>http://science.nature.nps.gov/im/inventory/veg/products.cfm</onlink><onlink>http://dx.doi.org/10.5066/F7Z60M0T</onlink></citeinfo></citation><descript><abstract>Isle Royale National Park boundary. Derived from a dataset containing 342 National Park System unit boundaries. Under the jurisdiction of the National Park Service (NPS), these park units are located throughout the United States (U.S.) and its territories.  Almost all the parks are located north of the equator in the western hemisphere; although a couple parks are south of the equator or in the eastern hemisphere.  The dataset was compiled (and edited) from a variety sources: park-based GIS databases; U.S. Geological Survey 7.5' 1:24,000 quadrangles; NPS Park Land Status Maps; legal descriptions; etc.).  The boundaries are in Latitude-Longitude (Clarke 1866-NAD27) decimal degrees.  The ID_ field contains the unique 4 character park code identifying each park.  The NAME1_ field contains the full park name.  The NAME2_ field contains information about the source, scale, and date of the boundary.  The boundaries are generally the designated boundary.  Inholdings may or may not be shown depending on the park. This dataset was originally created in Environmental System's Research Institute's (ESRI) ATLAS*GIS software and is currently maintained in this software.  This version of the dataset was created using ESRI's ArcTools 8.0.2 Import to ShapeFile from .AGF file command, ShapeFile to Coverage command, and then Export to Interchange File.  To obtain the most accurate, current boundary, users should contact the specific park.</abstract><purpose>These digital park unit boundary should not be used for any legal boundary disputes. It is intended solely for use only in identifying the general location ofIsle Royale National Park.  This dataset was compiled to assist the USGS-NPS Vegetation Mapping Program in determining the proximity of vegetation features to Isle Royale National Park.</purpose></descript><timeperd><timeinfo><sngdate><caldate>20010503</caldate></sngdate></timeinfo><current>publication date of original dataset</current></timeperd><status><progress>Complete</progress><update>Irregular</update></status><spdom><descgeog>Isle Royale National Park, Michigan</descgeog><bounding><westbc>-89.433920</westbc><eastbc>-88.164282</eastbc><northbc>48.302186</northbc><southbc>47.751642</southbc></bounding></spdom><keywords><theme><themekt>None</themekt><themekey>National Park Boundaries</themekey><themekey>Federal Lands</themekey><themekey>Boundaries</themekey><themekey>National Park Service</themekey><themekey>National Parks</themekey><themekey>Preserved Areas</themekey></theme><place><placekt>None</placekt><placekey>National Park System</placekey><placekey>U.S., US, U.S.A., USA, United States, United States of America</placekey><placekey>Isle Royale National Park</placekey><placekey>Michigan</placekey></place></keywords><accconst>None</accconst><useconst>Those using the spatial database should understand the data and determine for themselves the fitness of the data prior to use. 2) Mention of trade names or commercial products in this metadata report does not constitute endorsement or recommendation for use by the U.S. Department of the Interior, National Park Service.</useconst><ptcontac><cntinfo><cntorgp><cntorg>National Park Service/Inventory and Monitoring Division/Vegetation Inventory Program</cntorg><cntper>Vegetation Inventory Program Manager</cntper></cntorgp><cntaddr><addrtype>mailing and physical address</addrtype><address>NPS Vegetation Inventory Program</address><address>Inventory and Monitoring Division</address><address>1201 Oakridge Drive Ste. 150</address><city>Fort Collins</city><state>Colorado</state><postal>80525</postal></cntaddr><cntvoice>(970) 267-7201</cntvoice><cntemail>irma@nps.gov</cntemail></cntinfo></ptcontac><native>The Dataset was created, edited, and/or compiled in Environmental System's Research Institute's ArcGIS software running on a personal computer.  The original source boundaries may have been digitized within a variety of GIS and CAD systems.</native><crossref><citeinfo><origin>National Park Service, Water Resources Division</origin><pubdate>20010503</pubdate><title>National Park System Boundary Dataset</title><geoform>vector digital data</geoform></citeinfo></crossref></idinfo><dataqual><attracc><attraccr>Attribute accuracy was tested by manual comparison of the source with hard copy printouts.  Attributes were further verified by visual inspection.</attraccr></attracc><logic>Tests for logical consistency are performed by digitizing software (ArcGIS).  Each park unit is comprised of one or more polygons.</logic><complete>Dataset contains boundaries for only 1 of 375 park units.  Park boundaries are generally the legislative boundary only.  No attempt has been made to include or exclude inholdings within the designated boundary.</complete><posacc><horizpa><horizpar>Horizontal accuracy varies depending on the source of each boundary included in the National Park System Boundary Dataset.  The source of the Isle Royale National Park Boundary was: "RMRO Land Div. 1:6,000 1973 Land Status Map".</horizpar></horizpa></posacc><lineage><srcinfo><srccite><citeinfo><origin>National Park Service, Water Resources Division</origin><pubdate>20010503</pubdate><title>National Park System Boundary Dataset</title><geoform>vector digital data</geoform></citeinfo></srccite><typesrc>electronic file</typesrc><srctime><timeinfo><sngdate><caldate>20010503</caldate></sngdate></timeinfo><srccurr>publication date</srccurr></srctime><srccitea>NPSBoundaries downloaded February 7, 2002.</srccitea><srccontr>Source of ISRO boundary - This dataset contained 342 National Park System unit boundaries.  Under the jurisdiction of the National Park Service (NPS), these park units are located throughout the United States (U.S.) and its territories.  Almost all the parks are located north of the equator in the western hemisphere; although a couple parks are south of the equator or in the eastern hemisphere.  The dataset was compiled (and edited) from a variety sources: park-based GIS databases; U.S. Geological Survey 7.5' 1:24,000 quadrangles; NPS Park Land Status Maps; legal descriptions; etc.).  The boundaries are in Latitude-Longitude (Clarke 1866-NAD27) decimal degrees.  The ID_ field contains the unique 4 character park code identifying each park.  The NAME1_ field contains the full park name.  The NAME2_ field contains information about the source, scale, and date of the boundary.  The boundaries are generally the designated boundary.  Inholdings may or may not be shown depending on the park.  This dataset was originally created in Environmental System's Research Institute's (ESRI) ATLAS*GIS software and is currently maintained in this software.  This version of the dataset was created using ESRI's ArcTools 8.0.2 Import to ShapeFile from .AGF file command, ShapeFile to Coverage command, and then Export to Interchange File.  To obtain the most accurate, current boundary, users should contact the specific park.  These digital park unit boundaries should not be used for any legal boundary disputes.  They are intended solely for use only in identifying the general locations of national park units throughout the U.S.  This dataset was compiled to assist the NPS Water Resources Division in determining the proximity of certain hydrographic features to national park units and whether national park units are contained in other management units.</srccontr></srcinfo><procstep><procdesc>The ISRO boundary was extracted using the query, "ID_ = ISRO'".  This park boundary was then projected into GCS_North_American_1983 with Datum: D_North_American_1983.  Then projected into utm to match the ISRO vegetation dataset.</procdesc><procdate>20020207</procdate></procstep></lineage></dataqual><spdoinfo><direct>Vector</direct><ptvctinf><esriterm Name="isrobdy"><efeatyp Sync="TRUE">Simple</efeatyp><efeageom code="4" Sync="TRUE"></efeageom><esritopo Sync="TRUE">FALSE</esritopo><efeacnt Sync="TRUE">1</efeacnt><spindex Sync="TRUE">TRUE</spindex><linrefer Sync="TRUE">FALSE</linrefer></esriterm></ptvctinf></spdoinfo><spref><horizsys><planar><planci><plance>coordinate pair</plance><coordrep><absres>1</absres><ordres>1</ordres></coordrep><plandu>meters</plandu></planci></planar><geodetic><horizdn>North American Datum of 1983</horizdn><ellips>Geodetic Reference System 80</ellips><semiaxis>6378137.000000</semiaxis><denflat>298.257222</denflat></geodetic></horizsys></spref><eainfo><detailed Name="isrobdy"><enttyp><enttypl>isrobdy</enttypl><enttypd>Shapefile attribute table</enttypd><enttypds>USGS CBI</enttypds><enttypt Sync="TRUE">Feature Class</enttypt><enttypc Sync="TRUE">1</enttypc></enttyp><attr><attrlabl>FID</attrlabl><attrdef>Internal feature number.</attrdef><attrdefs>ESRI</attrdefs><attrdomv><udom>Sequential unique whole numbers that are automatically generated.</udom></attrdomv><attalias Sync="TRUE">FID</attalias><attrtype Sync="TRUE">OID</attrtype><attwidth Sync="TRUE">4</attwidth><atprecis Sync="TRUE">0</atprecis><attscale Sync="TRUE">0</attscale></attr><attr><attrlabl>Shape</attrlabl><attrdef>Feature geometry.</attrdef><attrdefs>ESRI.</attrdefs><attrdomv><udom>Coordinates defining the features.</udom></attrdomv><attalias Sync="TRUE">Shape</attalias><attrtype Sync="TRUE">Geometry</attrtype><attwidth Sync="TRUE">0</attwidth><atprecis Sync="TRUE">0</atprecis><attscale Sync="TRUE">0</attscale></attr><attr><attrlabl>AREA</attrlabl><attrdef>Area of feature in internal units squared.</attrdef><attrdefs>ESRI.</attrdefs><attrdomv><udom>Area is always zero for point coverages. Values are automatically generated.</udom></attrdomv><attalias Sync="TRUE">AREA</attalias><attrtype Sync="TRUE">Single</attrtype><attwidth Sync="TRUE">13</attwidth><atprecis Sync="TRUE">0</atprecis><attscale Sync="TRUE">0</attscale></attr><attr><attrlabl>PERIMETER</attrlabl><attrdef>Perimeter of feature in internal units.</attrdef><attrdefs>ESRI.</attrdefs><attrdomv><udom>Perimeter is always zero for point coverages. Values are automatically generated.</udom></attrdomv><attalias Sync="TRUE">PERIMETER</attalias><attrtype Sync="TRUE">Single</attrtype><attwidth Sync="TRUE">13</attwidth><atprecis Sync="TRUE">0</atprecis><attscale Sync="TRUE">0</attscale></attr><attr><attrlabl>PARKBDY_</attrlabl><attrdef>Internal feature number.</attrdef><attrdefs>ESRI.</attrdefs><attrdomv><udom>Sequential unique whole numbers that are automatically generated.</udom></attrdomv><attalias Sync="TRUE">PARKBDY_</attalias><attrtype Sync="TRUE">Integer</attrtype><attwidth Sync="TRUE">9</attwidth><atprecis Sync="TRUE">9</atprecis><attscale Sync="TRUE">0</attscale></attr><attr><attrlabl>PARKBDY_ID</attrlabl><attrdef>User-defined feature number.</attrdef><attrdefs>ESRI.</attrdefs><attrdomv><udom>Sequential unique whole numbers that are automatically generated.</udom></attrdomv><attalias Sync="TRUE">PARKBDY_ID</attalias><attrtype Sync="TRUE">Integer</attrtype><attwidth Sync="TRUE">9</attwidth><atprecis Sync="TRUE">9</atprecis><attscale Sync="TRUE">0</attscale></attr><attr><attrlabl>INSIDE</attrlabl><attrdef>User-defined feature number.</attrdef><attrdefs>USGS CBI</attrdefs><attrdomv><udom>Numerical.</udom></attrdomv><attalias Sync="TRUE">INSIDE</attalias><attrtype Sync="TRUE">Integer</attrtype><attwidth Sync="TRUE">9</attwidth><atprecis Sync="TRUE">9</atprecis><attscale Sync="TRUE">0</attscale></attr><attr><attrlabl>ACRES</attrlabl><attrdef>Area (unknown units)</attrdef><attrdefs>ESRI</attrdefs><attrdomv><udom>Positive real numbers that are automatically generated.</udom></attrdomv><attalias Sync="TRUE">ACRES</attalias><attrtype Sync="TRUE">Double</attrtype><attwidth Sync="TRUE">16</attwidth><atprecis Sync="TRUE">15</atprecis><attscale Sync="TRUE">4</attscale></attr></detailed></eainfo><distinfo><distrib><cntinfo><cntorgp><cntorg>National Park Service/Inventory and Monitoring Division/Vegetation Inventory Program</cntorg><cntper>Vegetation Inventory Program Manager</cntper></cntorgp><cntaddr><addrtype>mailing and physical address</addrtype><address>NPS Vegetation Inventory Program</address><address>Inventory and Monitoring Division</address><address>1201 Oakridge Drive Ste. 150</address><city>Fort Collins</city><state>Colorado</state><postal>80525</postal></cntaddr><cntvoice>(970) 267-7201</cntvoice><cntemail>irma@nps.gov</cntemail></cntinfo></distrib><resdesc>Downloadable Data</resdesc><distliab>The National Park Service shall not be held liable for improper or incorrect use of the data described and/or contained herein.  These data and related graphics (if available) are not legal documents and are not intended to be used as such.
The information contained in these data is dynamic and may change over time.  The data are not better than the original sources from which they were derived.  It is the responsibility of the data user to use the data appropriately and consistent within the limitations of geospatial data in general and these data in particular.  Any related graphics (if available) are intended to aid the data user in acquiring relevant data; it is not approriate to use the related graphics as data.
The National Park Service gives no warranty, expressed or implied, as to the accuracy, reliability, or completeness of these data.  It is strongly recommended that these data are directly acquired from a National Park Service server and not indirectly through other sources which may have changed the data in some way.  Although these data have been processed successfully on a computer system at the National Park Service, no warranty expressed or implied is made regarding the utility of the data on another system or for general or scientific purposes, nor shall the act of distribution constitute any such warranty. This disclaimer applies both to individual use of the data and aggregate use with other data. It is also strongly recommended that careful attention be paid to the contents of the metadata file associated with these data. Mention of trade names or commercial products in this metadata report does not constitute endorsement or recommendation for use by the U. S. Department of the Interior, National Park Service.</distliab><stdorder><digform><digtinfo><formname>HTML</formname></digtinfo><digtopt><onlinopt><computer><networka><networkr>http://science.nature.nps.gov/im/inventory/veg/products.cfm</networkr></networka></computer><accinstr>Internet Access</accinstr></onlinopt></digtopt></digform><fees>None</fees></stdorder></distinfo><metainfo><metd>20030714</metd><metrd>20100601</metrd><metc><cntinfo><cntorgp><cntorg>National Park Service/Inventory and Monitoring Division/Vegetation Inventory Program</cntorg><cntper>Vegetation Inventory Program Manager</cntper></cntorgp><cntaddr><addrtype>mailing and physical address</addrtype><address>NPS Vegetation Inventory Program</address><address>Inventory and Monitoring Division</address><address>1201 Oakridge Drive Ste. 150</address><city>Fort Collins</city><state>Colorado</state><postal>80525</postal></cntaddr><cntvoice>(970) 267-7201</cntvoice><cntemail>irma@nps.gov</cntemail></cntinfo></metc><metstdn>FGDC Biological Data Profile of the Content Standard for Digital Geospatial Metadata</metstdn><metstdv>FGDC-STD-001.1-1999</metstdv></metainfo><dataIdInfo><envirDesc Sync="TRUE">Microsoft Windows 7 Version 6.1 (Build 7601) Service Pack 1; Esri ArcGIS 10.2.0.3348</envirDesc><dataLang><languageCode value="eng" Sync="TRUE"></languageCode><countryCode value="USA" Sync="TRUE"></countryCode></dataLang><idCitation><resTitle Sync="TRUE">isrobdy</resTitle><presForm><PresFormCd value="005" Sync="TRUE"></PresFormCd></presForm></idCitation><spatRpType><SpatRepTypCd value="001" Sync="TRUE"></SpatRepTypCd></spatRpType><dataExt><geoEle><GeoBndBox esriExtentType="search"><exTypeCode Sync="TRUE">1</exTypeCode><westBL Sync="TRUE">-89.433920</westBL><eastBL Sync="TRUE">-88.164282</eastBL><northBL Sync="TRUE">48.302186</northBL><southBL Sync="TRUE">47.751642</southBL></GeoBndBox></geoEle></dataExt></dataIdInfo><mdLang><languageCode value="eng" Sync="TRUE"></languageCode><countryCode value="USA" Sync="TRUE"></countryCode></mdLang><Esri><DataProperties><itemProps><itemName Sync="TRUE">isrobdy</itemName><imsContentType Sync="TRUE">002</imsContentType><nativeExtBox><westBL Sync="TRUE">319439.906250</westBL><eastBL Sync="TRUE">412766.718750</eastBL><southBL Sync="TRUE">5291507.500000</southBL><northBL Sync="TRUE">5350556.500000</northBL><exTypeCode Sync="TRUE">1</exTypeCode></nativeExtBox><itemSize Sync="TRUE">0.006</itemSize><itemLocation><linkage Sync="TRUE">file://\\IGSKIGCWLTTSIN1\F$\npsveg\archivedparks\isro\ParkBoundary\isrobdy\isrobdy.shp</linkage><protocol Sync="TRUE">Local Area Network</protocol></itemLocation></itemProps><coordRef><type Sync="TRUE">Projected</type><geogcsn Sync="TRUE">GCS_North_American_1983</geogcsn><csUnits Sync="TRUE">Linear Unit: Meter (1.000000)</csUnits><projcsn Sync="TRUE">NAD_1983_UTM_Zone_16N</projcsn><peXml Sync="TRUE">&lt;ProjectedCoordinateSystem xsi:type='typens:ProjectedCoordinateSystem' xmlns:xsi='http://www.w3.org/2001/XMLSchema-instance' xmlns:xs='http://www.w3.org/2001/XMLSchema' xmlns:typens='http://www.esri.com/schemas/ArcGIS/10.1'&gt;&lt;WKT&gt;PROJCS[&amp;quot;NAD_1983_UTM_Zone_16N&amp;quot;,GEOGCS[&amp;quot;GCS_North_American_1983&amp;quot;,DATUM[&amp;quot;D_North_American_1983&amp;quot;,SPHEROID[&amp;quot;GRS_1980&amp;quot;,6378137.0,298.257222101]],PRIMEM[&amp;quot;Greenwich&amp;quot;,0.0],UNIT[&amp;quot;Degree&amp;quot;,0.0174532925199433]],PROJECTION[&amp;quot;Transverse_Mercator&amp;quot;],PARAMETER[&amp;quot;False_Easting&amp;quot;,500000.0],PARAMETER[&amp;quot;False_Northing&amp;quot;,0.0],PARAMETER[&amp;quot;Central_Meridian&amp;quot;,-87.0],PARAMETER[&amp;quot;Scale_Factor&amp;quot;,0.9996],PARAMETER[&amp;quot;Latitude_Of_Origin&amp;quot;,0.0],UNIT[&amp;quot;Meter&amp;quot;,1.0],AUTHORITY[&amp;quot;EPSG&amp;quot;,26916]]&lt;/WKT&gt;&lt;XOrigin&gt;-5120900&lt;/XOrigin&gt;&lt;YOrigin&gt;-9998100&lt;/YOrigin&gt;&lt;XYScale&gt;450445547.3910538&lt;/XYScale&gt;&lt;ZOrigin&gt;-100000&lt;/ZOrigin&gt;&lt;ZScale&gt;10000&lt;/ZScale&gt;&lt;MOrigin&gt;-100000&lt;/MOrigin&gt;&lt;MScale&gt;10000&lt;/MScale&gt;&lt;XYTolerance&gt;0.001&lt;/XYTolerance&gt;&lt;ZTolerance&gt;0.001&lt;/ZTolerance&gt;&lt;MTolerance&gt;0.001&lt;/MTolerance&gt;&lt;HighPrecision&gt;true&lt;/HighPrecision&gt;&lt;WKID&gt;26916&lt;/WKID&gt;&lt;LatestWKID&gt;26916&lt;/LatestWKID&gt;&lt;/ProjectedCoordinateSystem&gt;</peXml></coordRef></DataProperties><SyncDate>20150203</SyncDate><SyncTime>08232400</SyncTime><ModDate>20150203</ModDate><ModTime>08232400</ModTime></Esri><distInfo><distFormat><formatName Sync="TRUE">Shapefile</formatName></distFormat><distTranOps><transSize Sync="TRUE">0.006</transSize></distTranOps></distInfo><mdHrLv><ScopeCd value="005" Sync="TRUE"></ScopeCd></mdHrLv><mdHrLvName Sync="TRUE">dataset</mdHrLvName><refSysInfo><RefSystem><refSysID><identCode code="26916" Sync="TRUE"></identCode><idCodeSpace Sync="TRUE">EPSG</idCodeSpace><idVersion Sync="TRUE">8.1.1</idVersion></refSysID></RefSystem></refSysInfo><spatRepInfo><VectSpatRep><geometObjs Name="isrobdy"><geoObjTyp><GeoObjTypCd value="002" Sync="TRUE"></GeoObjTypCd></geoObjTyp><geoObjCnt Sync="TRUE">1</geoObjCnt></geometObjs><topLvl><TopoLevCd value="001" Sync="TRUE"></TopoLevCd></topLvl></VectSpatRep></spatRepInfo><mdDateSt Sync="TRUE">20150203</mdDateSt></metadata>
